Date,Open,High,Low,Close,Volume,Dividends,Stock Splits
2017-01-03,2352.260986328125,2352.260986328125,2330.14306640625,2349.85693359375,393,0,0
2017-01-04,2354.875,2354.875,2354.875,2354.875,48,0,0
2017-01-05,2354.875,2354.875,2354.875,2354.875,0,0,0
2017-01-06,2352.875,2352.875,2352.875,2352.875,16,0,0
2017-01-09,2373.68798828125,2373.68798828125,2350.635009765625,2350.635009765625,206,0,0
2017-01-10,2376.7451171875,2381.821044921875,2376.7451171875,2381.821044921875,1080,0,0
2017-01-11,2381.821044921875,2381.821044921875,2381.821044921875,2381.821044921875,0,0,0
2017-01-12,2683.75,2759.843994140625,2500.876953125,2623.929931640625,4475,0,0
2017-01-13,2899.845947265625,2899.845947265625,2899.845947265625,2899.845947265625,26,0,0
2017-01-16,2985.14990234375,2985.14990234375,2985.14990234375,2985.14990234375,20,0,0
2017-01-17,2951.75,2999.83203125,2951.75,2999.83203125,2891,0,0
2017-01-18,3026.25,3026.25,2887.75,2977.37890625,199,0,0
2017-01-19,2971.56298828125,2979.35009765625,2963.0,2979.35009765625,6160,0,0
2017-01-20,2985.324951171875,2989.739990234375,2985.324951171875,2989.739990234375,5484,0,0
2017-01-23,2990.9951171875,2999.157958984375,2990.993896484375,2999.157958984375,5742,0,0
2017-01-24,2988.81689453125,2988.8330078125,2974.823974609375,2974.823974609375,2377,0,0
2017-01-25,2996.4970703125,2998.69091796875,2996.4970703125,2997.837890625,3228,0,0
2017-01-26,3012.84912109375,3095.330078125,3012.84912109375,3095.330078125,915,0,0
2017-01-27,3038.822021484375,3038.822021484375,3038.822021484375,3038.822021484375,45,0,0
2017-01-30,3051.52490234375,3071.194091796875,3017.343017578125,3017.343017578125,2142,0,0
2017-01-31,3036.30810546875,3036.31005859375,3022.510986328125,3029.3359375,5947,0,0
2017-02-01,3075.302978515625,3085.486083984375,3054.27587890625,3085.486083984375,3179,0,0
2017-02-02,3066.81005859375,3066.81005859375,3066.0439453125,3066.0439453125,1014,0,0
2017-02-03,3071.388916015625,3089.3330078125,3071.388916015625,3089.3330078125,180,0,0
2017-02-06,3053.1650390625,3053.1650390625,3053.1650390625,3053.1650390625,133,0,0
2017-02-07,3095.0,3130.174072265625,3095.0,3130.174072265625,20195,0,0
2017-02-08,3103.8291015625,3111.177001953125,3103.820068359375,3111.177001953125,432,0,0
2017-02-09,3111.177001953125,3111.177001953125,3111.177001953125,3111.177001953125,0,0,0
2017-02-10,3172.826904296875,3172.826904296875,3172.826904296875,3172.826904296875,81,0,0
2017-02-13,3201.1201171875,3201.1201171875,3176.325927734375,3176.325927734375,5852,0,0
2017-02-14,3196.323974609375,3196.323974609375,3196.323974609375,3196.323974609375,159,0,0
2017-02-15,3194.967041015625,3194.967041015625,3194.966064453125,3194.966064453125,785,0,0
2017-02-16,3171.175048828125,3171.175048828125,3171.175048828125,3171.175048828125,63,0,0
2017-02-17,3149.674072265625,3149.674072265625,3149.674072265625,3149.674072265625,529,0,0
2017-02-20,3150.1669921875,3150.1669921875,3150.1669921875,3150.1669921875,72,0,0
2017-02-21,3116.154052734375,3116.154052734375,3116.154052734375,3116.154052734375,13,0,0
2017-02-22,3140.0,3140.0,3136.674072265625,3136.674072265625,1210,0,0
2017-02-23,3136.674072265625,3136.674072265625,3136.674072265625,3136.674072265625,0,0,0
2017-02-24,3126.699951171875,3126.699951171875,3126.699951171875,3126.699951171875,39,0,0
2017-02-27,3126.699951171875,3126.699951171875,3126.699951171875,3126.699951171875,0,0,0
2017-02-28,3137.583984375,3137.583984375,3137.583984375,3137.583984375,154,0,0
2017-03-01,3132.330078125,3140.324951171875,3132.330078125,3140.324951171875,201,0,0
2017-03-02,3145.60693359375,3145.60693359375,3140.669921875,3140.669921875,1545,0,0
2017-03-03,3140.669921875,3140.669921875,3140.669921875,3140.669921875,0,0,0
2017-03-06,3103.0,3124.89990234375,3103.0,3124.89990234375,501,0,0
2017-03-07,3110.16796875,3110.16796875,3110.16796875,3110.16796875,95,0,0
2017-03-08,3120.1669921875,3120.1669921875,3105.43701171875,3105.43701171875,564,0,0
2017-03-09,3149.825927734375,3149.825927734375,3149.825927734375,3149.825927734375,379,0,0
2017-03-10,3157.324951171875,3157.324951171875,3157.324951171875,3157.324951171875,481,0,0
2017-03-13,3282.43896484375,3329.822021484375,3282.43896484375,3282.44091796875,3355,0,0
2017-03-14,3470.875,3509.25,3414.18798828125,3414.18798828125,2760,0,0
2017-03-15,3237.75,3262.5,3208.62890625,3208.62890625,6156,0,0
2017-03-16,3176.68798828125,3212.677001953125,3166.56298828125,3176.81494140625,1052,0,0
2017-03-17,3167.25,3167.25,3164.5,3164.5,3082,0,0
2017-03-20,3074.0,3074.8330078125,3068.5,3074.8330078125,644,0,0
2017-03-21,3060.25,3060.625,3031.8310546875,3031.8310546875,534,0,0
2017-03-22,3011.2529296875,3031.66796875,3011.2529296875,3031.66796875,1307,0,0
2017-03-23,3049.590087890625,3049.590087890625,2985.8349609375,2985.8349609375,3300,0,0
2017-03-24,3023.946044921875,3023.946044921875,3013.6640625,3019.70703125,567,0,0
2017-03-27,3142.157958984375,3142.157958984375,3142.157958984375,3142.157958984375,19,0,0
2017-03-28,3135.322998046875,3135.322998046875,3135.322998046875,3135.322998046875,96,0,0
2017-03-29,3123.8291015625,3123.8291015625,3117.93408203125,3117.93408203125,664,0,0
2017-03-30,3112.75,3112.8740234375,3102.83203125,3107.9130859375,5805,0,0
2017-03-31,3120.0,3148.822998046875,3120.0,3133.077880859375,15428,0,0
2017-04-03,3127.05810546875,3129.830078125,3127.05810546875,3129.830078125,4326,0,0
2017-04-04,3100.0,3134.531005859375,3075.31494140625,3075.31494140625,1699,0,0
2017-04-05,3062.0,3062.0,2999.8359375,2999.8359375,871,0,0
2017-04-06,2978.0,3080.06298828125,2978.0,2992.8330078125,6492,0,0
2017-04-07,2988.1669921875,2988.1669921875,2988.1669921875,2988.1669921875,54,0,0
2017-04-10,3018.75,3025.133056640625,3013.8330078125,3013.8330078125,1349,0,0
2017-04-11,3018.81298828125,3018.81298828125,3006.6640625,3006.6640625,427,0,0
2017-04-12,3000.0,3035.166015625,3000.0,3035.166015625,3974,0,0
2017-04-13,3062.158935546875,3062.158935546875,3062.158935546875,3062.158935546875,44,0,0
2017-04-18,3035.75,3067.6669921875,3035.75,3067.6669921875,36,0,0
2017-04-19,3035.1640625,3035.1640625,3035.1640625,3035.1640625,67,0,0
2017-04-20,3051.654052734375,3051.654052734375,3051.654052734375,3051.654052734375,26,0,0
2017-04-21,3076.658935546875,3076.658935546875,3056.31298828125,3056.31298828125,4878,0,0
2017-04-24,3094.278076171875,3094.278076171875,3076.340087890625,3076.340087890625,112,0,0
2017-04-25,3075.0,3106.842041015625,3075.0,3106.842041015625,169,0,0
2017-04-26,3101.375,3101.375,3063.3310546875,3063.3310546875,1686,0,0
2017-04-27,3073.325927734375,3073.325927734375,3073.325927734375,3073.325927734375,69,0,0
2017-04-28,3097.5,3098.14404296875,3092.25,3097.43408203125,1459,0,0
2017-05-02,3012.5,3012.5,3012.5,3012.5,3,0,0
2017-05-03,2900.159912109375,2900.159912109375,2900.159912109375,2900.159912109375,25,0,0
2017-05-04,2885.25,2892.052978515625,2882.31298828125,2892.052978515625,19149,0,0
2017-05-05,2892.052978515625,2892.052978515625,2892.052978515625,2892.052978515625,0,0,0
2017-05-08,2980.14306640625,2980.14306640625,2980.14306640625,2980.14306640625,7,0,0
2017-05-09,2998.0,3002.85693359375,2997.490966796875,2997.490966796875,2533,0,0
2017-05-10,3030.0,3021.280029296875,3000.159912109375,3000.159912109375,1276,0,0
2017-05-11,2997.285888671875,2997.285888671875,2997.285888671875,2997.285888671875,21,0,0
2017-05-12,2957.1630859375,2957.1630859375,2957.1630859375,2957.1630859375,49,0,0
2017-05-15,2960.1669921875,2960.1669921875,2960.1669921875,2960.1669921875,36,0,0
2017-05-16,3033.31298828125,3146.5,3033.31298828125,3054.178955078125,2254,0,0
2017-05-17,3150.0,3165.179931640625,3150.0,3165.179931640625,54,0,0
2017-05-18,3122.875,3272.0,3122.875,3227.18896484375,3494,0,0
2017-05-19,3301.18505859375,3301.18505859375,3253.1669921875,3253.1669921875,105,0,0
2017-05-22,3305.655029296875,3319.81689453125,3305.655029296875,3319.81689453125,968,0,0
2017-05-23,3320.0,3344.81591796875,3320.0,3344.81591796875,4875,0,0
2017-05-24,3450.56298828125,3459.81005859375,3445.875,3459.81005859375,948,0,0
2017-05-25,3569.964111328125,3572.712890625,3498.25,3572.303955078125,4074,0,0
2017-05-26,3577.324951171875,3577.3330078125,3477.466064453125,3477.466064453125,3639,0,0
2017-05-30,3532.115966796875,3649.5,3532.115966796875,3600.677001953125,1314,0,0
2017-05-31,3709.25,3739.5,3693.5810546875,3739.5,19086,0,0
2017-06-01,3759.29296875,3759.29296875,3727.20703125,3727.2080078125,2161,0,0
2017-06-02,3743.75,3799.7919921875,3743.75,3799.7919921875,25770,0,0
2017-06-05,3797.75,3839.782958984375,3791.60205078125,3839.782958984375,3865,0,0
2017-06-06,3799.219970703125,3799.219970703125,3789.79296875,3789.79296875,3278,0,0
2017-06-07,3760.43798828125,3760.43798828125,3665.5,3665.698974609375,12070,0,0
2017-06-08,3662.721923828125,3672.7880859375,3662.721923828125,3662.72412109375,3309,0,0
2017-06-09,3565.0,3586.972900390625,3565.0,3586.972900390625,3801,0,0
2017-06-12,3552.139892578125,3552.14111328125,3551.138916015625,3551.196044921875,2585,0,0
2017-06-13,3596.740966796875,3639.25,3596.739013671875,3639.25,6130,0,0
2017-06-14,3620.7119140625,3629.75,3620.7119140625,3629.75,1838,0,0
2017-06-15,3600.0,3600.0,3597.02587890625,3597.02587890625,1017,0,0
2017-06-16,3603.802978515625,3603.802978515625,3603.5029296875,3603.5029296875,927,0,0
2017-06-19,3603.5029296875,3603.5029296875,3603.5029296875,3603.5029296875,0,0,0
2017-06-20,3622.3349609375,3622.3349609375,3620.2880859375,3620.675048828125,4845,0,0
2017-06-21,3641.0810546875,3686.448974609375,3634.06494140625,3634.06494140625,8498,0,0
2017-06-22,3738.780029296875,3749.7939453125,3717.18701171875,3749.7939453125,3348,0,0
2017-06-23,3760.0,3760.0,3691.70703125,3736.75,803,0,0
2017-06-26,3743.791015625,3743.791015625,3743.791015625,3743.791015625,139,0,0
2017-06-27,3710.81298828125,3711.5,3710.81298828125,3711.299072265625,368,0,0
2017-06-28,3719.5,3719.5,3719.2919921875,3719.2919921875,169,0,0
2017-06-29,3710.199951171875,3710.199951171875,3710.199951171875,3710.199951171875,5,0,0
2017-06-30,3750.0,3750.0,3713.0,3729.0,3871,0,0
2017-07-03,3769.60009765625,3769.60009765625,3749.7958984375,3765.85302734375,3072,0,0
2017-07-04,3765.85302734375,3765.85302734375,3765.85302734375,3765.85302734375,0,0,0
2017-07-05,3830.0,3830.0,3793.0,3799.722900390625,6825,0,0
2017-07-06,3779.568115234375,3779.568115234375,3737.965087890625,3737.965087890625,524,0,0
2017-07-07,3819.5,3819.5,3758.69189453125,3807.469970703125,3329,0,0
2017-07-10,4094.174072265625,4094.174072265625,3984.155029296875,3984.155029296875,1063,0,0
2017-07-11,3984.155029296875,3984.155029296875,3984.155029296875,3984.155029296875,0,0,0
2017-07-12,4103.06298828125,4103.06298828125,4015.216064453125,4062.0,27962,0,0
2017-07-13,3992.0,3997.26904296875,3992.0,3997.26904296875,1544,0,0
2017-07-14,3992.0,4060.218994140625,3992.0,4010.498046875,731,0,0
2017-07-17,4050.705078125,4050.705078125,4040.22412109375,4040.22412109375,255,0,0
2017-07-18,4041.794921875,4041.794921875,4009.720947265625,4009.720947265625,281,0,0
2017-07-19,3990.222900390625,3990.222900390625,3990.222900390625,3990.222900390625,139,0,0
2017-07-20,4000.72705078125,4000.72705078125,4000.72705078125,4000.72705078125,22,0,0
2017-07-21,3920.218994140625,3973.987060546875,3920.218994140625,3973.987060546875,399,0,0
2017-07-24,3946.783935546875,3946.783935546875,3946.783935546875,3946.783935546875,370,0,0
2017-07-25,3971.0,3977.9541015625,3971.0,3977.9541015625,32569,0,0
2017-07-26,3915.708984375,3918.111083984375,3915.708984375,3918.111083984375,401,0,0
2017-07-27,3914.5,3914.75,3914.5,3914.75,165,0,0
2017-07-28,3872.927001953125,3872.927001953125,3868.22705078125,3868.22705078125,1503,0,0
2017-07-31,3839.949951171875,3859.7080078125,3839.949951171875,3859.7080078125,2971,0,0
2017-08-01,3910.0,3918.75,3897.2080078125,3917.867919921875,22416,0,0
2017-08-02,3760.125,3915.68798828125,3700.0,3705.0,271638,0,0
2017-08-03,3716.75,3739.2958984375,3688.5,3702.5869140625,6737,0,0
2017-08-04,3745.659912109375,3757.2919921875,3745.659912109375,3757.2919921875,735,0,0
2017-08-07,3720.29296875,3720.29296875,3706.779052734375,3706.779052734375,464,0,0
2017-08-08,3739.797119140625,3739.797119140625,3739.006103515625,3739.006103515625,425,0,0
2017-08-09,3725.0,3725.0,3711.93701171875,3713.34912109375,1788,0,0
2017-08-10,3727.0,3754.708984375,3727.0,3727.14599609375,13112,0,0
2017-08-11,3707.0,3740.2041015625,3707.0,3733.25,10397,0,0
2017-08-14,3756.25,3756.25,3724.118896484375,3724.118896484375,430,0,0
2017-08-15,3749.75,3779.705078125,3749.595947265625,3749.595947265625,233,0,0
2017-08-16,3777.389892578125,3783.29296875,3777.389892578125,3783.29296875,583,0,0
2017-08-17,3770.29296875,3770.29296875,3770.29296875,3770.29296875,53,0,0
2017-08-18,3718.0,3729.7919921875,3700.030029296875,3729.7919921875,25443,0,0
2017-08-21,3700.5,3753.708984375,3700.5,3701.85009765625,231322,0,0
2017-08-22,3749.75390625,3749.75390625,3745.304931640625,3745.304931640625,636,0,0
2017-08-23,3782.919921875,3786.712890625,3782.919921875,3786.284912109375,442,0,0
2017-08-24,3761.738037109375,3761.738037109375,3756.205078125,3756.205078125,324,0,0
2017-08-25,3757.5,3757.5,3678.425048828125,3697.697021484375,15113,0,0
2017-08-29,3706.31103515625,3711.199951171875,3706.31103515625,3711.199951171875,2881,0,0
2017-08-30,3700.0,3731.701904296875,3700.0,3731.701904296875,18918,0,0
2017-08-31,3900.2109375,3900.2109375,3886.85009765625,3895.77001953125,5960,0,0
2017-09-01,3921.60888671875,4059.93798828125,3927.5,3993.89892578125,16283,0,0
2017-09-04,4012.0,4030.47607421875,4000.0,4001.56005859375,42861,0,0
2017-09-05,4063.0,4063.22607421875,4053.47900390625,4053.47900390625,488,0,0
2017-09-06,4070.76708984375,4090.070068359375,4070.76708984375,4090.070068359375,119,0,0
2017-09-07,4008.39990234375,4027.361083984375,3990.5,3990.5,1250,0,0
2017-09-08,3700.0,3705.550048828125,3604.0,3639.281005859375,209220,0,0
2017-09-11,3662.75,3680.0,3662.75,3679.798095703125,11464,0,0
2017-09-12,3689.798095703125,3689.798095703125,3689.798095703125,3689.798095703125,800,0,0
2017-09-13,3684.798095703125,3684.798095703125,3684.798095703125,3684.798095703125,410,0,0
2017-09-14,3699.797119140625,3699.797119140625,3694.032958984375,3694.032958984375,1019,0,0
2017-09-15,3698.75,3748.27294921875,3698.75,3702.39404296875,25086,0,0
2017-09-18,3730.449951171875,3730.449951171875,3725.0,3725.2041015625,878,0,0
2017-09-19,3714.9609375,3714.9609375,3714.9609375,3714.9609375,899,0,0
2017-09-20,3710.0,3717.5,3704.7919921875,3705.3330078125,79683,0,0
2017-09-21,3707.798095703125,3719.800048828125,3706.7548828125,3706.7548828125,807,0,0
2017-09-22,3722.5,3722.5,3700.72509765625,3710.2958984375,9950,0,0
2017-09-25,3717.0,3767.0,3717.0,3744.410888671875,11295,0,0
2017-09-26,3750.2080078125,3750.2080078125,3750.2080078125,3750.2080078125,72,0,0
2017-09-27,3748.080078125,3748.080078125,3738.714111328125,3738.714111328125,355,0,0
2017-09-28,3736.93701171875,3760.7958984375,3736.06201171875,3760.7958984375,2108,0,0
2017-09-29,3737.75,3740.93701171875,3720.2958984375,3720.2958984375,4772,0,0
2017-10-02,3722.375,3724.404052734375,3707.041015625,3711.679931640625,19646,0,0
2017-10-03,3690.3798828125,3690.3798828125,3684.7900390625,3684.7900390625,79,0,0
2017-10-04,3691.81298828125,3691.81298828125,3686.298095703125,3690.760009765625,3260,0,0
2017-10-05,3702.125,3702.125,3637.0,3670.0,29237,0,0
2017-10-06,3694.5,3728.5,3694.5,3694.64794921875,2937,0,0
2017-10-09,3695.5,3695.5,3684.2958984375,3684.2958984375,234,0,0
2017-10-10,3829.7890625,3861.555908203125,3829.7890625,3861.554931640625,3050,0,0
2017-10-11,4008.221923828125,4027.258056640625,4008.221923828125,4027.258056640625,440,0,0
2017-10-12,4044.0,4250.26513671875,4044.0,4250.26513671875,30362,0,0
2017-10-13,4106.5,4106.5,4103.22705078125,4103.22705078125,598,0,0
2017-10-16,4026.840087890625,4036.169921875,4004.719970703125,4004.719970703125,24756,0,0
2017-10-17,3915.780029296875,3965.220947265625,3915.780029296875,3965.220947265625,2530,0,0
2017-10-18,4021.0,4062.75,4021.0,4062.75,526,0,0
2017-10-19,4042.777099609375,4042.777099609375,4042.777099609375,4042.777099609375,633,0,0
2017-10-20,4047.280029296875,4074.87890625,4047.280029296875,4070.842041015625,495,0,0
2017-10-23,4095.5,4095.5,4085.89111328125,4085.89111328125,939,0,0
2017-10-24,4018.0,4018.5,4000.780029296875,4004.409912109375,7469,0,0
2017-10-25,4062.27587890625,4076.333984375,4049.1669921875,4076.333984375,647,0,0
2017-10-26,4068.5,4068.5,4068.27587890625,4068.27587890625,1150,0,0
2017-10-27,4071.77490234375,4088.868896484375,4071.77490234375,4088.868896484375,735,0,0
2017-10-30,4092.778076171875,4092.778076171875,4092.778076171875,4092.778076171875,18,0,0
2017-10-31,4053.5,4057.27587890625,4048.0,4057.27587890625,1126,0,0
2017-11-01,4235.26806640625,4235.26806640625,4235.26806640625,4235.26806640625,327,0,0
2017-11-02,4186.2001953125,4222.291015625,4182.1611328125,4182.1611328125,642,0,0
2017-11-03,4347.5,4389.7578125,4302.39599609375,4389.7578125,796,0,0
2017-11-06,4389.7578125,4389.7578125,4389.7578125,4389.7578125,0,0,0
2017-11-07,4302.68701171875,4302.72119140625,4279.73291015625,4302.72119140625,1486,0,0
2017-11-08,4301.23779296875,4301.23779296875,4301.23779296875,4301.23779296875,168,0,0
2017-11-09,4230.77001953125,4230.77001953125,4160.22998046875,4160.22998046875,16257,0,0
2017-11-10,4185.0,4185.0,4179.76806640625,4179.76806640625,597,0,0
2017-11-13,4129.72802734375,4129.72802734375,4129.72802734375,4129.72802734375,281,0,0
2017-11-14,4149.72412109375,4149.72412109375,4149.72412109375,4149.72412109375,107,0,0
2017-11-15,4156.5,4161.89599609375,4156.5,4156.73486328125,548,0,0
2017-11-16,4183.875,4258.76318359375,4183.875,4204.56396484375,151012,0,0
2017-11-17,4231.18798828125,4269.76708984375,4231.18798828125,4269.76708984375,1277,0,0
2017-11-20,4269.76708984375,4269.76708984375,4269.76708984375,4269.76708984375,0,0,0
2017-11-28,4485.0,4485.0,4460.0,4469.2900390625,248045,0,0
2017-11-29,4460.5,4469.68701171875,4451.5,4463.6611328125,2591,0,0
2017-11-30,4407.5,4505.27294921875,4407.5,4505.27294921875,14021,0,0
2017-12-01,4470.0,4470.0,4452.73681640625,4452.73681640625,25995,0,0
2017-12-04,4468.0,4485.244140625,4468.0,4469.115234375,15132,0,0
2017-12-05,4462.8330078125,4462.8427734375,4402.52880859375,4413.27783203125,1352,0,0
2017-12-06,4335.5,4482.13623046875,4300.75,4463.81298828125,3862,0,0
2017-12-07,4486.5,4557.75,4475.5,4490.00390625,2767,0,0
2017-12-08,4580.0,4896.0,4580.0,4877.64892578125,1276,0,0
2017-12-11,4877.64892578125,4877.64892578125,4877.64892578125,4877.64892578125,0,0,0
2017-12-18,4930.27685546875,4930.27685546875,4930.27685546875,4900.0,65,0,0
2017-12-19,4940.27001953125,4940.27001953125,4940.27001953125,4900.0,226,0,0
2017-12-20,4997.77294921875,5002.0341796875,4992.27294921875,4900.0,743,0,0
2017-12-21,4844.26904296875,4869.77099609375,4844.26904296875,4997.5,1253,0,0
2017-12-22,4997.5,4997.5,4997.5,4997.5,0,0,0
2017-12-27,4847.0,4847.0,4847.0,4772.5,2,0,0
2017-12-28,4979.26904296875,4979.26904296875,4979.26904296875,4772.5,104,0,0
2017-12-29,4975.81201171875,4975.81201171875,4971.06298828125,4979.0,3704,0,0
2018-01-02,5081.66015625,5090.0,5020.0,5088.0,4016,0,0
2018-01-03,4995.0,5020.0,4995.0,5088.0,107,0,0
2018-01-04,5009.0,5009.0,5009.0,5030.0,55,0,0
2018-01-05,5020.0,5020.0,5020.0,5030.0,66,0,0
2018-01-08,5030.0,5030.0,5030.0,5030.0,0,0,0
2018-01-09,5032.5,5130.0,4970.25,4962.5,16437,0,0
2018-01-10,4767.5,4767.5,4755.0,4710.0,99911,0,0
2018-01-11,4702.5,4747.5,4702.5,4702.5,759,0,0
2018-01-12,4650.0,4650.0,4650.0,4605.0,18005,0,0
2018-01-15,4635.0,4635.0,4635.0,4615.0,5000,0,0
2018-01-16,4650.0,4650.0,4610.0,4640.0,30856,0,0
2018-01-17,4582.06298828125,4582.06298828125,4582.06298828125,4620.0,1956,0,0
2018-01-18,4650.0,4650.0,4650.0,4670.0,58622,0,0
2018-01-19,4655.0,4655.0,4640.0,4650.0,55742,0,0
2018-01-22,4790.0,4962.0341796875,4744.30419921875,5122.5,99127,0,0
2018-01-23,4990.0,5010.0,4980.0,5025.0,32996,0,0
2018-01-24,5020.0,5030.0,4910.0,4917.5,16852,0,0
2018-01-25,4990.0,4990.0,4900.0,4907.5,3060,0,0
2018-01-26,4947.5,4947.5,4897.5,4930.0,1371,0,0
2018-01-29,4930.0,4930.0,4930.0,4930.0,0,0,0
2018-01-30,4930.0,4930.0,4901.875,4920.0,2814,0,0
2018-01-31,4880.0,4890.0,4840.0,4880.0,188,0,0
2018-02-01,4897.5,4897.5,4897.5,4930.0,34647,0,0
2018-02-02,4875.0,4875.0,4849.9267578125,4845.0,256,0,0
2018-02-05,4782.5,4813.11376953125,4766.5439453125,4815.0,2042,0,0
2018-02-06,4685.0,4685.0,4604.8427734375,4615.0,12087,0,0
2018-02-07,4652.5,4795.0,4652.5,4800.0,1208,0,0
2018-02-08,4834.51416015625,4834.51416015625,4834.51416015625,4820.0,399,0,0
2018-02-09,4697.5,4745.0,4697.5,4747.5,66,0,0
2018-02-12,4805.0,4864.85107421875,4795.0,4835.0,2703,0,0
2018-02-13,4890.0,4944.92578125,4890.0,4937.5,113,0,0
2018-02-14,5180.0,5199.64892578125,5159.6318359375,5210.0,2798,0,0
2018-02-15,5300.0,5340.0,5300.0,5340.0,398,0,0
2018-02-16,5390.0,5431.39794921875,5390.0,5425.0,1024,0,0
2018-02-19,5380.0,5390.64794921875,5320.3330078125,5340.0,508,0,0
2018-02-20,5300.0,5300.0,5260.0,5300.0,219,0,0
2018-02-21,5290.0,5290.0,5265.0,5270.0,902,0,0
2018-02-22,5270.0,5270.0,5243.380859375,5260.0,1759,0,0
2018-02-23,5160.0,5179.5078125,5160.0,5165.0,47,0,0
2018-02-26,5150.0,5190.0,5150.0,5175.0,547,0,0
2018-02-27,5200.0,5270.0,5185.0,5260.0,1066,0,0
2018-02-28,5138.0,5236.9130859375,5106.68212890625,5077.5,3469,0,0
2018-03-01,5020.0,5020.0,4974.9248046875,4987.5,140,0,0
2018-03-02,4878.5,4908.2119140625,4848.490234375,4840.0,2346,0,0
2018-03-05,4864.0,4874.9267578125,4862.5,4845.0,11180,0,0
2018-03-06,4800.4228515625,4800.4228515625,4800.4228515625,4792.5,848,0,0
2018-03-07,4762.5,4840.0,4762.5,4810.0,3514,0,0
2018-03-08,4885.0,4900.0,4844.7578125,4890.0,1294,0,0
2018-03-09,4845.0,4845.0,4804.52392578125,4805.0,60,0,0
2018-03-12,4825.4541015625,4825.4541015625,4779.76123046875,4800.0,104,0,0
2018-03-13,4855.0,4855.0,4707.5,4732.5,390,0,0
2018-03-14,4687.5,4715.0,4670.0,4655.0,2988,0,0
2018-03-15,4775.0,4777.18701171875,4718.9580078125,4777.5,2951,0,0
2018-03-16,4583.3359375,4601.837890625,4567.93212890625,4605.0,26875,0,0
2018-03-19,4565.0,4565.0,4475.0,4490.0,2482,0,0
2018-03-20,4415.0,4519.0,4401.5009765625,4502.5,3578,0,0
2018-03-21,4475.0,4493.923828125,4459.93310546875,4522.5,584,0,0
2018-03-22,4490.0,4490.0,4459.203125,4517.5,1940,0,0
2018-03-23,4467.5,4514.93212890625,4461.5908203125,4502.5,3746,0,0
2018-03-26,4482.5,4560.0,4482.05712890625,4532.5,16031,0,0
2018-03-27,4510.0,4550.0,4500.0,4490.0,11957,0,0
2018-03-28,4375.0,4437.77001953125,4366.76318359375,4400.0,28770,0,0
2018-03-29,4310.0,4395.22021484375,4300.0,4302.5,1698,0,0
2018-04-03,4260.48681640625,4288.81884765625,4260.48681640625,4275.0,3172,0,0
2018-04-04,4129.0,4180.0,4115.0,4152.5,4217,0,0
2018-04-05,4242.5,4395.0,4242.5,4362.5,3015,0,0
2018-04-06,4405.0,4405.0,4344.85595703125,4327.5,3324,0,0
2018-04-09,4244.5,4276.94580078125,4244.5,4240.0,1751,0,0
2018-04-10,4614.5,4672.5,4535.9638671875,4552.5,10301,0,0
2018-04-11,4529.0,4530.0,4470.22412109375,4517.5,2839,0,0
2018-04-12,4560.0,4714.92919921875,4557.5,4702.5,12470,0,0
2018-04-13,4612.5,4626.43115234375,4591.919921875,4572.5,2355,0,0
2018-04-16,4650.0,4677.5,4635.0,4675.0,4327,0,0
2018-04-17,4607.5,4640.0,4605.423828125,4600.0,6323,0,0
2018-04-18,4650.0,4690.0,4650.0,4630.0,7790,0,0
2018-04-19,4682.5,4685.0,4639.5,4670.0,3636,0,0
2018-04-20,4685.0,4765.0,4685.0,4737.5,2660,0,0
2018-04-23,4752.5,4916.87109375,4752.5,4907.5,3379,0,0
2018-04-24,4827.7568359375,4885.35693359375,4795.240234375,4825.0,2086,0,0
2018-04-25,4734.0,4736.5068359375,4709.64404296875,4737.5,3090,0,0
2018-04-26,4831.25,4889.9267578125,4760.35498046875,4870.0,314,0,0
2018-04-27,4871.0,4871.0,4848.5849609375,4875.0,1322,0,0
2018-04-30,4875.0,4875.0,4875.0,4875.0,0,0,0
2018-05-02,4870.0,4890.5,4870.0,4900.0,2037,0,0
2018-05-03,4875.11083984375,4920.0,4875.11083984375,4860.0,1528,0,0
2018-05-04,4930.0,4935.0,4883.5751953125,4900.0,5513,0,0
2018-05-08,4814.77685546875,4814.77685546875,4814.77685546875,4840.0,881,0,0
2018-05-09,4790.0,4830.02294921875,4790.0,4830.0,2536,0,0
2018-05-10,4855.0,4880.0,4855.0,4882.5,946,0,0
2018-05-11,4625.0,4842.5,4625.0,4800.0,199018,0,0
2018-05-14,4875.0,4875.0,4780.0,4820.0,1562,0,0
2018-05-15,4698.6572265625,4750.6669921875,4698.6572265625,4695.0,6695,0,0
2018-05-16,4690.0,4705.0,4665.0,4695.0,1407,0,0
2018-05-17,4730.0,4737.73681640625,4724.59619140625,4722.5,26748,0,0
2018-05-18,4726.5,4745.0,4726.5,4732.5,1969,0,0
2018-05-21,4810.0,4810.0,4776.10595703125,4792.5,1911,0,0
2018-05-22,4765.0,4798.72607421875,4760.0,4777.5,1659,0,0
2018-05-23,4730.0,4740.23681640625,4730.0,4772.5,1486,0,0
2018-05-24,4755.0,4775.0,4750.0,4727.5,27426,0,0
2018-05-25,4769.0,4789.0,4759.5,4787.5,2165,0,0
2018-05-29,4745.0,4775.0,4742.5,4792.5,3293,0,0
2018-05-30,4865.0,4865.0,4794.27978515625,4850.0,6648,0,0
2018-05-31,4935.0,4995.0,4881.39013671875,4920.0,8171,0,0
2018-06-01,5130.0,5130.0,5000.0,4977.5,3945,0,0
2018-06-04,5040.0,5050.0,4920.0,4970.0,2355,0,0
2018-06-05,4970.0,4989.65283203125,4970.0,5015.0,1777,0,0
2018-06-06,4975.0,4975.0,4920.4970703125,4960.0,2867,0,0
2018-06-07,5010.0,5080.0,5010.0,5057.5,3016,0,0
2018-06-08,5170.0,5240.0,5132.52099609375,5200.0,14229,0,0
2018-06-11,5178.5380859375,5200.0,5150.0,5175.0,2640,0,0
2018-06-12,5200.0,5210.0,5180.0,5210.0,1944,0,0
2018-06-13,5131.35791015625,5149.6611328125,5022.544921875,5102.5,3264,0,0
2018-06-14,5060.0,5100.0,5060.0,5105.0,2168,0,0
2018-06-15,5030.0,5069.7470703125,5030.0,5067.5,1692,0,0
2018-06-18,5040.0,5090.0,5040.0,5065.0,7493,0,0
2018-06-19,5100.0,5170.0,5050.259765625,5125.0,6839,0,0
2018-06-20,5260.0,5360.0,5249.69287109375,5340.0,3326,0,0
2018-06-21,5360.0,5390.0,5280.0,5340.0,2639,0,0
2018-06-22,5520.0,5695.0,5456.41015625,5730.0,13553,0,0
2018-06-25,5630.0,5745.0,5620.0,5770.0,6887,0,0
2018-06-26,5670.0,5720.0,5670.0,5690.0,4143,0,0
2018-06-27,5820.0,5839.5908203125,5690.0,5710.0,7320,0,0
2018-06-28,5770.0,5800.0,5650.0,5690.0,6137,0,0
2018-06-29,5800.0,5810.0,5683.0,5760.0,3968,0,0
2018-07-02,5790.0,5850.0,5740.0,5835.0,4211,0,0
2018-07-03,5940.0,5940.0,5800.0,5815.0,5881,0,0
2018-07-04,5860.0,5930.0,5812.0751953125,5855.0,5074,0,0
2018-07-05,5888.0,5930.0,5879.701171875,5855.0,9517,0,0
2018-07-06,5860.0,5886.3232421875,5843.0908203125,5855.0,3541,0,0
2018-07-09,6000.0,6060.30322265625,5850.0,5885.0,6627,0,0
2018-07-10,5930.0,5930.0,5770.0,5770.0,2875,0,0
2018-07-11,5732.5,5752.4169921875,5680.0,5740.0,5765,0,0
2018-07-12,5750.0,5750.0,5694.71484375,5710.0,1915,0,0
2018-07-13,5720.0,5750.0,5720.0,5760.0,5377,0,0
2018-07-16,5800.0,5800.0,5750.0,5779.80615234375,26884,0,0
2018-07-17,5820.0,5870.0,5820.0,5855.0,1593,0,0
2018-07-18,5880.0,5880.0,5851.4248046875,5825.0,916,0,0
2018-07-19,5750.0,5784.384765625,5750.0,5805.0,564,0,0
2018-07-20,5760.0,5780.0,5665.283203125,5640.0,1752,0,0
2018-07-23,5720.0,5720.0,5630.0,5690.0,8712,0,0
2018-07-24,5650.0,5660.0,5600.0,5660.0,2024,0,0
2018-07-25,5650.0,5680.0,5630.0,5640.0,2454,0,0
2018-07-26,5740.0,5740.0,5640.0,5660.0,36463,0,0
2018-07-27,5710.0,5940.296875,5710.0,5915.0,1340,0,0
2018-07-30,5740.0,5772.56201171875,5730.0,5790.0,11700,0,0
2018-07-31,5700.0,5720.0,5689.05517578125,5690.0,70704,0,0
2018-08-01,5800.0,5890.0,5764.7119140625,5895.0,67763,0,0
2018-08-02,5990.0,6000.0,5760.0,5875.0,18105,0,0
2018-08-03,6130.0,6130.0,6050.0,6070.0,4879,0,0
2018-08-06,6230.0,6305.7177734375,6230.0,6295.0,773,0,0
2018-08-07,6250.0,6250.0,6190.0,6225.0,1666,0,0
2018-08-08,6177.0029296875,6177.0029296875,6177.0029296875,6205.0,664,0,0
2018-08-09,6220.0,6250.0,6207.5,6245.0,2057,0,0
2018-08-10,6155.0,6180.0,6100.0,6160.0,28166,0,0
2018-08-13,6160.0,6198.0,6140.0,6120.0,59877,0,0
2018-08-14,6195.5,6249.68798828125,6195.5,6170.0,30561,0,0
2018-08-15,6020.0,6115.30615234375,6020.0,6090.0,6559,0,0
2018-08-16,5950.0,5975.119140625,5830.0,5905.0,35587,0,0
2018-08-17,5980.0,6000.0,5934.703125,5985.0,855,0,0
2018-08-20,6095.0,6250.0,6095.0,6205.0,57923,0,0
2018-08-21,6270.0,6270.0,6230.0,6215.0,30560,0,0
2018-08-22,6300.0,6300.0,6274.51611328125,6275.0,11440,0,0
2018-08-23,6380.0,6430.0,6350.0,6400.0,5835,0,0
2018-08-24,6525.0,6618.0,6525.0,6580.0,29927,0,0
2018-08-28,6750.0,6775.44580078125,6750.0,6725.0,187851,0,0
2018-08-29,6800.0,6800.0,6750.337890625,6785.0,42445,0,0
2018-08-30,6700.0,6750.0,6700.0,6725.0,35412,0,0
2018-08-31,6750.0,6810.0,6725.294921875,6785.0,35552,0,0
2018-09-03,6797.0,6820.3408203125,6787.68115234375,6810.0,8147,0,0
2018-09-04,6780.0,6800.0,6625.0,6655.0,16858,0,0
2018-09-05,6398.0,6404.68017578125,6320.0,6325.0,4586,0,0
2018-09-06,6318.0,6320.0,6284.3232421875,6255.0,1597,0,0
2018-09-07,6480.0,6510.65087890625,6480.0,6530.0,28692,0,0
2018-09-10,6500.0,6549.19580078125,6500.0,6625.0,493914,0,0
2018-09-11,6720.0,6755.0,6635.0,6705.0,168621,0,0
2018-09-12,6780.0,6807.0,6699.6650390625,6735.0,27327,0,0
2018-09-13,6570.0,6570.0,6400.39990234375,6440.0,104200,0,0
2018-09-14,6070.0,6289.18017578125,6070.0,6215.0,27507,0,0
2018-09-17,6125.0,6125.0,6113.25,6160.0,1068,0,0
2018-09-18,6100.0,6250.0,6100.0,6245.0,1033,0,0
2018-09-19,6325.0,6325.0,6272.1328125,6285.0,4349,0,0
2018-09-20,6322.0,6322.0,6232.0,6295.0,3927,0,0
2018-09-21,6249.68798828125,6250.201171875,6246.53515625,6275.0,16095,0,0
2018-09-24,6180.0,6240.0,6164.05712890625,6215.0,1270,0,0
2018-09-25,6290.0,6340.0,6000.0,6040.0,26864,0,0
2018-09-26,6040.0,6050.0,5970.0,6050.0,13669,0,0
2018-09-27,6030.0,6030.0,5810.0,5805.0,5270,0,0
2018-09-28,5550.0,5667.0,5422.5,5610.0,117928,0,0
2018-10-01,5620.0,5680.0,5619.2578125,5640.0,3389,0,0
2018-10-02,5692.0732421875,5692.0732421875,5550.0,5585.0,18210,0,0
2018-10-03,5583.0,5590.0,5549.72314453125,5565.0,2780,0,0
2018-10-04,5570.0,5570.0,5510.0,5555.0,4191,0,0
2018-10-05,5580.0,5645.0,5555.0,5610.0,75785,0,0
2018-10-08,5450.0,5450.0,5430.0,5475.0,2337,0,0
2018-10-09,5310.0,5310.0,5173.0,5250.0,109118,0,0
2018-10-10,5550.0,5632.9169921875,5220.0,5220.0,3893,0,0
2018-10-11,5010.0,5240.0,5010.0,5125.0,7433,0,0
2018-10-12,5220.0,5290.0,5004.6240234375,5240.0,18349,0,0
2018-10-15,5345.0,5345.0,5200.0,5290.0,9207,0,0
2018-10-16,5340.0,5469.0,5330.0,5535.0,2962,0,0
2018-10-17,5630.0,5678.0,5565.0,5650.0,3286,0,0
2018-10-18,5610.0,5660.0,5610.0,5620.0,3542,0,0
2018-10-19,5620.0,5650.0,5610.0,5700.0,39507,0,0
2018-10-22,5680.0,5760.0,5656.18017578125,5760.0,5098,0,0
2018-10-23,5640.0,5655.0,5356.72802734375,5340.0,20232,0,0
2018-10-24,5390.0,5390.0,5379.98291015625,5415.0,2257,0,0
2018-10-25,5370.0,5399.27099609375,5370.0,5415.0,4208,0,0
2018-10-26,5310.0,5330.0,5220.0,5250.0,7744,0,0
2018-10-29,5310.0,5310.0,5276.09521484375,5270.0,2030,0,0
2018-10-30,5050.0,5096.34814453125,5030.0,5045.0,2817,0,0
2018-10-31,5210.0,5216.6640625,5200.0,5175.0,10701,0,0
2018-11-01,5379.81787109375,5379.81787109375,5320.0,5340.0,7999,0,0
2018-11-02,5365.0,5394.54296875,5320.0,5310.0,27047,0,0
2018-11-05,5220.0,5293.75390625,5220.0,5250.0,2165,0,0
2018-11-06,5100.0,5190.0,5100.0,5155.0,3557,0,0
2018-11-07,5241.337890625,5241.337890625,5241.337890625,5300.0,2000,0,0
2018-11-08,5380.0,5470.0,5380.0,5475.0,2297,0,0
2018-11-09,5480.0,5580.0,5452.0,5475.0,35098,0,0
2018-11-12,5405.0,5466.1591796875,5230.0,5280.0,11974,0,0
2018-11-13,4992.5,5010.0,4805.0,4987.5,16089,0,0
2018-11-14,4975.0,5070.0,4950.0,5027.5,21831,0,0
2018-11-15,5055.0,5100.0,5010.0,5005.0,39444,0,0
2018-11-16,5020.0,5070.0,5019.7998046875,5045.0,31452,0,0
2018-11-19,5040.0,5070.0,4980.0,4940.0,2521,0,0
2018-11-20,4875.0,4900.0,4770.0,4825.0,32629,0,0
2018-11-21,4762.5,4890.0,4755.0,4900.0,9565,0,0
2018-11-22,4880.0,4880.0,4810.0,4800.0,26003,0,0
2018-11-23,4690.0,4700.0,4670.0,4665.0,6046,0,0
2018-11-26,4820.0,4820.0,4773.10595703125,4777.5,954,0,0
2018-11-27,4785.0,4785.0,4680.0,4675.0,5765,0,0
2018-11-28,4675.0,4760.0,4650.0,4702.5,207792,0,0
2018-11-29,4720.0,4800.0,4695.0,4702.5,67839,0,0
2018-11-30,4562.259765625,4685.0,4562.259765625,4640.0,504097,0,0
2018-12-03,4885.0,4885.0,4722.16015625,4732.5,143207,0,0
2018-12-04,4745.0,4750.3740234375,4610.0,4645.0,1791,0,0
2018-12-05,4570.0,4605.0,4499.7998046875,4542.5,231832,0,0
2018-12-06,4610.0,4610.0,4336.5,4367.5,20056,0,0
2018-12-07,4585.0,4639.5498046875,4485.0,4517.5,8143,0,0
2018-12-10,4610.0,4610.0,4255.0,4290.0,91464,0,0
2018-12-11,4332.5,4400.0,4284.93017578125,4352.5,93321,0,0
2018-12-12,4415.0,4450.0,4310.0,4420.0,9095,0,0
2018-12-13,4375.0,4465.0,4312.0,4420.0,3479,0,0
2018-12-14,4480.0,4560.0,4480.0,4532.5,35011,0,0
2018-12-17,4445.0,4480.0,4445.0,4480.0,2504,0,0
2018-12-18,4445.0,4470.0,4425.0,4430.0,22846,0,0
2018-12-19,4640.0,4640.0,4545.0,4592.5,15509,0,0
2018-12-20,4425.0,4490.0,4405.0,4490.0,21547,0,0
2018-12-21,5834.0,6060.0,5649.93017578125,5720.0,31839,0,0
2018-12-24,5780.0,5780.0,5510.0,5575.0,6209,0,0
2018-12-27,5670.0,5670.0,5520.0,5600.0,3577,0,0
2018-12-28,5660.0,5840.0,5660.0,5805.0,3724,0,0
2018-12-31,5760.0,5850.0,5760.0,5805.0,1200,0,0
2019-01-02,5810.0,5830.0,5720.0,5790.0,6471,0,0
2019-01-03,5680.0,5694.7998046875,5600.0,5640.0,5572,0,0
2019-01-04,5760.0,5780.0,5670.0,5690.0,13679,0,0
2019-01-07,5810.0,5810.0,5750.0,5780.0,7139,0,0
2019-01-08,5900.0,5900.0,5760.0,5760.0,5322,0,0
2019-01-09,5780.0,5820.0,5780.0,5845.0,2178,0,0
2019-01-10,5950.0,5970.0,5770.0,5805.0,15216,0,0
2019-01-11,5730.0,5750.0,5640.0,5630.0,2505,0,0
2019-01-14,5690.0,5710.0,5680.0,5670.0,1421,0,0
2019-01-15,5790.0,5940.0,5680.0,5730.0,56257,0,0
2019-01-16,5700.0,5760.0,5560.0,5565.0,24832,0,0
2019-01-17,5660.0,5760.0,5640.0,5680.0,12679,0,0
2019-01-18,5400.0,5550.0,5150.0,5495.0,310081,0,0
2019-01-21,5600.0,5630.0,5520.0,5610.0,158356,0,0
2019-01-22,5648.0,5680.0,5430.0,5620.0,117534,0,0
2019-01-23,5550.0,5600.0,5400.0,5445.0,83978,0,0
2019-01-24,5261.0,5360.0,5226.0,5310.0,48915,0,0
2019-01-25,5440.0,5510.0,5410.0,5485.0,31002,0,0
2019-01-28,5453.0,5500.0,5402.0,5435.0,15507,0,0
2019-01-29,5460.0,5510.0,5450.0,5455.0,35528,0,0
2019-01-30,5470.0,5530.0,5460.0,5485.0,8698,0,0
2019-01-31,5490.0,5550.0,5490.0,5525.0,11380,0,0
2019-02-01,5530.7001953125,5590.0,5490.0,5545.0,180460,0,0
2019-02-04,5590.0,5690.0,5560.0,5660.0,6938,0,0
2019-02-05,5780.0,5830.0,5700.0,5760.0,11045,0,0
2019-02-06,5792.6201171875,5870.0,5780.0,5805.0,27708,0,0
2019-02-07,5830.0,5870.0,5660.0,5710.0,18669,0,0
2019-02-08,5648.0,5740.0,5640.0,5670.0,32919,0,0
2019-02-11,5740.0,5880.0,5740.0,5805.0,25593,0,0
2019-02-12,5870.0,5970.0,5870.0,5885.0,12688,0,0
2019-02-13,6020.0,6020.0,5896.7890625,5875.0,26688,0,0
2019-02-14,5950.0,6115.0,5900.0,6100.0,37366,0,0
2019-02-15,6097.48388671875,6290.0,6097.48388671875,6255.0,39015,0,0
2019-02-18,6300.0,6420.0,6270.0,6375.0,12866,0,0
2019-02-19,6380.0,6410.0,6340.0,6385.0,7822,0,0
2019-02-20,6360.0,6470.0,6350.0,6460.0,18623,0,0
2019-02-21,6440.0,6560.0,6420.0,6560.0,63491,0,0
2019-02-22,6533.0,6558.0,6533.0,6530.0,3022,0,0
2019-02-25,6539.0,6580.0,6520.0,6550.0,4248,0,0
2019-02-26,6260.0,6560.0,6260.0,6500.0,18263,0,0
2019-02-27,6470.0,6500.0,6410.0,6470.0,61077,0,0
2019-02-28,6480.0,6520.0,6437.5,6460.0,9628,0,0
2019-03-01,6470.0,6730.0,6450.0,6665.0,39292,0,0
2019-03-04,6730.0,6798.0,6660.0,6810.0,3637,0,0
2019-03-05,6740.0,6840.0,6690.0,6830.0,10228,0,0
2019-03-06,6850.0,6910.0,6740.0,6840.0,15627,0,0
2019-03-07,6740.0,6850.0,6700.0,6830.0,7041,0,0
2019-03-08,6827.5,6850.0,6770.0,6800.0,3072,0,0
2019-03-11,6770.0,6810.0,6760.0,6775.0,18818,0,0
2019-03-12,6800.0,6900.48291015625,6757.0,6775.0,31613,0,0
2019-03-13,6680.0,6880.0,6680.0,6810.0,14369,0,0
2019-03-14,6840.0,6889.0,6810.0,6820.0,21924,0,0
2019-03-15,6830.0,6830.0,6749.72998046875,6820.0,73686,0,0
2019-03-18,6820.0,6830.0,6689.0,6785.0,28407,0,0
2019-03-19,6820.0,6850.0,6800.0,6755.0,24214,0,0
2019-03-20,6810.0,6860.0,6807.0,6775.0,4608,0,0
2019-03-21,6840.0,6840.0,6680.0,6685.0,11116,0,0
2019-03-22,6780.0,6880.0,6590.0,6605.0,3413,0,0
2019-03-25,6400.0,6630.0,6400.0,6560.0,8913,0,0
2019-03-26,6530.0,6660.0,6510.0,6625.0,17364,0,0
2019-03-27,6650.0,6670.0,6450.0,6490.0,6994,0,0
2019-03-28,6580.0,6660.0,6560.0,6570.0,6304,0,0
2019-03-29,6760.0,6780.0,6650.0,6745.0,7755,0,0
2019-04-01,6810.0,6970.0,6730.0,6944.7919921875,7710,0,0
2019-04-02,6980.0,7181.0,6980.0,7144.7099609375,48129,0,0
2019-04-03,7234.0,7430.0,7234.0,7359.19921875,10157,0,0
2019-04-04,7080.0,7133.77490234375,7030.0,7089.787109375,26004,0,0
2019-04-05,7160.0,7420.0,7100.0,7410.0,51082,0,0
2019-04-08,7327.0,7386.0,7290.0,7349.77978515625,4747,0,0
2019-04-09,7368.0,7430.0,7265.0,7320.0,8957,0,0
2019-04-10,7476.0,7476.0,7290.0,7391.30908203125,14100,0,0
2019-04-11,7359.0,7513.0,7340.0,7509.0,2384,0,0
2019-04-12,7710.0,7780.0,7647.0,7679.68994140625,11046,0,0
2019-04-15,7692.6298828125,7737.5,7547.5,7619.7001953125,14282,0,0
2019-04-16,7570.0,7600.0,7510.0,7510.0,575,0,0
2019-04-17,7527.5,7557.5,7505.8798828125,7550.22705078125,38190,0,0
2019-04-18,7500.0,7667.0,7489.0,7599.7001953125,33969,0,0
2019-04-23,7617.5,7647.5,7557.5,7640.0,4566,0,0
2019-04-24,7760.0,7840.0,7680.0,7812.2978515625,14704,0,0
2019-04-25,7722.0,7850.0,7673.0,7676.505859375,2127,0,0
2019-04-26,7612.0,7840.0,7612.0,7815.0,5553,0,0
2019-04-29,7771.0,7814.0,7600.0,7628.02294921875,9277,0,0
2019-04-30,7687.0,7760.0,7661.0,7678.40283203125,70044,0,0
2019-05-01,7678.40283203125,7678.40283203125,7678.40283203125,7678.40283203125,0,0,0
2019-05-02,7735.0,7910.0,7722.0,7814.9267578125,7636,0,0
2019-05-03,7988.2001953125,8130.0,7949.0,8030.0,23388,0,0
2019-05-07,7839.0,7880.0,7800.0,7810.23388671875,27437,0,0
2019-05-08,7835.0,7877.0,7800.0,7877.0,5168,0,0
2019-05-09,7905.0,7905.0,7670.0,7703.9501953125,5215,0,0
2019-05-10,7776.5,7860.0,7776.5,7804.22021484375,1677,0,0
2019-05-13,7790.0,7790.0,7450.0,7450.0,2221,0,0
2019-05-14,7544.0,7682.0,7544.0,7675.22998046875,66405,0,0
2019-05-15,7730.0,7740.0,7631.0,7740.0,1751,0,0
2019-05-16,7720.0,7910.0,7720.0,7860.0,4178,0,0
2019-05-17,7460.0,7690.0,7436.82177734375,7500.0,35736,0,0
2019-05-20,7520.0,7550.0,7440.0,7460.0,7774,0,0
2019-05-21,7525.0,7570.0,7510.0,7560.22705078125,17147,0,0
2019-05-22,7542.0,7754.0,7542.0,7565.22705078125,17743,0,0
2019-05-23,7590.0,7590.0,7509.0,7530.0,12966,0,0
2019-05-24,7550.0,7850.0,7550.0,7709.76904296875,13023,0,0
2019-05-28,7990.0,8050.0,7870.0,7950.0,43364,0,0
2019-05-29,7770.0,7770.0,7671.0,7690.0,31058,0,0
2019-05-30,7728.0,7830.0,7718.0,7830.0,6311,0,0
2019-05-31,7780.0,7969.0,7776.0,7920.0,11857,0,0
2019-06-03,7850.0,7960.0,7850.0,7900.0,5753,0,0
2019-06-04,7905.06494140625,7905.06494140625,7800.0,7820.0,11661,0,0
2019-06-05,7709.0,7729.0,7680.0,7680.0,7037,0,0
2019-06-06,7770.0,7957.0,7770.0,7870.0,21314,0,0
2019-06-07,7990.0,8000.1298828125,7920.0,7979.14599609375,11583,0,0
2019-06-10,7971.5859375,7971.5859375,7730.0,7750.0,12275,0,0
2019-06-11,7740.0,7930.0,7714.0,7870.0,8960,0,0
2019-06-12,8070.0,8119.0,7970.0,8000.0,22399,0,0
2019-06-13,7850.0,8100.0,7850.0,8002.64013671875,24122,0,0
2019-06-14,7961.0,7981.0,7910.0,7920.0,6920,0,0
2019-06-17,7939.02392578125,7939.02392578125,7820.0,7868.52001953125,22017,0,0
2019-06-18,7788.0,7900.0,7788.0,7849.68994140625,23437,0,0
2019-06-19,7828.0,7830.0,7720.0,7757.419921875,18610,0,0
2019-06-20,7880.0,7920.0,7714.3681640625,7740.0,3142,0,0
2019-06-21,7810.0,7830.0,7777.0,7829.216796875,14143,0,0
2019-06-24,7890.0,8020.0,7880.0,7913.6298828125,3484,0,0
2019-06-25,7903.0,8330.0,7903.0,8290.0,11192,0,0
2019-06-26,8290.0,8290.0,8090.0,8100.0,112355,0,0
2019-06-27,8096.0,8158.0,8070.0,8130.0,41346,0,0
2019-06-28,8140.0,8270.0,8090.0,8240.0,29569,0,0
2019-07-01,8286.0,8286.0,8199.0,8200.0,26588,0,0
2019-07-02,8230.0,8380.0,8215.0,8340.0,30669,0,0
2019-07-03,8250.0,8252.228515625,8190.0,8220.0,22658,0,0
2019-07-04,8220.0,8420.0,8215.0,8360.0,5456,0,0
2019-07-05,8389.6083984375,8470.0,8389.6083984375,8460.6337890625,7035,0,0
2019-07-08,8480.0,8580.0,8400.0,8470.0,11199,0,0
2019-07-09,8605.0,8605.0,8459.74609375,8527.5,24686,0,0
2019-07-10,8525.0,8662.240234375,8525.0,8605.0,17029,0,0
2019-07-11,8600.0,8635.0,8460.0,8480.0,16509,0,0
2019-07-12,8350.0,8405.0,8350.0,8317.5,3677,0,0
2019-07-15,8405.0,8405.0,8401.5849609375,8445.0,519,0,0
2019-07-16,8215.0,8215.0,8205.0,8172.5,10847,0,0
2019-07-17,8174.77685546875,8210.0,8130.0,8162.5,54230,0,0
2019-07-18,8070.5,8106.5,8045.0,8117.5,29235,0,0
2019-07-19,8112.0,8112.0,8000.0,8070.0,9872,0,0
2019-07-22,7955.0,8090.0,7955.0,8045.0,17103,0,0
2019-07-23,8045.0,8090.0,8002.5,8095.0,7787,0,0
2019-07-24,8060.0,8086.0,7950.0,8035.0,4758,0,0
2019-07-25,7975.0,8325.0,7975.0,8250.0,41642,0,0
2019-07-26,8279.0,8378.75,8279.0,8285.0,8062,0,0
2019-07-29,8302.5,8955.0,8275.0,8352.5,74942,0,0
2019-07-30,8440.0,8135.0,7795.0,7840.0,101168,0,0
2019-07-31,8050.0,8123.0,7830.0,8055.0,169081,0,0
2019-08-01,8200.0,8078.75,7925.0,8025.0,43121,0,0
2019-08-02,8045.0,8015.0,7760.0,7820.0,26385,0,0
2019-08-05,7800.0,7865.0,7528.5,7620.0,147108,0,0
2019-08-06,7475.0,7821.5,7660.0,7762.5,10243,0,0
2019-08-07,7830.0,7972.0,7716.0,7952.5,23003,0,0
2019-08-08,8200.0,8235.0,7970.0,8167.5,72092,0,0
2019-08-09,8192.5,8240.0,8170.0,8230.0,37362,0,0
2019-08-12,8132.5,8450.0,8140.0,8387.5,46553,0,0
2019-08-13,8367.5,8665.0,8520.0,8660.0,5962,0,0
2019-08-14,8690.0,8685.0,8590.0,8680.0,15095,0,0
2019-08-15,8650.0,8728.5,8200.0,8317.5,4579,0,0
2019-08-16,8322.5,8335.0,8201.0,8280.0,24294,0,0
2019-08-19,8440.0,8508.75,8405.0,8502.5,9146,0,0
2019-08-20,8517.5,8480.0,8391.8388671875,8470.0,4924,0,0
2019-08-21,8400.0,8495.0,8400.0,8425.0,24647,0,0
2019-08-22,8460.0,8495.0,8390.0,8455.0,1439,0,0
2019-08-23,8425.0,8515.0,8415.0,8450.0,3824,0,0
2019-08-27,8450.0,8448.75,8325.0,8312.5,1599,0,0
2019-08-28,8337.5,8415.0,8245.0,8322.5,36297,0,0
2019-08-29,8367.5,8560.0,8480.0,8485.0,4681,0,0
2019-08-30,8420.0,8700.0,8480.0,8695.0,8417,0,0
2019-09-02,8537.5,8760.0,8580.0,8670.0,38581,0,0
2019-09-03,8485.0,8430.0,8090.0,8132.5,68630,0,0
2019-09-04,8347.5,8235.0,8180.0,8280.0,8819,0,0
2019-09-05,8250.0,8320.0,8195.2626953125,8290.0,6748,0,0
2019-09-06,8302.5,8375.0,8200.0,8290.0,23504,0,0
2019-09-09,8400.0,8400.0,8065.0,8122.5,17996,0,0
2019-09-10,8060.0,8090.0,7645.0,7707.5,62846,0,0
2019-09-11,7712.5,7735.0,7610.0,7690.0,16251,0,0
2019-09-12,7737.5,7945.0,7675.0,7870.0,7509,0,0
2019-09-13,7787.5,7755.0,7620.0,7620.0,13481,0,0
2019-09-16,7567.5,7725.0,7365.0,7357.5,24428,0,0
2019-09-17,7400.0,7520.0,7360.0,7495.0,43656,0,0
2019-09-18,7430.0,7535.0,7445.0,7502.5,20729,0,0
2019-09-19,7450.0,7515.0,7425.0,7455.0,4412,0,0
2019-09-20,7450.0,7450.0,7350.0,7440.0,4603,0,0
2019-09-23,7362.5,7335.0,7245.0,7337.5,19579,0,0
2019-09-24,7307.5,7370.0,7290.0,7302.5,21155,0,0
2019-09-25,7250.0,7335.0,7240.0,7295.0,125548,0,0
2019-09-26,7302.5,7295.0,7230.0,7270.0,5522,0,0
2019-09-27,7230.0,7340.0,7270.0,7270.0,63276,0,0
2019-09-30,7302.5,7340.0,7235.0,7285.0,26684,0,0
2019-10-01,7307.5,7415.0,7270.0,7265.0,26474,0,0
2019-10-02,7260.0,7290.0,7065.0,7070.0,9733,0,0
2019-10-03,7102.5,7158.75,7020.0,7152.5,10348,0,0
2019-10-04,7147.5,7220.0,7135.0,7182.5,46085,0,0
2019-10-07,7127.5,7170.0,7024.5,7127.5,7448,0,0
2019-10-08,7167.5,7189.5,6980.0,7060.0,29578,0,0
2019-10-09,7152.5,7235.0,6995.0,7112.5,37570,0,0
2019-10-10,7230.0,7120.0,6930.0,7040.0,41728,0,0
2019-10-11,7102.5,7290.0,7070.0,7177.5,20692,0,0
2019-10-14,7302.5,7290.0,7165.0,7275.0,53963,0,0
2019-10-15,7250.0,7340.0,7185.0,7362.5,42035,0,0
2019-10-16,7347.5,7445.0,7285.0,7342.5,58362,0,0
2019-10-17,7400.0,7425.0,7315.0,7420.0,15381,0,0
2019-10-18,7430.0,7450.0,7320.0,7425.0,28310,0,0
2019-10-21,7332.5,7345.0,6955.0,7080.0,123621,0,0
2019-10-22,7147.5,7497.5,7080.0,7295.0,105585,0,0
2019-10-23,7337.5,7355.0,7070.0,7230.0,18839,0,0
2019-10-24,7275.0,7450.0,7277.0,7387.5,29485,0,0
2019-10-25,7317.5,7471.0,7335.0,7392.5,5571,0,0
2019-10-28,7502.5,7585.0,7465.0,7587.5,15420,0,0
2019-10-29,7547.5,7420.0,7225.0,7290.0,44023,0,0
2019-10-30,7255.0,7300.0,7180.0,7265.0,10590,0,0
2019-10-31,7302.5,7350.0,7240.0,7290.0,6168,0,0
2019-11-01,7382.5,7360.0,7275.0,7317.5,9915,0,0
2019-11-04,7400.0,7385.0,7140.0,7245.0,23311,0,0
2019-11-05,7152.5,7160.0,7035.0,7127.5,25010,0,0
2019-11-06,7167.5,7295.0,7115.0,7255.0,3063,0,0
2019-11-07,7285.0,7325.0,7240.0,7250.0,26046,0,0
2019-11-08,7245.0,7365.0,7286.0,7302.5,4265,0,0
2019-11-11,7225.0,7570.0,7314.5,7450.0,124651,0,0
2019-11-12,7557.5,7545.4521484375,7430.0,7502.5,17007,0,0
2019-11-13,7502.5,7835.0,7465.0,7727.5,37694,0,0
2019-11-14,7880.0,8022.5,7785.0,7860.0,62655,0,0
2019-11-15,7805.0,7913.75,7795.0,7870.0,10634,0,0
2019-11-18,7800.0,7905.0,7815.0,7825.0,9021,0,0
2019-11-19,7977.5,8329.0,8010.0,8225.0,92525,0,0
2019-11-20,8352.5,8460.0,8260.0,8352.5,60863,0,0
2019-11-21,8182.5,8355.0,8215.0,8280.0,27947,0,0
2019-11-22,8342.5,8350.0,8185.0,8167.5,3636,0,0
2019-11-25,8270.0,8265.0,8190.0,8240.0,8394,0,0
2019-11-26,8200.0,8160.0,8072.5,8080.0,7488,0,0
2019-11-27,8192.5,8210.0,8115.0,8167.5,6809,0,0
2019-11-28,8182.5,8190.0,8145.0,8167.5,25331,0,0
2019-11-29,8137.5,8180.0,8075.0,8147.5,4508,0,0
2019-12-02,8200.0,8230.0,8190.0,8162.5,5148,0,0
2019-12-03,8240.0,8465.0,8235.0,8342.5,11014,0,0
2019-12-04,8347.5,8405.0,8280.0,8317.5,47696,0,0
2019-12-05,8400.0,8560.0,8375.0,8567.5,9277,0,0
2019-12-06,8582.5,8680.0,8495.0,8645.0,18338,0,0
2019-12-09,8650.0,8655.0,8375.0,8527.5,85120,0,0
2019-12-10,8470.0,8474.6884765625,8280.0,8347.5,46649,0,0
2019-12-11,8250.0,8425.0,8325.0,8382.5,7038,0,0
2019-12-12,8502.5,8465.0,8335.0,8455.0,35705,0,0
2019-12-13,8347.5,8545.0,8265.0,8445.0,36699,0,0
2019-12-16,8522.5,8840.0,8540.0,8830.0,12220,0,0
2019-12-17,8762.5,8890.0,8755.0,8815.0,140902,0,0
2019-12-18,8880.0,8895.0,8855.0,8875.0,20739,0,0
2019-12-19,8902.5,9000.0,7980.0,8065.0,310719,0,0
2019-12-20,8102.5,8170.0,7735.0,7850.0,487660,0,0
2019-12-23,7860.0,7925.0,7833.75,7895.0,50056,0,0
2019-12-24,7942.5,7975.0,7882.22216796875,7907.5,49848,0,0
2019-12-27,7977.5,8175.0,6925.85009765625,8142.5,84912,0,0
2019-12-30,8177.5,8255.0,8165.0,8182.5,64775,0,0
2019-12-31,8240.0,8250.0,8160.0,8200.0,26887,0,0
2020-01-02,8260.0,8370.0,8195.0,8372.5,132433,0,0
2020-01-03,8392.5,8555.0,8310.0,8455.0,125882,0,0
2020-01-06,8547.5,8495.0,8335.0,8362.5,496836,0,0
2020-01-07,8542.5,8510.0,8345.0,8415.0,341880,0,0
2020-01-08,8517.5,8665.0,8440.0,8517.5,183483,0,0
2020-01-09,8592.5,8655.0,8490.0,8557.5,77984,0,0
2020-01-10,8690.0,8865.0,8665.0,8800.0,177529,0,0
2020-01-13,8902.5,8865.0,8570.0,8635.0,118407,0,0
2020-01-14,8717.5,8815.0,8665.0,8690.0,193226,0,0
2020-01-15,8702.5,8790.0,8630.0,8712.5,76931,0,0
2020-01-16,8702.5,8700.0,8490.0,8552.5,56046,0,0
2020-01-17,8600.0,8640.0,8560.0,8620.0,121065,0,0
2020-01-20,8800.0,8700.0,8555.0,8675.0,94163,0,0
2020-01-21,8600.0,8575.0,8520.0,8562.5,48150,0,0
2020-01-22,8625.0,8690.0,8555.5478515625,8635.0,113070,0,0
2020-01-23,8675.0,8690.0,8565.0,8685.0,38365,0,0
2020-01-24,8475.0,8504.5,8325.0,8490.0,81636,0,0
2020-01-27,8460.0,8435.0,8350.0,8420.0,7067,0,0
2020-01-28,8405.0,8570.0,8290.0,8542.5,46335,0,0
2020-01-29,8547.5,8670.0,8525.0,8582.5,35098,0,0
2020-01-30,8537.5,8528.0,8445.0,8507.5,24410,0,0
2020-01-31,8552.5,8650.0,8399.5,8435.0,78820,0,0
2020-02-03,7215.0,7340.0,7210.0,7350.0,185251,0,0
2020-02-04,7425.0,7596.75,75.19999694824219,7550.0,2270232,0,0
2020-02-05,7530.0,7855.0,7530.0,7755.0,1306914,0,0
2020-02-06,7950.0,8070.0,7790.0,7855.0,956406,0,0
2020-02-07,8000.0,8000.0,7690.35009765625,7740.0,838901,0,0
2020-02-10,7700.0,7825.0,7605.0,7605.0,433097,0,0
2020-02-11,7770.0,8050.0,7770.0,8000.0,759224,0,0
2020-02-12,8010.0,8330.0,7690.35009765625,8255.0,578640,0,0
2020-02-13,8200.0,8300.0,7895.0,7965.0,436743,0,0
2020-02-14,7830.0,7920.0,7645.0,7800.0,1253209,0,0
2020-02-17,7785.0,7875.0,7655.0,7700.0,472137,0,0
2020-02-18,7530.0,7680.0,7505.0,7550.0,356063,0,0
2020-02-19,7550.0,7632.97509765625,7425.0,7620.0,219801,0,0
2020-02-20,7650.0,7666.0,7500.0,7545.0,440203,0,0
2020-02-21,7510.0,7645.72998046875,7455.0,7570.0,398080,0,0
2020-02-24,7360.0,7430.0,7125.0,7220.0,439154,0,0
2020-02-25,7250.0,7305.0,7145.0,7205.0,216814,0,0
2020-02-26,7155.0,7255.0,6877.0,7165.0,380784,0,0
2020-02-27,7050.0,7080.0,6795.0,6830.0,272169,0,0
2020-02-28,6535.0,6815.0,6480.0,6815.0,454440,0,0
2020-03-02,7100.0,7115.0,6670.0,6785.0,489282,0,0
2020-03-03,6870.0,7155.0,6860.0,7090.0,511737,0,0
2020-03-04,7095.0,7229.375,7025.0,7200.0,202212,0,0
2020-03-05,7240.0,7315.0,7045.0,7150.0,199734,0,0
2020-03-06,6980.0,7000.0,6685.0,6715.0,191894,0,0
2020-03-09,6380.0,6420.0,6020.0,6285.0,328454,0,0
2020-03-10,6335.0,6525.0,6135.0,6150.0,386804,0,0
2020-03-11,6250.0,6315.0,6020.0,6055.0,298117,0,0
2020-03-12,5565.0,5810.0,5425.0,5505.0,373390,0,0
2020-03-13,5760.0,6209.5,5495.0,5900.0,331994,0,0
2020-03-16,5745.0,5955.0,5345.0,5935.0,521536,0,0
2020-03-17,6235.0,6580.0,5840.0,6560.0,309702,0,0
2020-03-18,6385.0,7020.0,6330.125,6530.0,391261,0,0
2020-03-19,6905.0,7034.9248046875,6205.0380859375,6365.0,317945,0,0
2020-03-20,6670.0,6745.0,6160.0,6160.0,795462,0,0
2020-03-23,5865.0,6078.1630859375,5790.0,5820.0,998582,0,0
2020-03-24,6095.0,6675.0,6025.0,6300.0,379152,0,0
2020-03-25,6460.0,6551.9169921875,6070.0,6445.0,669017,0,0
2020-03-26,6285.0,6505.0,6215.0,6495.0,290372,0,0
2020-03-27,6380.0,6530.0,6185.0,6240.0,201409,0,0
2020-03-30,6310.0,6505.02001953125,5990.0,6050.0,117125,0,0
2020-03-31,6060.0,6505.02001953125,5999.5,6060.0,231161,0,0
2020-04-01,5940.0,6158.0,5888.22509765625,6120.0,417468,0,0
2020-04-02,6018.0,6332.0,6018.0,6140.0,127128,0,0
2020-04-03,6136.0,6439.52001953125,6120.0,6372.0,178457,0,0
2020-04-06,6498.0,6752.0,6438.0,6548.0,123954,0,0
2020-04-07,6672.0,7016.0,6548.0,6600.0,186258,0,0
2020-04-08,6522.0,6784.0,6522.0,6632.0,110682,0,0
2020-04-09,6830.0,7558.0,6830.0,7558.0,829613,0,0
2020-04-14,7678.0,7993.490234375,7610.0,7854.0,396900,0,0
2020-04-15,7854.0,8186.0,7764.0,7764.0,296428,0,0
2020-04-16,7898.0,8186.0,7898.0,8034.0,305906,0,0
2020-04-17,8160.0,8202.0,7738.0,7784.0,384513,0,0
2020-04-20,7814.0,7913.14013671875,7670.83984375,7902.0,134389,0,0
2020-04-21,7854.0,7994.0,7760.0,7810.0,116747,0,0
2020-04-22,7866.0,7986.0,7848.0,7900.0,780240,0,0
2020-04-23,7698.0,7742.0,7476.0,7726.0,258047,0,0
2020-04-24,7640.0,7840.10986328125,7544.0,7760.0,297103,0,0
2020-04-27,7784.0,7824.0,7698.0,7796.0,116047,0,0
2020-04-28,7772.0,8016.0,7772.0,8016.0,666075,0,0
2020-04-29,8056.0,8074.0,7796.0,8024.0,393971,0,0
2020-04-30,8150.0,8176.0,7998.7470703125,8088.0,362514,0,0
2020-05-01,8038.0,8201.7001953125,7780.0,7816.0,40838,0,0
2020-05-04,7910.0,8044.0,7814.0,8004.0,253438,0,0
2020-05-05,8050.0,8182.0,7972.0,8110.0,266246,0,0
2020-05-06,8112.0,8248.0,8006.0,8218.0,101679,0,0
2020-05-07,8190.0,8604.0,8190.0,8604.0,289032,0,0
2020-05-11,8508.0,8836.0,8476.0,8836.0,136987,0,0
2020-05-12,8812.0,8832.0,8674.0,8700.0,187641,0,0
2020-05-13,8610.0,8782.0,8578.3505859375,8710.0,184297,0,0
2020-05-14,8660.0,8678.0,8426.0,8500.0,127137,0,0
2020-05-15,8620.0,8762.0,8456.0,8632.0,195681,0,0
2020-05-18,8842.0,8842.0,8622.0,8674.0,155035,0,0
2020-05-19,8698.0,8726.0,8532.6298828125,8574.0,191050,0,0
2020-05-20,8436.0,8620.0,8344.0,8612.0,912056,0,0
2020-05-21,8698.0,8750.0,8570.0,8612.0,197231,0,0
2020-05-22,8600.0,8898.0,8530.0,8866.0,258408,0,0
2020-05-26,8924.0,9000.0,8604.240234375,8706.0,976692,0,0
2020-05-27,8792.0,8792.0,8484.599609375,8606.0,307569,0,0
2020-05-28,8680.0,8770.0,8600.0,8706.0,180962,0,0
2020-05-29,8650.0,8918.0,8650.0,8750.0,1868324,0,0
2020-06-01,8820.0,8859.4599609375,8674.0,8676.0,73782,0,0
2020-06-02,8634.0,8956.0,8616.5595703125,8956.0,730156,0,0
2020-06-03,9114.0,9114.0,8842.0,9036.0,170173,0,0
2020-06-04,8964.0,9104.0,8918.0,8994.0,154544,0,0
2020-06-05,9082.0,9168.0,8772.0,8794.0,163840,0,0
2020-06-08,8764.0,8764.0,8502.0,8640.0,135951,0,0
2020-06-09,8644.0,8812.0,8564.0,8774.0,206442,0,0
2020-06-10,8812.0,9030.0,7140.0,7626.0,1103390,0,0
2020-06-11,7620.0,7910.0,7314.0,7392.0,1774036,0,0
2020-06-12,7436.0,7691.85009765625,7354.080078125,7376.0,495778,0,0
2020-06-15,7252.0,7795.85009765625,7186.0,7222.0,419918,0,0
2020-06-16,7370.0,7674.0,7344.0,7674.0,341394,0,0
2020-06-17,7808.0,7914.0,7656.0,7860.0,318706,0,0
2020-06-18,7834.0,7851.72509765625,7718.0,7718.0,336020,0,0
2020-06-19,7778.0,7890.0,7700.162109375,7828.0,613223,0,0
2020-06-22,7820.0,7952.0,7760.0,7858.0,357609,0,0
2020-06-23,7996.0,8274.0,7904.77001953125,8244.0,179056,0,0
2020-06-24,8262.0,8350.0,8070.0,8170.0,621995,0,0
2020-06-25,8130.0,8310.0,8032.0,8310.0,283291,0,0
2020-06-26,8346.0,8464.0,8039.5498046875,8438.0,226550,0,0
2020-06-29,8490.0,8638.0,8436.0,8630.0,274722,0,0
2020-06-30,8570.0,8622.0,8400.2177734375,8442.0,538496,0,0
2020-07-01,8442.0,8550.0,8124.0,8372.0,290835,0,0
2020-07-02,8442.0,8490.0,8348.0,8488.0,142170,0,0
2020-07-03,8504.0,8692.0,8504.0,8600.0,141818,0,0
2020-07-06,8764.0,8892.0,8588.0,8840.0,147004,0,0
2020-07-07,9008.0,9008.0,8636.0,8698.0,143605,0,0
2020-07-08,8632.0,8668.0,8530.0,8530.0,176028,0,0
2020-07-09,8626.0,8626.0,8448.0,8488.0,300573,0,0
2020-07-10,8462.0,8520.0,8382.0,8404.0,58783,0,0
2020-07-13,8470.0,8518.0,8357.2099609375,8494.0,90857,0,0
2020-07-14,8362.0,8454.0,8256.0,8354.0,236409,0,0
2020-07-15,8394.0,8514.0,8356.0,8384.0,139886,0,0
2020-07-16,8350.0,8382.0,8186.0,8186.0,149520,0,0
2020-07-17,8312.0,8448.0,8264.0,8404.0,759939,0,0
2020-07-20,8412.0,8476.0,8348.0,8390.0,109035,0,0
2020-07-21,8520.0,8600.0,8422.0,8442.0,179470,0,0
2020-07-22,8444.0,8528.0,8410.0,8464.0,130040,0,0
2020-07-23,8556.0,8584.0,8396.0,8420.0,94184,0,0
2020-07-24,8224.0,8286.0,8062.0,8166.0,232976,0,0
2020-07-27,8250.0,8358.0,8244.0,8310.0,134852,0,0
2020-07-28,8388.0,8534.0,8356.0,8382.0,194906,0,0
2020-07-29,8366.0,8516.0,8348.0,8410.0,105349,0,0
2020-07-30,8392.0,8402.0,8132.0,8214.0,75316,0,0
2020-07-31,8260.0,8352.0,8206.0,8250.0,250195,0,0
2020-08-03,8446.0,8636.0,8326.0,8576.0,157283,0,0
2020-08-04,8604.0,8670.1748046875,8454.0,8514.0,64262,0,0
2020-08-05,8656.0,8663.37890625,8536.0,8658.0,76470,0,0
2020-08-06,8606.0,8720.0,8586.0,8720.0,117587,0,0
2020-08-07,8676.0,8862.0,8628.0,8802.0,290139,0,0
2020-08-10,8824.0,8824.0,8590.169921875,8628.0,306433,0,0
2020-08-11,8510.0,8759.880859375,8510.0,8678.0,304891,0,0
2020-08-12,8752.0,9256.0,8700.990234375,8998.0,445308,0,0
2020-08-13,8966.0,9259.1923828125,8966.0,9122.0,148595,0,0
2020-08-14,9134.0,9288.0,8920.0,8938.0,170296,0,0
2020-08-17,8978.0,9050.0,8906.0,9036.0,64419,0,0
2020-08-18,8952.0,9176.0,8952.0,9062.0,51122,0,0
2020-08-19,9104.0,9126.0,8944.0,9024.0,73375,0,0
2020-08-20,8988.0,9038.0,8848.0,8876.0,122562,0,0
2020-08-21,8850.0,8962.0,8844.0,8890.0,134353,0,0
2020-08-24,8944.0,9072.0,8808.0,8810.0,118832,0,0
2020-08-25,8836.0,8836.0,8620.0,8684.0,185188,0,0
2020-08-26,8680.0,8736.0,8620.4599609375,8730.0,121142,0,0
2020-08-27,8692.0,8742.0,8530.0,8580.0,353902,0,0
2020-08-28,8580.0,8582.0,8356.0,8414.0,73880,0,0
2020-09-01,8326.0,8458.0,8280.0,8376.0,110715,0,0
2020-09-02,8558.0,8566.0,8324.0,8342.0,330108,0,0
2020-09-03,8374.0,8392.0,8116.0,8130.0,595467,0,0
2020-09-04,8072.0,8188.0,7840.0,7888.0,666792,0,0
2020-09-07,7972.0,8262.0,7968.0,8254.0,90843,0,0
2020-09-08,8248.0,8258.0,8058.0,8258.0,317679,0,0
2020-09-09,8280.0,8398.0,8260.0,8298.0,276725,0,0
2020-09-10,8326.0,8387.384765625,8204.0,8384.0,180899,0,0
2020-09-11,8344.0,8426.9501953125,8324.0,8332.0,127151,0,0
2020-09-14,8374.0,8410.0,8301.3623046875,8368.0,135436,0,0
2020-09-15,8206.0,8614.0,8206.0,8422.0,513163,0,0
2020-09-16,8624.0,8624.0,8242.0,8248.0,109891,0,0
2020-09-17,8178.0,8350.0,8078.0,8350.0,739961,0,0
2020-09-18,8520.0,8520.0,8252.0,8428.0,368802,0,0
2020-09-21,8350.0,8656.974609375,8350.0,8544.0,333324,0,0
2020-09-22,8590.0,8917.400390625,8588.0,8728.0,482500,0,0
2020-09-23,8844.0,8868.7578125,8712.0,8750.0,454776,0,0
2020-09-24,8628.0,8718.0,8568.0,8668.0,445450,0,0
2020-09-25,8658.0,8694.0,8598.8203125,8600.0,397758,0,0
2020-09-28,8850.0,8874.0,8634.0,8634.0,234341,0,0
2020-09-29,8700.0,8794.0,8630.0,8750.0,495062,0,0
2020-09-30,8764.0,8772.0,8652.0,8692.0,385679,0,0
2020-10-01,8668.0,8766.0,8528.0,8750.0,486588,0,0
2020-10-02,8768.0,8822.0,8616.0,8758.0,165150,0,0
2020-10-05,8770.0,8828.0,8618.0,8732.0,543712,0,0
2020-10-06,8740.0,8826.0,8682.0,8690.0,474856,0,0
2020-10-07,8608.0,8778.0,8592.0,8704.0,355885,0,0
2020-10-08,8728.0,8766.0,8626.0,8692.0,365020,0,0
2020-10-09,8732.0,8814.0,8586.8203125,8798.0,242442,0,0
2020-10-12,8924.0,8924.0,8708.0,8890.0,209501,0,0
2020-10-13,8882.0,9032.0,8830.0,8842.0,255719,0,0
2020-10-14,9146.0,9410.0,9126.9677734375,9404.0,307565,0,0
2020-10-15,9424.0,9600.0,9360.0,9598.0,212047,0,0
2020-10-16,9820.0,10050.0,9810.71484375,9980.0,452008,0,0
2020-10-19,10020.0,10020.0,9790.0,9918.0,306930,0,0
2020-10-20,9892.0,9892.0,9728.0,9750.0,219829,0,0
2020-10-21,9772.0,9772.0,9384.0,9390.0,792663,0,0
2020-10-22,9334.0,9408.0,9172.0,9324.0,233672,0,0
2020-10-23,9306.0,9332.0,9162.0,9174.0,170006,0,0
2020-10-26,9100.0,9315.3095703125,8948.0,8972.0,170223,0,0
2020-10-27,8944.0,9054.0,8880.0,9004.0,126073,0,0
2020-10-28,8868.0,9078.0,8800.0,8800.0,958905,0,0
2020-10-29,8850.0,8966.0,8788.2548828125,8800.0,474102,0,0
2020-10-30,8808.0,8902.0,8548.0,8568.0,367631,0,0
2020-11-02,8646.0,8902.0,8610.650390625,8762.0,201080,0,0
2020-11-03,8720.0,8768.0,8593.314453125,8636.0,202378,0,0
2020-11-04,8700.0,9048.3427734375,8700.0,9006.0,299926,0,0
2020-11-05,9086.0,9392.0,9078.0,9290.0,228503,0,0
2020-11-06,9206.0,9234.25,9038.0,9216.0,168650,0,0
2020-11-09,9272.0,9322.0,8218.0,8392.0,606421,0,0
2020-11-10,8326.0,8368.0,7946.615234375,8110.0,533902,0,0
2020-11-11,8082.0,8444.0,8006.0,8414.0,406332,0,0
2020-11-12,8634.0,8634.0,8365.689453125,8408.0,119011,0,0
2020-11-13,8422.0,8570.0,8368.0,8414.0,199963,0,0
2020-11-16,8502.0,8502.0,8086.0,8134.0,754702,0,0
2020-11-17,8218.0,8264.0,8100.0,8152.0,313517,0,0
2020-11-18,8188.0,8266.0,8030.0,8030.0,192376,0,0
2020-11-19,8020.0,8216.0,7992.0,8052.0,515304,0,0
2020-11-20,8070.0,8118.0,8038.0,8070.0,201034,0,0
2020-11-23,8028.0,8088.0,7798.0,7798.0,150077,0,0
2020-11-24,7794.0,7850.0,7658.0,7680.0,617330,0,0
2020-11-25,7642.0,7806.0,7642.0,7758.0,182308,0,0
2020-11-26,7870.0,7886.0,7760.0,7820.0,174740,0,0
2020-11-27,7914.0,7920.0,7742.0,7920.0,515744,0,0
2020-11-30,7862.0,8116.0,7862.0,7960.0,334930,0,0
2020-12-01,7920.0,8112.0,7888.0,8030.0,168534,0,0
2020-12-02,7988.0,8116.0,7988.0,8030.0,308085,0,0
2020-12-03,7950.0,8076.0,7776.0,7790.0,342455,0,0
2020-12-04,7820.0,7832.0,7654.0,7696.0,352593,0,0
2020-12-07,7744.0,7860.0,7640.0,7644.0,267443,0,0
2020-12-08,7610.0,7666.0,7514.0,7532.0,227576,0,0
2020-12-09,7612.0,8084.0,7546.0,8084.0,247084,0,0
2020-12-10,8078.0,8185.52001953125,7844.0,7844.0,345631,0,0
2020-12-11,7904.0,8022.0,7904.0,7926.0,314399,0,0
2020-12-14,7942.0,7986.0,7854.0,7948.0,221279,0,0
2020-12-15,7972.0,8060.06494140625,7743.9599609375,7860.0,380237,0,0
2020-12-16,7882.0,7914.0,7718.0,7758.0,428543,0,0
2020-12-17,7868.0,7868.0,7704.0,7810.0,112227,0,0
2020-12-18,7930.0,8090.0,7828.0,7970.0,260981,0,0
2020-12-21,8128.0,8272.7001953125,7828.0,8120.0,409030,0,0
2020-12-22,8058.0,8242.0,8002.9599609375,8194.0,312584,0,0
2020-12-23,8178.0,8188.0,7964.0,8000.0,116011,0,0
2020-12-24,8046.0,8076.34423828125,8008.0,8054.0,26441,0,0
2020-12-29,8414.0,8422.0,8214.0,8214.0,151162,0,0
2020-12-30,8224.0,8298.0,8166.0,8272.0,97408,0,0
2020-12-31,8122.0,8316.48046875,8122.0,8260.0,61075,0,0
2021-01-04,8346.0,8498.0,8100.02001953125,8488.0,316702,0,0
2021-01-05,8426.0,8736.0,8400.0,8734.0,242107,0,0
2021-01-06,8744.0,8756.0,8488.0,8580.0,718194,0,0
2021-01-07,8622.0,8714.0,8506.0,8688.0,503210,0,0
2021-01-08,8732.0,9042.0,8640.0,8992.0,401424,0,0
2021-01-11,9200.0,9204.0,8964.0,9038.0,442316,0,0
2021-01-12,9026.0,9158.0,8885.3349609375,9070.0,258662,0,0
2021-01-13,9050.0,9050.0,8464.0,8676.0,658919,0,0
2021-01-14,8706.0,8706.0,8272.0,8280.0,457784,0,0
2021-01-15,8240.0,8240.0,7814.0,7872.0,436158,0,0
2021-01-18,8058.0,8058.0,7798.0,7814.0,235002,0,0
2021-01-19,7840.0,7890.0,7724.0,7856.0,274908,0,0
2021-01-20,7912.0,8018.0,7830.0,8010.0,384454,0,0
2021-01-21,8100.0,8444.0,8026.0,8400.0,554678,0,0
2021-01-22,8400.0,8588.0,8332.0,8550.0,208326,0,0
2021-01-25,8594.0,8604.0,8394.0,8422.0,277705,0,0
2021-01-26,8452.0,8480.0,8120.0,8120.0,410827,0,0
2021-01-27,8164.0,8164.0,7720.0,7930.0,820697,0,0
2021-01-28,7764.0,8136.0,7722.0,8050.0,1062462,0,0
2021-01-29,8134.0,8502.0,8050.0,8372.0,341175,0,0
2021-02-01,8276.0,8498.0,8276.0,8414.0,218764,0,0
2021-02-02,8444.0,8444.0,8122.0,8134.0,1499160,0,0
2021-02-03,8200.0,8226.0,8098.0,8194.0,1307648,0,0
2021-02-04,8076.0,8270.0,7876.0,7930.0,698149,0,0
2021-02-05,8006.0,8082.0,7880.0,7950.0,461487,0,0
2021-02-08,7930.0,7990.0,7816.0,7904.0,169476,0,0
2021-02-09,7886.0,7938.130859375,7756.0,7766.0,524669,0,0
2021-02-10,7794.0,7828.0,7562.0,7620.0,303119,0,0
2021-02-11,7606.0,7918.0,7606.0,7736.0,229029,0,0
2021-02-12,7686.0,7978.0,7624.0,7930.0,353357,0,0
2021-02-15,7980.0,7996.0,7818.0,7838.0,120318,0,0
2021-02-16,7864.0,7866.0,7734.0,7742.0,250302,0,0
2021-02-17,7708.0,7766.0,7562.0,7562.0,194261,0,0
2021-02-18,7694.0,7694.0,7468.0,7540.0,198069,0,0
2021-02-19,7562.0,7682.0,7490.0,7508.0,274918,0,0
2021-02-22,7462.0,7462.0,7164.0,7166.0,249036,0,0
2021-02-23,7194.0,7242.0,6834.0,7032.0,370186,0,0
2021-02-24,6926.0,7138.0,6840.0,6956.0,657652,0,0
2021-02-25,6980.0,7082.0,6938.0,7046.0,113836,0,0
2021-02-26,6924.0,7018.0,6790.0,6914.0,382372,0,0
2021-03-01,7026.0,7124.0,6922.0,6946.0,349615,0,0
2021-03-02,6942.0,7094.0,6912.0,6912.0,322761,0,0
2021-03-03,6994.0,7048.0,6706.0,6770.0,266122,0,0
2021-03-04,6676.0,6728.0,6520.0,6562.0,504791,0,0
2021-03-05,6466.0,6570.36083984375,6360.0,6382.0,326473,0,0
2021-03-08,6386.0,6708.0,6326.0,6682.0,286639,0,0
2021-03-09,6676.0,6888.0,6588.0,6844.0,323638,0,0
2021-03-10,7144.0,7286.0,6684.0,7262.0,767935,0,0
2021-03-11,7288.0,7489.2001953125,7278.0,7446.0,490546,0,0
2021-03-12,7382.0,7506.0,7324.0,7324.0,305066,0,0
2021-03-15,7398.0,7442.0,7256.0,7340.0,122614,0,0
2021-03-16,7400.0,7400.0,7182.0,7182.0,213339,0,0
2021-03-17,7144.0,7182.78515625,6974.0,6992.0,376484,0,0
2021-03-18,7022.0,7108.0,6872.0,6876.0,229210,0,0
2021-03-19,6842.0,6892.0,6722.0,6864.0,416708,0,0
2021-03-22,6876.0,6926.0,6798.0,6910.0,183165,0,0
2021-03-23,6814.0,6990.0,6790.0,6862.0,269923,0,0
2021-03-24,6842.0,6848.0,6660.0,6660.0,314142,0,0
2021-03-25,6684.0,6710.39990234375,6522.0,6694.0,251758,0,0
2021-03-26,6738.0,6812.0,6694.0,6772.0,172736,0,0
2021-03-29,6778.0,6818.0,6616.0,6672.0,207920,0,0
2021-03-30,6650.0,6681.2001953125,6606.0,6636.0,269274,0,0
2021-03-31,6600.0,6722.81005859375,6422.0,6688.0,364296,0,0
2021-04-01,6706.0,6911.0,6624.0,6893.0,211279,0,0
2021-04-06,6875.0,6895.0,6760.0,6820.0,154207,0,0
2021-04-07,6846.0,7203.0,6824.0,7165.0,529619,0,0
2021-04-08,7239.0,7288.5830078125,7164.0,7202.0,304129,0,0
2021-04-09,7221.0,7250.0,7131.0,7225.0,142626,0,0
2021-04-12,7255.0,7380.0,7131.0,7354.0,258320,0,0
2021-04-13,7331.0,7859.0,7316.39990234375,7855.0,383598,0,0
2021-04-14,7876.0,7984.0,7732.0,7904.0,374455,0,0
2021-04-15,7885.0,8016.0,7853.0,7974.0,182519,0,0
2021-04-16,8057.0,8097.0,7832.0,7883.0,309286,0,0
2021-04-19,7711.0,8087.0,7711.0,7973.0,393380,0,0
2021-04-20,7977.0,7999.0,7817.7998046875,7930.0,194542,0,0
2021-04-21,7802.0,7802.0,7517.0,7716.0,701888,0,0
2021-04-22,7729.0,7865.0,7676.0,7857.0,304898,0,0
2021-04-23,7886.0,7999.14013671875,7776.0,7975.0,225310,0,0
2021-04-26,7913.0,8008.0,7818.0,7818.0,360231,0,0
2021-04-27,7786.0,7871.0,7666.0,7718.0,314656,0,0
2021-04-28,7657.0,7764.0,7600.0,7600.0,249362,0,0
2021-04-29,7560.0,7716.0,7438.60009765625,7463.0,212398,0,0
2021-04-30,7343.0,7633.0,7333.31787109375,7495.0,472443,0,0
2021-05-04,7453.0,7474.0,7256.0,7270.0,615273,0,0
2021-05-05,7125.0,7200.0,7073.81005859375,7181.0,249335,0,0
2021-05-06,7121.0,7196.0,7065.0,7101.0,282550,0,0
2021-05-07,7201.0,7234.0,6983.60791015625,7111.0,269565,0,0
2021-05-10,7023.0,7072.0,6836.0,6874.0,245156,0,0
2021-05-11,6790.0,6903.0,6727.0,6814.0,382409,0,0
2021-05-12,6668.0,6804.0,6241.0,6247.0,645442,0,0
2021-05-13,6209.0,6297.546875,5964.0,6231.0,506569,0,0
2021-05-14,6273.0,6285.0,6116.0,6227.0,340699,0,0
2021-05-17,6251.0,6350.0,6143.0,6159.0,415709,0,0
2021-05-18,6146.0,6311.0,6020.0,6265.0,867825,0,0
2021-05-19,6265.0,6265.0,6064.0,6150.0,372101,0,0
2021-05-20,6220.0,6353.0,6135.0,6306.0,439888,0,0
2021-05-21,6347.0,6398.0,6189.92578125,6190.0,309872,0,0
2021-05-24,6253.0,6253.0,6125.0,6191.0,309690,0,0
2021-05-25,6241.0,6479.0,6218.0,6471.0,375081,0,0
2021-05-26,6490.0,6520.0,6440.0,6473.0,228391,0,0
2021-05-27,6394.0,6419.0,6289.0,6388.0,488394,0,0
2021-05-28,6529.0,6529.0,6364.0,6371.0,275826,0,0
2021-06-01,6350.0,6532.18994140625,6350.0,6378.0,238931,0,0
2021-06-02,6380.0,6426.3798828125,6227.0,6284.0,411286,0,0
2021-06-03,6372.0,6372.0,6227.0,6285.0,191413,0,0
2021-06-04,6235.0,6437.0,6235.0,6411.0,332844,0,0
2021-06-07,6431.0,6431.0,6312.0,6387.0,458382,0,0
2021-06-08,6477.0,6670.0,6398.0,6579.0,518308,0,0
2021-06-09,6567.0,6827.0,6567.0,6696.0,633657,0,0
2021-06-10,6661.0,6754.0,6545.0,6625.0,2833167,0,0
2021-06-11,6563.0,6563.0,6421.0,6491.0,2018308,0,0
2021-06-14,6555.0,6631.0,6318.0,6361.0,9289797,0,0
2021-06-15,6489.0,6593.0,6373.0,6463.0,831717,0,0
2021-06-16,6534.0,6578.0,6413.0,6526.0,587000,0,0
2021-06-17,6472.0,6490.0,6284.0,6490.0,1420846,0,0
2021-06-18,6484.0,6524.0,6393.0,6436.0,2137578,0,0
2021-06-21,6461.0,6463.0,6366.0,6449.0,820330,0,0
2021-06-22,6370.0,6494.0,6233.0,6481.0,1176731,0,0
2021-06-23,6497.0,6516.0,6389.0,6402.0,1217700,0,0
2021-06-24,6435.0,6573.0,6326.0,6573.0,1668780,0,0
2021-06-25,6576.0,6669.0,6550.0,6586.0,1249583,0,0
2021-06-28,6584.0,6629.0,6509.0,6618.0,1616588,0,0
2021-06-29,6674.0,6880.0,6669.0,6875.0,2052605,0,0
