Date,treatment,MedImmune,Covid,research,drug,AstraZeneca
2017-01-01,75,0,0.0,45,81,26
2017-01-02,79,0,0.0,60,77,38
2017-01-03,96,0,0.0,77,83,79
2017-01-04,94,52,0.0,82,90,99
2017-01-05,97,26,0.0,83,91,100
2017-01-06,88,27,0.0,73,84,86
2017-01-07,84,0,0.0,55,69,37
2017-01-08,83,28,0.0,59,74,27
2017-01-09,91,50,0.0,84,86,56
2017-01-10,91,100,0.0,89,85,88
2017-01-11,88,73,0.0,90,87,97
2017-01-12,96,25,0.0,88,90,88
2017-01-13,87,26,0.0,77,86,93
2017-01-14,83,0,0.0,55,75,27
2017-01-15,84,0,0.0,61,74,31
2017-01-16,88,0,0.0,83,91,83
2017-01-17,98,0,0.0,95,89,90
2017-01-18,98,0,0.0,93,94,66
2017-01-19,94,0,86.0,92,97,99
2017-01-20,88,26,0.0,83,97,82
2017-01-21,85,28,0.0,57,79,41
2017-01-22,88,0,0.0,68,84,18
2017-01-23,100,98,0.0,100,95,66
2017-01-24,97,25,0.0,99,100,91
2017-01-25,92,0,0.0,97,91,98
2017-01-26,93,50,0.0,89,94,63
2017-01-27,91,77,0.0,89,86,86
2017-01-28,83,0,100.0,56,78,50
2017-01-29,87,0,0.0,67,74,35
2017-01-30,95,49,0.0,100,90,93
2017-01-31,99,0,0.0,100,99,89
2017-02-01,94,50,0.0,98,100,65
2017-02-02,94,52,100.0,92,92,92
2017-02-03,89,53,0.0,78,89,63
2017-02-04,82,0,0.0,62,81,24
2017-02-05,84,0,0.0,61,78,34
2017-02-06,88,76,99.0,88,90,63
2017-02-07,94,25,0.0,95,95,74
2017-02-08,94,76,0.0,100,96,90
2017-02-09,89,51,0.0,91,93,67
2017-02-10,88,54,0.0,80,89,51
2017-02-11,80,29,0.0,54,81,21
2017-02-12,79,29,0.0,65,79,24
2017-02-13,90,75,0.0,90,93,53
2017-02-14,86,51,0.0,89,95,100
2017-02-15,95,51,0.0,89,96,42
2017-02-16,95,51,0.0,92,99,100
2017-02-17,88,51,0.0,81,95,66
2017-02-18,88,0,0.0,58,77,28
2017-02-19,84,87,0.0,62,80,24
2017-02-20,95,51,0.0,86,92,76
2017-02-21,98,0,0.0,93,99,80
2017-02-22,100,0,98.0,93,95,69
2017-02-23,93,52,0.0,91,93,89
2017-02-24,88,27,0.0,75,94,50
2017-02-25,84,0,0.0,61,78,24
2017-02-26,84,0,0.0,71,82,34
2017-02-27,95,25,0.0,96,100,70
2017-02-28,98,100,0.0,98,96,83
2017-03-01,89,79,0.0,95,89,62
2017-03-02,90,20,0.0,96,98,72
2017-03-03,87,21,0.0,80,93,84
2017-03-04,80,23,0.0,56,77,21
2017-03-05,84,46,0.0,70,74,27
2017-03-06,95,100,0.0,96,93,60
2017-03-07,94,20,83.0,96,97,69
2017-03-08,100,41,88.0,100,96,35
2017-03-09,91,41,0.0,94,93,61
2017-03-10,91,22,0.0,82,83,56
2017-03-11,76,24,100.0,57,71,31
2017-03-12,81,23,0.0,65,78,23
2017-03-13,91,77,0.0,95,93,73
2017-03-14,91,21,0.0,89,87,69
2017-03-15,92,21,0.0,88,90,69
2017-03-16,91,84,0.0,95,91,60
2017-03-17,90,22,0.0,79,84,100
2017-03-18,79,0,0.0,62,75,31
2017-03-19,87,47,0.0,64,80,24
2017-03-20,98,41,0.0,93,92,67
2017-03-21,98,82,0.0,99,100,61
2017-03-22,93,41,0.0,92,100,70
2017-03-23,97,42,0.0,96,91,60
2017-03-24,86,21,0.0,83,93,67
2017-03-25,80,0,0.0,61,75,25
2017-03-26,94,0,0.0,65,80,16
2017-03-27,94,21,88.0,94,92,75
2017-03-28,99,84,0.0,99,98,52
2017-03-29,96,21,89.0,95,96,49
2017-03-30,94,21,0.0,96,95,38
2017-03-31,85,44,0.0,77,91,76
2017-04-01,82,0,0.0,61,78,52
2017-04-02,83,0,0.0,68,77,40
2017-04-03,96,24,0.0,95,86,65
2017-04-04,94,74,0.0,100,96,100
2017-04-05,96,0,0.0,98,92,69
2017-04-06,93,100,0.0,92,90,70
2017-04-07,90,0,100.0,85,83,72
2017-04-08,86,57,0.0,60,71,28
2017-04-09,86,0,0.0,66,69,24
2017-04-10,96,100,0.0,95,96,80
2017-04-11,100,25,0.0,95,96,84
2017-04-12,93,0,0.0,93,96,77
2017-04-13,91,52,0.0,84,96,91
2017-04-14,86,56,0.0,67,95,51
2017-04-15,83,30,0.0,53,77,17
2017-04-16,77,0,0.0,58,79,53
2017-04-17,94,25,0.0,87,89,25
2017-04-18,96,48,0.0,95,86,74
2017-04-19,94,48,0.0,91,94,67
2017-04-20,97,25,0.0,92,99,91
2017-04-21,90,52,0.0,87,96,58
2017-04-22,82,28,0.0,61,72,32
2017-04-23,84,0,0.0,68,78,35
2017-04-24,99,48,0.0,100,100,81
2017-04-25,96,74,0.0,96,96,86
2017-04-26,91,72,0.0,93,95,71
2017-04-27,92,49,0.0,96,97,79
2017-04-28,89,51,0.0,79,88,82
2017-04-29,82,0,0.0,59,79,12
2017-04-30,80,29,0.0,64,82,32
2017-05-01,98,21,,97,98,39
2017-05-02,100,80,,98,95,56
2017-05-03,91,20,,92,94,71
2017-05-04,91,100,,91,97,42
2017-05-05,90,41,,88,90,55
2017-05-06,82,23,,65,87,29
2017-05-07,80,0,,66,76,19
2017-05-08,97,20,,97,92,69
2017-05-09,100,40,,100,98,80
2017-05-10,93,20,,94,89,72
2017-05-11,88,20,,96,96,71
2017-05-12,89,42,,81,93,100
2017-05-13,77,23,,59,78,36
2017-05-14,79,0,,61,76,20
2017-05-15,91,42,,89,94,94
2017-05-16,96,0,,87,97,69
2017-05-17,89,64,,85,100,63
2017-05-18,90,64,,82,97,69
2017-05-19,87,22,,73,91,53
2017-05-20,82,0,,53,80,46
2017-05-21,81,0,,54,80,21
2017-05-22,96,43,,89,94,85
2017-05-23,97,21,,88,95,50
2017-05-24,93,43,,86,86,63
2017-05-25,89,44,,79,99,46
2017-05-26,83,46,,65,81,42
2017-05-27,83,0,,48,79,11
2017-05-28,84,0,,47,74,25
2017-05-29,84,22,,66,77,25
2017-05-30,93,42,,76,94,68
2017-05-31,90,41,,76,88,49
2017-06-01,90,52,0.0,85,95,69
2017-06-02,83,54,0.0,81,88,30
2017-06-03,80,0,0.0,56,76,25
2017-06-04,80,0,0.0,59,83,49
2017-06-05,92,0,100.0,84,95,56
2017-06-06,95,25,0.0,93,94,82
2017-06-07,100,25,0.0,94,90,100
2017-06-08,94,75,0.0,90,92,80
2017-06-09,83,0,0.0,84,93,51
2017-06-10,82,0,0.0,61,79,42
2017-06-11,86,0,0.0,60,80,33
2017-06-12,98,25,0.0,94,90,87
2017-06-13,96,0,0.0,94,90,55
2017-06-14,96,25,0.0,98,95,38
2017-06-15,92,0,0.0,88,92,69
2017-06-16,92,26,0.0,86,90,91
2017-06-17,86,0,0.0,60,78,21
2017-06-18,86,0,0.0,63,79,50
2017-06-19,93,100,98.0,92,93,76
2017-06-20,97,73,0.0,100,95,60
2017-06-21,95,0,0.0,94,93,64
2017-06-22,94,49,0.0,95,100,92
2017-06-23,91,77,0.0,80,91,57
2017-06-24,85,0,0.0,59,84,37
2017-06-25,86,0,0.0,55,78,33
2017-06-26,90,26,0.0,86,92,93
2017-06-27,97,79,0.0,90,93,69
2017-06-28,91,26,0.0,88,92,90
2017-06-29,95,0,0.0,85,90,84
2017-06-30,84,0,0.0,75,91,92
2017-07-01,79,0,58.0,58,88,8
2017-07-02,83,30,0.0,68,79,6
2017-07-03,88,0,0.0,81,84,21
2017-07-04,89,26,0.0,79,79,27
2017-07-05,100,26,0.0,92,89,14
2017-07-06,98,79,0.0,90,95,17
2017-07-07,90,27,53.0,85,91,23
2017-07-08,87,0,0.0,60,79,9
2017-07-09,93,30,58.0,67,80,6
2017-07-10,100,0,0.0,94,95,24
2017-07-11,97,51,100.0,93,93,19
2017-07-12,94,25,0.0,100,90,30
2017-07-13,93,77,0.0,93,95,37
2017-07-14,94,0,0.0,88,96,36
2017-07-15,86,0,0.0,63,84,8
2017-07-16,88,0,0.0,65,82,10
2017-07-17,94,51,0.0,93,89,27
2017-07-18,95,77,0.0,100,92,27
2017-07-19,99,0,0.0,96,91,24
2017-07-20,97,25,0.0,90,100,18
2017-07-21,89,0,0.0,85,89,24
2017-07-22,84,0,0.0,57,84,15
2017-07-23,86,29,0.0,68,80,9
2017-07-24,94,50,0.0,95,89,22
2017-07-25,98,0,0.0,91,92,24
2017-07-26,94,100,0.0,100,93,24
2017-07-27,89,25,0.0,90,93,100
2017-07-28,91,79,0.0,84,87,51
2017-07-29,83,29,57.0,62,76,10
2017-07-30,87,0,0.0,65,85,14
2017-07-31,93,50,49.0,90,92,26
2017-08-01,94,95,0.0,84,100,68
2017-08-02,99,0,100.0,82,95,100
2017-08-03,90,0,0.0,84,90,56
2017-08-04,86,33,0.0,74,93,38
2017-08-05,85,0,0.0,55,83,32
2017-08-06,89,76,0.0,61,84,20
2017-08-07,91,63,0.0,77,96,74
2017-08-08,100,62,0.0,82,97,50
2017-08-09,92,32,0.0,86,90,41
2017-08-10,96,98,0.0,85,90,45
2017-08-11,90,100,0.0,75,91,31
2017-08-12,88,0,0.0,54,77,26
2017-08-13,82,0,0.0,54,76,14
2017-08-14,96,33,0.0,78,87,55
2017-08-15,93,67,0.0,81,90,59
2017-08-16,92,65,0.0,89,90,47
2017-08-17,93,0,0.0,80,88,54
2017-08-18,87,33,0.0,75,88,64
2017-08-19,79,0,0.0,56,78,23
2017-08-20,84,0,0.0,58,78,25
2017-08-21,91,31,0.0,82,84,36
2017-08-22,91,64,0.0,86,92,51
2017-08-23,90,32,0.0,89,95,47
2017-08-24,89,64,0.0,89,91,47
2017-08-25,84,68,0.0,72,82,41
2017-08-26,82,0,0.0,57,73,20
2017-08-27,81,37,0.0,56,73,17
2017-08-28,86,32,0.0,86,87,50
2017-08-29,92,31,0.0,91,86,48
2017-08-30,90,64,0.0,100,90,61
2017-08-31,85,64,0.0,86,92,76
2017-09-01,87,0,0.0,72,91,61
2017-09-02,84,100,0.0,52,79,32
2017-09-03,88,98,0.0,56,81,39
2017-09-04,89,0,0.0,74,89,62
2017-09-05,94,83,95.0,85,89,62
2017-09-06,100,83,0.0,89,87,85
2017-09-07,97,43,0.0,93,94,76
2017-09-08,88,43,0.0,100,87,100
2017-09-09,83,0,0.0,55,74,27
2017-09-10,85,48,0.0,69,76,38
2017-09-11,97,41,0.0,92,90,62
2017-09-12,94,82,0.0,88,95,81
2017-09-13,97,41,0.0,95,93,66
2017-09-14,95,0,0.0,93,96,62
2017-09-15,94,44,100.0,84,93,45
2017-09-16,85,0,0.0,60,79,38
2017-09-17,90,0,0.0,65,77,19
2017-09-18,100,84,0.0,96,100,73
2017-09-19,98,82,94.0,93,99,59
2017-09-20,95,42,0.0,93,98,86
2017-09-21,98,84,0.0,88,95,100
2017-09-22,93,0,0.0,85,92,94
2017-09-23,87,98,0.0,62,79,23
2017-09-24,85,95,0.0,66,80,19
2017-09-25,99,83,0.0,98,98,89
2017-09-26,99,0,0.0,100,98,81
2017-09-27,96,0,0.0,96,97,89
2017-09-28,93,0,0.0,94,94,74
2017-09-29,97,44,0.0,84,93,52
2017-09-30,83,0,0.0,57,86,35
2017-10-01,80,0,0.0,61,74,46
2017-10-02,91,35,0.0,90,88,72
2017-10-03,92,0,0.0,98,94,81
2017-10-04,94,35,0.0,95,95,76
2017-10-05,93,70,0.0,94,86,44
2017-10-06,84,18,0.0,86,85,65
2017-10-07,81,0,0.0,60,78,25
2017-10-08,86,39,0.0,66,75,36
2017-10-09,93,17,100.0,93,94,71
2017-10-10,100,100,99.0,98,93,64
2017-10-11,95,51,0.0,100,98,56
2017-10-12,92,0,0.0,99,97,67
2017-10-13,88,54,0.0,88,93,62
2017-10-14,85,20,0.0,63,76,32
2017-10-15,81,19,0.0,70,77,25
2017-10-16,91,34,0.0,97,98,99
2017-10-17,96,34,0.0,92,100,64
2017-10-18,93,17,0.0,95,91,100
2017-10-19,89,53,0.0,88,88,83
2017-10-20,88,18,0.0,75,84,65
2017-10-21,84,20,0.0,56,68,22
2017-10-22,80,0,0.0,65,71,24
2017-10-23,96,34,0.0,98,92,76
2017-10-24,93,34,0.0,100,91,64
2017-10-25,95,68,0.0,97,90,71
2017-10-26,94,17,0.0,94,91,62
2017-10-27,85,18,0.0,81,88,58
2017-10-28,84,0,0.0,60,76,25
2017-10-29,79,0,0.0,69,69,17
2017-10-30,92,51,0.0,95,85,49
2017-10-31,93,0,0.0,91,84,75
2017-11-01,94,85,0.0,86,84,86
2017-11-02,95,21,0.0,87,90,82
2017-11-03,91,65,0.0,82,87,67
2017-11-04,84,24,0.0,58,72,29
2017-11-05,86,0,0.0,65,74,18
2017-11-06,100,20,0.0,98,83,88
2017-11-07,94,61,0.0,97,92,60
2017-11-08,99,41,0.0,96,96,83
2017-11-09,97,41,0.0,94,92,90
2017-11-10,93,0,100.0,83,83,60
2017-11-11,85,24,0.0,57,75,40
2017-11-12,88,23,0.0,67,73,54
2017-11-13,93,20,0.0,93,84,100
2017-11-14,98,0,0.0,100,94,82
2017-11-15,98,0,0.0,97,92,75
2017-11-16,96,0,0.0,95,100,66
2017-11-17,91,0,0.0,81,90,59
2017-11-18,84,0,0.0,59,78,29
2017-11-19,78,47,0.0,65,78,29
2017-11-20,93,41,0.0,94,87,63
2017-11-21,95,41,94.0,85,90,75
2017-11-22,88,62,0.0,82,82,83
2017-11-23,79,63,0.0,69,68,75
2017-11-24,74,0,0.0,62,63,36
2017-11-25,79,0,0.0,57,70,33
2017-11-26,83,23,0.0,66,69,21
2017-11-27,94,40,0.0,87,85,58
2017-11-28,94,100,93.0,98,86,74
2017-11-29,92,21,0.0,90,90,86
2017-11-30,98,21,0.0,94,85,67
2017-12-01,90,30,0.0,84,94,73
2017-12-02,85,0,98.0,61,76,13
2017-12-03,86,100,0.0,68,73,38
2017-12-04,94,58,0.0,100,96,99
2017-12-05,100,0,0.0,98,95,69
2017-12-06,100,59,0.0,97,100,52
2017-12-07,96,89,0.0,95,91,67
2017-12-08,89,0,0.0,86,94,66
2017-12-09,81,0,99.0,61,80,35
2017-12-10,79,0,0.0,71,69,38
2017-12-11,91,29,0.0,99,89,55
2017-12-12,100,29,0.0,87,86,65
2017-12-13,94,29,0.0,92,90,100
2017-12-14,94,59,0.0,86,91,67
2017-12-15,86,0,0.0,71,89,62
2017-12-16,75,0,0.0,54,79,26
2017-12-17,83,0,0.0,55,75,34
2017-12-18,84,59,0.0,72,88,64
2017-12-19,92,30,88.0,76,88,76
2017-12-20,85,31,0.0,72,91,74
2017-12-21,85,0,0.0,69,82,76
2017-12-22,82,33,0.0,52,83,50
2017-12-23,76,0,0.0,38,76,18
2017-12-24,76,0,0.0,34,78,19
2017-12-25,68,0,0.0,37,78,24
2017-12-26,79,66,0.0,46,78,46
2017-12-27,89,32,0.0,56,82,48
2017-12-28,92,32,0.0,56,86,52
2017-12-29,91,33,0.0,52,77,70
2017-12-30,81,0,100.0,41,70,30
2017-12-31,78,0,0.0,39,75,19
2018-01-01,80,0,0.0,40,90,31
2018-01-02,90,0,0.0,65,94,52
2018-01-03,89,75,0.0,72,96,66
2018-01-04,93,75,0.0,72,91,57
2018-01-05,94,52,0.0,69,92,26
2018-01-06,83,0,0.0,49,82,28
2018-01-07,90,0,0.0,56,77,28
2018-01-08,90,24,0.0,83,94,58
2018-01-09,96,96,0.0,85,92,64
2018-01-10,95,24,0.0,87,97,62
2018-01-11,98,25,0.0,84,97,59
2018-01-12,89,25,0.0,75,89,60
2018-01-13,84,28,0.0,56,79,39
2018-01-14,83,0,0.0,57,77,35
2018-01-15,90,48,97.0,75,86,88
2018-01-16,90,47,0.0,89,92,60
2018-01-17,91,48,96.0,92,92,87
2018-01-18,98,24,0.0,92,97,83
2018-01-19,95,100,0.0,83,98,76
2018-01-20,83,27,0.0,56,88,31
2018-01-21,85,0,0.0,66,91,10
2018-01-22,97,0,0.0,91,96,81
2018-01-23,99,24,0.0,91,96,33
2018-01-24,100,48,0.0,93,94,57
2018-01-25,96,24,0.0,91,100,89
2018-01-26,93,0,100.0,77,95,72
2018-01-27,89,0,0.0,58,86,24
2018-01-28,87,0,0.0,66,83,31
2018-01-29,96,48,0.0,95,91,69
2018-01-30,100,96,0.0,97,95,69
2018-01-31,95,24,0.0,100,98,100
2018-02-01,94,33,0.0,99,93,68
2018-02-02,91,33,0.0,80,87,84
2018-02-03,83,74,58.0,63,83,23
2018-02-04,84,37,0.0,69,76,17
2018-02-05,94,97,0.0,89,90,70
2018-02-06,94,64,100.0,99,95,89
2018-02-07,99,97,0.0,96,96,57
2018-02-08,98,97,51.0,92,98,58
2018-02-09,91,100,0.0,83,93,49
2018-02-10,81,37,0.0,62,77,31
2018-02-11,82,0,0.0,67,80,17
2018-02-12,93,65,0.0,93,91,60
2018-02-13,91,33,0.0,92,97,48
2018-02-14,86,33,0.0,85,86,58
2018-02-15,94,66,0.0,88,94,51
2018-02-16,87,34,0.0,83,94,46
2018-02-17,83,38,0.0,63,80,20
2018-02-18,84,0,0.0,68,77,31
2018-02-19,96,0,0.0,88,92,100
2018-02-20,97,0,0.0,98,95,67
2018-02-21,100,96,50.0,92,91,49
2018-02-22,95,0,0.0,98,100,65
2018-02-23,91,34,0.0,84,93,65
2018-02-24,82,74,0.0,61,79,20
2018-02-25,87,72,0.0,66,79,28
2018-02-26,92,32,0.0,100,92,56
2018-02-27,94,63,0.0,97,95,75
2018-02-28,92,63,49.0,95,94,68
2018-03-01,90,23,0.0,92,91,100
2018-03-02,83,49,0.0,82,83,69
2018-03-03,84,27,0.0,61,72,30
2018-03-04,85,0,0.0,69,74,15
2018-03-05,95,46,0.0,97,86,84
2018-03-06,100,23,0.0,99,96,66
2018-03-07,99,72,0.0,100,89,64
2018-03-08,96,72,0.0,96,84,74
2018-03-09,90,75,0.0,87,91,77
2018-03-10,85,0,100.0,64,74,27
2018-03-11,81,0,0.0,69,80,34
2018-03-12,97,47,0.0,98,87,86
2018-03-13,97,0,0.0,100,89,70
2018-03-14,90,47,0.0,96,84,79
2018-03-15,90,0,0.0,94,88,60
2018-03-16,89,25,0.0,80,86,73
2018-03-17,80,54,0.0,60,72,11
2018-03-18,82,0,0.0,63,77,15
2018-03-19,96,0,0.0,95,96,91
2018-03-20,95,47,0.0,96,95,69
2018-03-21,93,24,0.0,99,88,90
2018-03-22,94,24,0.0,92,93,53
2018-03-23,91,98,0.0,83,88,62
2018-03-24,83,0,0.0,62,76,28
2018-03-25,85,56,0.0,68,77,35
2018-03-26,99,24,0.0,91,89,68
2018-03-27,95,24,0.0,89,94,74
2018-03-28,93,49,0.0,92,91,75
2018-03-29,91,100,0.0,80,94,84
2018-03-30,87,27,0.0,72,100,45
2018-03-31,84,0,0.0,59,74,20
2018-04-01,81,0,0.0,60,83,13
2018-04-02,96,27,0.0,82,97,38
2018-04-03,99,50,0.0,95,90,67
2018-04-04,98,25,87.0,92,89,74
2018-04-05,95,25,0.0,91,91,43
2018-04-06,91,26,91.0,84,87,81
2018-04-07,85,0,100.0,59,79,33
2018-04-08,86,58,0.0,69,75,45
2018-04-09,94,100,87.0,90,92,74
2018-04-10,97,24,0.0,94,90,65
2018-04-11,93,49,0.0,93,92,97
2018-04-12,91,0,0.0,93,93,74
2018-04-13,92,78,0.0,83,89,48
2018-04-14,78,0,0.0,59,75,21
2018-04-15,83,0,0.0,73,76,40
2018-04-16,99,50,0.0,92,93,70
2018-04-17,100,50,0.0,100,100,81
2018-04-18,98,0,0.0,89,94,89
2018-04-19,99,78,0.0,97,98,92
2018-04-20,93,27,0.0,81,99,67
2018-04-21,82,0,0.0,61,79,41
2018-04-22,91,29,0.0,66,77,20
2018-04-23,95,0,0.0,93,95,72
2018-04-24,96,25,0.0,92,90,83
2018-04-25,95,25,0.0,90,94,63
2018-04-26,97,25,0.0,91,96,100
2018-04-27,88,53,92.0,80,89,60
2018-04-28,87,30,0.0,55,80,42
2018-04-29,87,0,0.0,59,79,33
2018-04-30,97,0,0.0,89,92,55
2018-05-01,100,90,0.0,100,100,71
2018-05-02,96,42,0.0,98,95,94
2018-05-03,95,43,0.0,99,96,96
2018-05-04,88,0,0.0,89,90,59
2018-05-05,79,100,0.0,65,73,41
2018-05-06,84,49,0.0,66,72,24
2018-05-07,94,43,0.0,97,91,60
2018-05-08,98,84,0.0,95,92,94
2018-05-09,94,43,0.0,100,95,98
2018-05-10,93,86,0.0,94,95,78
2018-05-11,92,0,0.0,78,97,91
2018-05-12,82,50,0.0,56,73,49
2018-05-13,77,49,0.0,58,74,32
2018-05-14,93,43,0.0,98,92,77
2018-05-15,91,42,0.0,95,93,59
2018-05-16,88,42,0.0,88,86,73
2018-05-17,91,87,98.0,92,88,89
2018-05-18,85,90,0.0,86,86,100
2018-05-19,78,0,0.0,55,77,45
2018-05-20,88,0,0.0,65,80,46
2018-05-21,92,44,0.0,86,97,57
2018-05-22,95,0,0.0,91,88,81
2018-05-23,92,0,98.0,87,92,50
2018-05-24,92,0,99.0,87,89,89
2018-05-25,83,0,0.0,77,91,52
2018-05-26,83,0,0.0,53,74,21
2018-05-27,89,0,0.0,60,73,8
2018-05-28,85,44,0.0,71,78,44
2018-05-29,94,85,0.0,89,85,91
2018-05-30,92,42,0.0,95,94,70
2018-05-31,96,0,100.0,86,97,80
2018-06-01,91,0,0.0,83,90,71
2018-06-02,89,0,100.0,60,75,33
2018-06-03,91,0,0.0,69,79,38
2018-06-04,98,100,0.0,99,94,78
2018-06-05,99,25,0.0,100,92,75
2018-06-06,96,25,0.0,100,99,93
2018-06-07,92,0,0.0,97,100,86
2018-06-08,90,53,90.0,86,96,56
2018-06-09,86,0,0.0,63,79,12
2018-06-10,88,0,0.0,65,77,17
2018-06-11,97,48,0.0,90,98,93
2018-06-12,96,23,0.0,96,88,78
2018-06-13,96,23,0.0,93,92,100
2018-06-14,90,50,0.0,88,88,78
2018-06-15,85,0,0.0,73,77,71
2018-06-16,77,0,0.0,55,73,21
2018-06-17,81,0,0.0,60,74,25
2018-06-18,92,25,0.0,92,84,63
2018-06-19,90,24,0.0,94,85,59
2018-06-20,98,50,0.0,90,90,64
2018-06-21,90,25,0.0,94,88,82
2018-06-22,90,0,0.0,78,87,85
2018-06-23,87,0,0.0,60,73,24
2018-06-24,91,0,0.0,70,75,29
2018-06-25,100,0,0.0,97,92,77
2018-06-26,89,49,0.0,93,94,66
2018-06-27,91,49,0.0,94,90,63
2018-06-28,92,50,0.0,93,85,100
2018-06-29,94,0,0.0,82,84,53
2018-06-30,83,29,0.0,60,77,20
2018-07-01,84,30,100.0,64,69,27
2018-07-02,87,0,0.0,90,85,63
2018-07-03,86,53,0.0,88,77,72
2018-07-04,80,28,0.0,85,65,41
2018-07-05,89,27,0.0,91,76,72
2018-07-06,86,0,0.0,75,80,43
2018-07-07,80,0,0.0,61,64,24
2018-07-08,90,31,0.0,66,69,35
2018-07-09,93,27,0.0,92,83,64
2018-07-10,90,26,0.0,94,81,67
2018-07-11,93,100,0.0,93,83,48
2018-07-12,91,56,92.0,94,82,82
2018-07-13,89,86,0.0,86,77,59
2018-07-14,81,0,0.0,63,70,18
2018-07-15,86,0,0.0,68,69,18
2018-07-16,94,55,0.0,93,83,62
2018-07-17,94,0,0.0,99,89,95
2018-07-18,93,27,0.0,100,86,56
2018-07-19,98,0,0.0,97,86,72
2018-07-20,87,0,0.0,82,81,71
2018-07-21,84,0,0.0,57,71,43
2018-07-22,84,0,0.0,69,75,18
2018-07-23,97,0,0.0,96,82,44
2018-07-24,92,81,0.0,98,84,64
2018-07-25,100,55,0.0,96,100,78
2018-07-26,94,28,0.0,95,86,100
2018-07-27,89,28,0.0,81,82,57
2018-07-28,82,31,0.0,62,73,32
2018-07-29,86,31,0.0,65,71,28
2018-07-30,92,27,0.0,92,78,85
2018-07-31,94,27,89.0,96,83,67
2018-08-01,95,63,0.0,91,98,81
2018-08-02,94,31,0.0,89,93,64
2018-08-03,89,67,0.0,79,95,82
2018-08-04,89,0,0.0,62,87,40
2018-08-05,89,0,0.0,66,80,11
2018-08-06,100,32,0.0,86,95,56
2018-08-07,97,62,0.0,90,96,82
2018-08-08,94,95,0.0,86,94,72
2018-08-09,93,0,0.0,83,91,89
2018-08-10,94,0,0.0,81,95,68
2018-08-11,84,36,0.0,59,79,21
2018-08-12,90,36,0.0,63,81,46
2018-08-13,94,64,0.0,86,95,44
2018-08-14,97,0,0.0,88,92,78
2018-08-15,91,33,0.0,86,89,71
2018-08-16,92,0,100.0,89,97,80
2018-08-17,88,0,0.0,76,87,77
2018-08-18,80,0,0.0,54,83,18
2018-08-19,86,0,0.0,65,81,22
2018-08-20,95,33,0.0,95,92,52
2018-08-21,91,33,0.0,97,93,96
2018-08-22,91,100,0.0,98,100,69
2018-08-23,90,33,0.0,97,94,100
2018-08-24,88,34,0.0,87,87,73
2018-08-25,86,0,0.0,62,77,32
2018-08-26,90,0,0.0,68,73,11
2018-08-27,93,0,0.0,88,89,44
2018-08-28,92,64,0.0,100,94,56
2018-08-29,94,94,96.0,96,96,52
2018-08-30,94,64,0.0,99,93,97
2018-08-31,86,33,0.0,87,89,55
2018-09-01,82,23,0.0,53,75,46
2018-09-02,84,0,0.0,58,74,38
2018-09-03,89,0,0.0,71,87,34
2018-09-04,94,20,0.0,91,89,89
2018-09-05,94,0,0.0,90,90,89
2018-09-06,92,0,0.0,92,92,66
2018-09-07,93,42,0.0,79,100,56
2018-09-08,89,0,0.0,65,91,30
2018-09-09,86,0,0.0,68,80,46
2018-09-10,93,39,0.0,90,88,91
2018-09-11,94,39,100.0,98,91,89
2018-09-12,90,0,0.0,94,92,69
2018-09-13,93,60,0.0,88,88,50
2018-09-14,90,0,0.0,80,88,76
2018-09-15,85,69,0.0,59,81,46
2018-09-16,87,23,0.0,68,79,26
2018-09-17,99,60,0.0,92,93,100
2018-09-18,100,39,0.0,100,91,65
2018-09-19,99,40,0.0,89,92,76
2018-09-20,94,0,0.0,90,95,72
2018-09-21,93,0,0.0,84,90,48
2018-09-22,83,23,0.0,63,84,23
2018-09-23,82,22,0.0,69,74,37
2018-09-24,95,100,0.0,94,96,86
2018-09-25,96,20,0.0,99,95,88
2018-09-26,94,39,0.0,98,92,79
2018-09-27,93,40,0.0,95,92,94
2018-09-28,92,0,0.0,86,81,65
2018-09-29,83,0,0.0,61,78,19
2018-09-30,86,0,0.0,72,79,26
2018-10-01,91,25,0.0,96,92,40
2018-10-02,95,74,0.0,96,93,49
2018-10-03,92,25,0.0,95,87,63
2018-10-04,95,50,0.0,96,92,55
2018-10-05,89,0,0.0,83,89,29
2018-10-06,82,0,0.0,61,77,18
2018-10-07,81,0,0.0,66,70,22
2018-10-08,88,50,0.0,89,91,68
2018-10-09,95,71,93.0,99,91,50
2018-10-10,91,25,0.0,97,90,59
2018-10-11,94,51,0.0,96,91,63
2018-10-12,86,27,0.0,86,93,51
2018-10-13,87,0,0.0,61,81,13
2018-10-14,86,29,0.0,68,76,16
2018-10-15,93,50,0.0,95,95,59
2018-10-16,100,25,0.0,100,98,50
2018-10-17,91,25,0.0,92,96,59
2018-10-18,90,0,100.0,89,91,72
2018-10-19,83,80,0.0,80,92,41
2018-10-20,81,0,0.0,57,76,24
2018-10-21,85,0,0.0,67,72,31
2018-10-22,92,50,0.0,93,92,86
2018-10-23,92,0,0.0,95,92,70
2018-10-24,88,0,0.0,96,96,81
2018-10-25,89,100,98.0,94,100,100
2018-10-26,83,26,0.0,80,90,45
2018-10-27,76,0,0.0,56,78,22
2018-10-28,80,0,0.0,66,75,18
2018-10-29,90,72,0.0,89,91,61
2018-10-30,85,24,0.0,96,90,51
2018-10-31,85,51,0.0,87,89,60
2018-11-01,89,53,0.0,87,93,89
2018-11-02,93,26,100.0,77,91,42
2018-11-03,83,58,0.0,57,80,33
2018-11-04,85,56,0.0,64,77,17
2018-11-05,97,0,0.0,91,96,72
2018-11-06,90,0,0.0,90,92,75
2018-11-07,86,24,0.0,87,89,54
2018-11-08,96,49,94.0,87,97,65
2018-11-09,83,52,0.0,78,90,88
2018-11-10,82,0,0.0,54,79,25
2018-11-11,83,28,0.0,62,74,45
2018-11-12,97,25,0.0,90,94,97
2018-11-13,97,49,0.0,92,97,80
2018-11-14,97,51,0.0,98,94,95
2018-11-15,87,51,0.0,89,92,92
2018-11-16,87,0,0.0,80,90,92
2018-11-17,83,29,0.0,66,84,44
2018-11-18,85,57,0.0,69,82,43
2018-11-19,99,25,0.0,96,92,98
2018-11-20,89,0,0.0,93,90,38
2018-11-21,86,100,0.0,79,86,56
2018-11-22,74,26,0.0,77,75,45
2018-11-23,74,0,0.0,62,74,55
2018-11-24,77,0,0.0,59,80,31
2018-11-25,79,0,0.0,68,73,31
2018-11-26,94,24,0.0,97,96,100
2018-11-27,98,25,0.0,94,100,77
2018-11-28,97,50,95.0,100,95,71
2018-11-29,100,50,0.0,95,97,50
2018-11-30,92,0,0.0,85,89,79
2018-12-01,82,29,0.0,64,83,43
2018-12-02,84,0,0.0,68,75,33
2018-12-03,95,24,88.0,96,93,66
2018-12-04,100,25,0.0,100,95,89
2018-12-05,92,24,0.0,93,97,55
2018-12-06,89,25,0.0,91,92,72
2018-12-07,88,52,0.0,75,87,97
2018-12-08,80,0,0.0,56,73,48
2018-12-09,82,56,0.0,64,74,29
2018-12-10,94,100,0.0,86,90,75
2018-12-11,88,0,0.0,80,93,67
2018-12-12,90,50,91.0,85,93,76
2018-12-13,86,77,0.0,78,100,100
2018-12-14,86,26,0.0,74,95,61
2018-12-15,79,30,0.0,51,79,22
2018-12-16,78,29,0.0,58,75,40
2018-12-17,91,23,0.0,75,89,73
2018-12-18,90,24,87.0,72,92,79
2018-12-19,84,26,0.0,70,93,98
2018-12-20,86,27,0.0,66,90,68
2018-12-21,83,0,100.0,56,83,50
2018-12-22,78,0,0.0,44,78,18
2018-12-23,79,30,0.0,36,71,37
2018-12-24,71,0,0.0,42,82,14
2018-12-25,69,0,0.0,35,84,24
2018-12-26,76,0,100.0,48,83,21
2018-12-27,87,0,0.0,50,81,52
2018-12-28,88,0,0.0,56,87,57
2018-12-29,82,0,0.0,40,75,48
2018-12-30,78,0,0.0,42,76,22
2018-12-31,78,0,0.0,43,87,35
2019-01-01,76,0,0.0,45,85,57
2019-01-02,91,28,0.0,74,94,71
2019-01-03,90,53,0.0,74,91,68
2019-01-04,95,27,0.0,72,94,48
2019-01-05,84,0,0.0,59,82,30
2019-01-06,84,30,100.0,60,77,30
2019-01-07,88,79,0.0,85,88,61
2019-01-08,92,25,0.0,88,92,78
2019-01-09,92,0,0.0,94,96,81
2019-01-10,90,26,0.0,94,95,59
2019-01-11,91,27,0.0,81,100,100
2019-01-12,85,30,0.0,59,82,45
2019-01-13,84,0,0.0,67,72,36
2019-01-14,92,25,0.0,85,89,62
2019-01-15,90,0,0.0,94,91,96
2019-01-16,94,77,0.0,96,91,69
2019-01-17,96,52,0.0,96,97,73
2019-01-18,91,26,90.0,84,94,53
2019-01-19,83,0,0.0,60,87,42
2019-01-20,87,56,0.0,61,81,25
2019-01-21,93,0,0.0,85,83,75
2019-01-22,100,25,0.0,94,97,73
2019-01-23,95,100,0.0,92,95,73
2019-01-24,98,0,0.0,93,97,100
2019-01-25,90,0,0.0,85,93,59
2019-01-26,83,29,0.0,59,83,29
2019-01-27,90,0,0.0,73,83,26
2019-01-28,100,0,0.0,99,93,57
2019-01-29,99,25,0.0,98,96,42
2019-01-30,96,25,0.0,100,93,59
2019-01-31,96,51,0.0,95,89,71
2019-02-01,88,0,0.0,81,92,52
2019-02-02,86,0,0.0,58,77,17
2019-02-03,83,0,0.0,63,78,21
2019-02-04,96,65,0.0,91,90,48
2019-02-05,100,65,0.0,98,95,29
2019-02-06,97,0,0.0,92,95,72
2019-02-07,100,64,0.0,95,97,26
2019-02-08,89,65,0.0,84,92,32
2019-02-09,83,0,0.0,59,83,19
2019-02-10,86,36,0.0,68,80,23
2019-02-11,95,31,0.0,95,94,59
2019-02-12,100,64,0.0,90,94,65
2019-02-13,95,94,0.0,90,93,53
2019-02-14,89,0,0.0,83,92,100
2019-02-15,88,100,100.0,80,95,64
2019-02-16,87,37,0.0,61,87,26
2019-02-17,86,37,0.0,68,85,13
2019-02-18,90,32,0.0,89,94,62
2019-02-19,93,31,0.0,92,97,74
2019-02-20,93,32,0.0,98,93,45
2019-02-21,94,0,0.0,92,96,28
2019-02-22,88,0,0.0,81,96,31
2019-02-23,90,0,0.0,61,87,28
2019-02-24,84,0,0.0,65,83,17
2019-02-25,97,63,0.0,95,93,52
2019-02-26,99,0,0.0,98,96,51
2019-02-27,93,92,0.0,94,100,58
2019-02-28,99,98,0.0,100,98,61
2019-03-01,87,51,0.0,84,89,60
2019-03-02,81,28,0.0,63,74,37
2019-03-03,86,0,0.0,68,81,31
2019-03-04,94,0,0.0,90,91,41
2019-03-05,99,0,0.0,100,97,61
2019-03-06,100,73,0.0,96,97,52
2019-03-07,96,76,0.0,96,98,72
2019-03-08,93,53,0.0,79,91,69
2019-03-09,83,0,0.0,62,75,23
2019-03-10,80,0,0.0,63,74,28
2019-03-11,94,49,0.0,91,89,58
2019-03-12,91,24,0.0,93,88,62
2019-03-13,89,49,0.0,86,86,74
2019-03-14,93,25,99.0,90,86,56
2019-03-15,82,25,0.0,78,82,54
2019-03-16,84,0,0.0,61,72,26
2019-03-17,79,0,0.0,63,73,34
2019-03-18,96,25,0.0,87,88,77
2019-03-19,97,48,0.0,91,97,78
2019-03-20,97,100,0.0,86,94,74
2019-03-21,96,0,0.0,86,93,39
2019-03-22,94,26,0.0,78,88,88
2019-03-23,85,0,0.0,57,78,38
2019-03-24,87,26,0.0,65,78,11
2019-03-25,98,75,0.0,88,92,66
2019-03-26,95,25,100.0,92,92,79
2019-03-27,97,0,0.0,90,93,100
2019-03-28,96,76,0.0,89,100,67
2019-03-29,92,53,0.0,84,86,78
2019-03-30,81,29,0.0,56,81,44
2019-03-31,84,29,0.0,63,80,23
2019-04-01,95,0,0.0,90,92,90
2019-04-02,98,19,0.0,100,88,54
2019-04-03,99,0,0.0,92,88,63
2019-04-04,100,0,0.0,88,91,78
2019-04-05,89,100,0.0,80,90,72
2019-04-06,85,0,0.0,59,76,42
2019-04-07,85,0,0.0,63,75,28
2019-04-08,95,19,0.0,84,90,74
2019-04-09,95,19,0.0,90,92,78
2019-04-10,97,19,0.0,92,91,84
2019-04-11,91,19,0.0,87,91,72
2019-04-12,86,60,0.0,79,88,66
2019-04-13,82,22,0.0,53,75,39
2019-04-14,81,0,0.0,57,71,37
2019-04-15,91,39,0.0,85,89,40
2019-04-16,93,19,0.0,87,89,64
2019-04-17,96,20,0.0,81,93,62
2019-04-18,92,62,0.0,76,92,65
2019-04-19,88,22,0.0,63,98,41
2019-04-20,83,0,0.0,53,82,18
2019-04-21,78,23,0.0,54,80,14
2019-04-22,96,20,0.0,78,91,77
2019-04-23,96,19,0.0,86,95,49
2019-04-24,92,19,0.0,81,100,82
2019-04-25,95,0,0.0,84,96,73
2019-04-26,91,0,100.0,73,92,100
2019-04-27,82,0,0.0,54,78,38
2019-04-28,81,0,0.0,60,75,30
2019-04-29,94,0,0.0,82,89,74
2019-04-30,92,95,0.0,85,89,48
2019-05-01,97,0,0.0,95,100,49
2019-05-02,97,24,0.0,99,93,67
2019-05-03,92,100,0.0,92,90,47
2019-05-04,84,0,0.0,64,79,23
2019-05-05,81,0,0.0,70,73,18
2019-05-06,91,48,0.0,89,88,50
2019-05-07,100,0,0.0,100,90,46
2019-05-08,91,24,0.0,99,91,53
2019-05-09,95,0,0.0,96,96,100
2019-05-10,88,25,0.0,88,88,70
2019-05-11,82,29,0.0,62,74,11
2019-05-12,81,0,0.0,63,76,13
2019-05-13,92,24,100.0,90,89,51
2019-05-14,100,49,0.0,96,92,60
2019-05-15,89,48,0.0,95,91,62
2019-05-16,94,0,0.0,93,93,56
2019-05-17,87,0,0.0,87,95,38
2019-05-18,82,0,0.0,66,77,19
2019-05-19,84,0,0.0,63,68,21
2019-05-20,95,24,0.0,88,93,71
2019-05-21,93,0,0.0,86,94,58
2019-05-22,95,96,0.0,91,90,59
2019-05-23,89,0,96.0,80,84,49
2019-05-24,88,77,0.0,82,83,53
2019-05-25,82,0,0.0,63,76,13
2019-05-26,83,0,0.0,60,68,13
2019-05-27,81,25,100.0,74,70,32
2019-05-28,94,24,0.0,86,90,65
2019-05-29,97,48,0.0,92,91,49
2019-05-30,96,25,0.0,86,91,77
2019-05-31,90,25,0.0,77,82,52
2019-06-01,89,0,0.0,63,75,27
2019-06-02,89,48,0.0,64,74,16
2019-06-03,93,42,0.0,91,87,62
2019-06-04,96,43,0.0,91,89,57
2019-06-05,93,0,0.0,96,87,57
2019-06-06,94,85,0.0,94,87,97
2019-06-07,95,0,0.0,83,84,56
2019-06-08,84,0,0.0,66,75,36
2019-06-09,88,0,0.0,63,77,20
2019-06-10,98,84,0.0,99,86,59
2019-06-11,92,85,99.0,91,87,59
2019-06-12,94,0,0.0,97,94,67
2019-06-13,94,0,0.0,91,91,77
2019-06-14,86,44,0.0,87,89,88
2019-06-15,86,0,0.0,65,77,33
2019-06-16,87,49,0.0,68,74,20
2019-06-17,97,0,0.0,97,89,72
2019-06-18,99,43,100.0,100,94,100
2019-06-19,97,42,0.0,99,95,63
2019-06-20,100,87,0.0,98,95,47
2019-06-21,98,0,0.0,86,92,51
2019-06-22,84,0,0.0,63,78,44
2019-06-23,89,100,0.0,70,72,40
2019-06-24,99,0,0.0,92,88,81
2019-06-25,98,0,0.0,98,100,55
2019-06-26,98,42,0.0,92,98,85
2019-06-27,94,42,0.0,91,87,68
2019-06-28,89,45,0.0,90,83,61
2019-06-29,84,0,0.0,77,74,47
2019-06-30,82,0,0.0,72,71,20
2019-07-01,88,64,96.0,94,88,68
2019-07-02,90,63,0.0,92,93,43
2019-07-03,89,0,0.0,95,82,36
2019-07-04,81,33,0.0,89,74,55
2019-07-05,84,34,0.0,81,83,56
2019-07-06,88,0,0.0,61,72,31
2019-07-07,86,0,0.0,69,76,19
2019-07-08,93,64,0.0,92,88,60
2019-07-09,96,0,0.0,100,92,80
2019-07-10,90,63,0.0,95,88,50
2019-07-11,94,32,0.0,97,94,56
2019-07-12,92,0,0.0,84,100,55
2019-07-13,90,0,0.0,67,87,31
2019-07-14,85,36,0.0,69,80,19
2019-07-15,96,0,0.0,93,93,100
2019-07-16,97,0,0.0,96,95,51
2019-07-17,95,0,0.0,99,90,46
2019-07-18,100,0,100.0,91,96,60
2019-07-19,91,69,0.0,79,88,47
2019-07-20,86,0,0.0,61,76,34
2019-07-21,91,0,0.0,66,77,17
2019-07-22,97,66,99.0,92,90,75
2019-07-23,93,0,0.0,90,88,46
2019-07-24,93,100,0.0,93,87,88
2019-07-25,97,68,0.0,92,92,82
2019-07-26,90,34,0.0,76,86,88
2019-07-27,91,0,0.0,61,83,32
2019-07-28,87,0,0.0,62,77,22
2019-07-29,97,33,0.0,82,94,85
2019-07-30,98,33,98.0,86,89,87
2019-07-31,94,0,0.0,83,92,60
2019-08-01,99,32,0.0,78,89,56
2019-08-02,95,0,0.0,73,90,62
2019-08-03,87,0,0.0,56,82,47
2019-08-04,88,37,0.0,57,75,17
2019-08-05,93,0,0.0,77,88,65
2019-08-06,95,0,0.0,84,84,85
2019-08-07,93,32,0.0,84,90,70
2019-08-08,96,0,0.0,81,92,74
2019-08-09,92,100,0.0,70,84,82
2019-08-10,84,37,51.0,57,79,20
2019-08-11,89,0,0.0,57,78,27
2019-08-12,95,64,0.0,78,87,65
2019-08-13,99,32,0.0,86,90,81
2019-08-14,96,30,0.0,82,87,61
2019-08-15,88,33,0.0,76,90,42
2019-08-16,91,0,0.0,74,89,72
2019-08-17,93,37,100.0,60,81,23
2019-08-18,88,0,0.0,63,82,26
2019-08-19,100,0,0.0,88,93,69
2019-08-20,97,32,0.0,89,91,78
2019-08-21,97,31,0.0,90,92,100
2019-08-22,99,0,0.0,94,93,66
2019-08-23,92,0,0.0,79,90,62
2019-08-24,89,0,0.0,58,78,20
2019-08-25,87,0,0.0,63,80,30
2019-08-26,98,31,0.0,90,90,49
2019-08-27,93,62,42.0,95,100,65
2019-08-28,97,31,0.0,96,96,79
2019-08-29,97,62,0.0,100,95,68
2019-08-30,94,63,0.0,86,94,58
2019-08-31,84,0,0.0,61,75,35
2019-09-01,86,0,0.0,59,77,17
2019-09-02,83,45,0.0,72,79,69
2019-09-03,100,43,0.0,89,87,61
2019-09-04,95,0,0.0,90,91,99
2019-09-05,96,0,0.0,90,90,61
2019-09-06,94,45,0.0,81,92,70
2019-09-07,86,0,0.0,62,80,26
2019-09-08,87,0,0.0,68,82,32
2019-09-09,96,0,0.0,97,90,70
2019-09-10,96,0,0.0,97,91,93
2019-09-11,94,43,0.0,94,95,83
2019-09-12,97,44,0.0,100,99,89
2019-09-13,94,45,0.0,86,93,68
2019-09-14,85,50,100.0,60,79,20
2019-09-15,93,0,0.0,68,80,23
2019-09-16,98,85,0.0,92,90,75
2019-09-17,100,0,0.0,97,97,100
2019-09-18,96,42,0.0,100,94,70
2019-09-19,99,0,0.0,95,91,82
2019-09-20,94,45,0.0,86,89,55
2019-09-21,85,0,0.0,59,76,20
2019-09-22,86,0,0.0,71,77,20
2019-09-23,99,0,0.0,97,92,44
2019-09-24,100,0,0.0,98,94,49
2019-09-25,100,42,0.0,99,100,91
2019-09-26,93,44,0.0,96,97,77
2019-09-27,93,44,0.0,87,92,70
2019-09-28,87,100,0.0,65,80,20
2019-09-29,87,49,0.0,67,77,23
2019-09-30,95,0,0.0,94,96,78
2019-10-01,92,0,0.0,88,87,77
2019-10-02,88,0,0.0,84,95,96
2019-10-03,93,0,100.0,90,91,56
2019-10-04,88,73,0.0,81,93,64
2019-10-05,87,82,0.0,62,77,29
2019-10-06,79,0,0.0,67,79,19
2019-10-07,98,35,0.0,90,94,81
2019-10-08,97,35,0.0,91,95,90
2019-10-09,100,35,0.0,100,95,95
2019-10-10,97,35,0.0,93,94,67
2019-10-11,85,0,0.0,80,89,96
2019-10-12,83,0,0.0,59,76,25
2019-10-13,84,0,0.0,65,78,25
2019-10-14,97,0,0.0,93,98,56
2019-10-15,96,34,0.0,99,91,68
2019-10-16,96,0,98.0,98,96,72
2019-10-17,91,35,0.0,92,92,67
2019-10-18,92,0,0.0,86,96,58
2019-10-19,79,79,0.0,62,81,28
2019-10-20,84,0,0.0,66,76,35
2019-10-21,90,0,0.0,93,96,87
2019-10-22,96,100,0.0,94,98,72
2019-10-23,100,35,0.0,93,100,83
2019-10-24,90,34,0.0,85,97,71
2019-10-25,88,37,0.0,81,92,82
2019-10-26,78,40,0.0,57,80,38
2019-10-27,76,0,0.0,56,77,31
2019-10-28,90,0,0.0,88,99,57
2019-10-29,91,35,0.0,96,94,70
2019-10-30,92,35,0.0,89,96,99
2019-10-31,90,36,0.0,87,92,100
2019-11-01,90,0,0.0,77,89,73
2019-11-02,85,0,0.0,58,73,32
2019-11-03,85,0,0.0,64,75,35
2019-11-04,98,45,0.0,92,96,65
2019-11-05,95,45,0.0,97,95,72
2019-11-06,99,0,100.0,95,100,77
2019-11-07,99,0,0.0,95,92,71
2019-11-08,90,46,0.0,83,91,85
2019-11-09,83,0,0.0,60,78,35
2019-11-10,84,50,0.0,68,77,26
2019-11-11,96,0,0.0,89,84,59
2019-11-12,96,44,99.0,92,95,100
2019-11-13,93,0,0.0,95,88,78
2019-11-14,92,88,0.0,92,90,74
2019-11-15,89,0,0.0,82,93,57
2019-11-16,87,0,0.0,60,81,41
2019-11-17,88,0,0.0,66,80,27
2019-11-18,100,0,0.0,100,98,73
2019-11-19,95,0,0.0,97,99,71
2019-11-20,97,0,0.0,95,94,77
2019-11-21,98,91,0.0,94,96,82
2019-11-22,96,0,0.0,80,93,41
2019-11-23,85,0,0.0,57,82,32
2019-11-24,86,0,0.0,63,78,32
2019-11-25,95,89,0.0,87,92,67
2019-11-26,96,45,0.0,89,89,62
2019-11-27,86,45,0.0,83,83,91
2019-11-28,77,0,0.0,71,73,34
2019-11-29,73,0,0.0,61,77,72
2019-11-30,77,100,0.0,55,75,29
2019-12-01,80,0,0.0,67,76,40
2019-12-02,95,0,0.0,92,90,90
2019-12-03,100,85,0.0,100,92,94
2019-12-04,98,0,95.0,94,100,82
2019-12-05,97,86,0.0,92,94,98
2019-12-06,91,88,0.0,84,91,50
2019-12-07,83,0,0.0,58,79,46
2019-12-08,84,0,0.0,65,81,14
2019-12-09,90,0,0.0,93,91,83
2019-12-10,96,88,0.0,91,96,100
2019-12-11,94,87,0.0,96,99,77
2019-12-12,89,0,0.0,84,93,82
2019-12-13,87,90,100.0,79,93,73
2019-12-14,83,98,0.0,56,82,14
2019-12-15,84,0,0.0,56,78,55
2019-12-16,95,86,0.0,81,91,88
2019-12-17,93,86,0.0,78,91,89
2019-12-18,87,0,0.0,75,94,89
2019-12-19,91,0,0.0,71,85,76
2019-12-20,89,93,0.0,63,83,79
2019-12-21,81,0,0.0,45,73,21
2019-12-22,79,0,0.0,40,69,39
2019-12-23,92,0,0.0,52,78,83
2019-12-24,86,100,0.0,49,86,53
2019-12-25,74,0,0.0,41,85,31
2019-12-26,87,0,0.0,50,82,58
2019-12-27,91,0,0.0,52,80,34
2019-12-28,84,0,0.0,43,74,50
2019-12-29,88,0,0.0,42,70,31
2019-12-30,91,91,0.0,56,80,74
2019-12-31,83,0,0.0,49,83,38
2020-01-01,69,0,0.0,44,88,20
2020-01-02,87,35,0.0,62,92,37
2020-01-03,88,34,0.0,63,86,46
2020-01-04,82,0,0.0,55,77,21
2020-01-05,80,38,0.0,56,80,21
2020-01-06,88,100,0.0,77,90,51
2020-01-07,93,0,0.0,92,93,66
2020-01-08,88,0,0.0,87,90,60
2020-01-09,90,33,0.0,89,96,74
2020-01-10,85,0,0.0,79,96,64
2020-01-11,82,0,0.0,57,86,26
2020-01-12,81,0,0.0,60,77,18
2020-01-13,88,0,91.0,84,88,87
2020-01-14,93,0,0.0,90,92,85
2020-01-15,88,0,0.0,94,96,88
2020-01-16,92,33,0.0,91,94,56
2020-01-17,88,0,0.0,79,92,100
2020-01-18,82,0,0.0,55,79,18
2020-01-19,75,0,0.0,59,77,48
2020-01-20,85,33,0.0,83,87,95
2020-01-21,93,33,0.0,97,95,76
2020-01-22,92,0,0.0,98,94,74
2020-01-23,93,0,98.0,98,99,69
2020-01-24,91,67,0.0,82,98,76
2020-01-25,84,0,0.0,60,84,39
2020-01-26,85,0,0.0,65,75,28
2020-01-27,93,0,0.0,95,95,65
2020-01-28,100,32,0.0,93,95,79
2020-01-29,97,0,0.0,98,94,66
2020-01-30,99,65,0.0,100,100,51
2020-01-31,86,0,100.0,84,93,64
2020-02-01,86,0,0.0,56,82,41
2020-02-02,87,50,0.0,67,74,15
2020-02-03,96,41,0.0,90,85,67
2020-02-04,97,0,0.0,95,93,73
2020-02-05,95,89,0.0,89,92,61
2020-02-06,94,90,0.0,85,94,57
2020-02-07,92,0,0.0,81,92,68
2020-02-08,92,0,0.0,61,82,23
2020-02-09,85,0,0.0,68,78,18
2020-02-10,94,43,0.0,91,90,55
2020-02-11,97,43,5.0,95,91,90
2020-02-12,93,0,14.0,96,88,73
2020-02-13,98,0,20.0,97,90,48
2020-02-14,82,46,21.0,75,80,100
2020-02-15,87,100,21.0,62,77,53
2020-02-16,91,0,20.0,66,81,35
2020-02-17,97,44,22.0,88,94,68
2020-02-18,98,0,20.0,97,91,63
2020-02-19,96,43,21.0,99,100,84
2020-02-20,98,43,24.0,98,88,75
2020-02-21,95,0,28.0,78,88,55
2020-02-22,90,0,34.0,62,75,28
2020-02-23,88,0,46.0,67,80,15
2020-02-24,100,0,61.0,96,91,78
2020-02-25,99,0,69.0,100,93,77
2020-02-26,97,42,90.0,98,96,58
2020-02-27,98,85,92.0,95,92,65
2020-02-28,94,44,100.0,84,96,74
2020-02-29,90,0,94.0,64,78,34
2020-03-01,87,0,5.0,74,62,28
2020-03-02,95,47,7.0,99,79,59
2020-03-03,100,47,7.0,99,76,68
2020-03-04,96,47,8.0,97,75,57
2020-03-05,97,0,9.0,100,71,36
2020-03-06,92,0,11.0,87,74,75
2020-03-07,86,54,11.0,64,65,41
2020-03-08,83,53,12.0,66,59,28
2020-03-09,96,47,17.0,90,72,56
2020-03-10,94,0,20.0,87,71,49
2020-03-11,93,46,27.0,88,68,68
2020-03-12,93,91,42.0,84,70,100
2020-03-13,91,48,50.0,77,69,62
2020-03-14,88,0,47.0,57,60,33
2020-03-15,84,0,57.0,57,63,21
2020-03-16,87,0,70.0,70,65,69
2020-03-17,84,0,74.0,70,68,56
2020-03-18,90,0,75.0,71,74,72
2020-03-19,97,47,77.0,66,100,51
2020-03-20,88,0,83.0,62,80,63
2020-03-21,93,0,84.0,51,75,27
2020-03-22,88,0,93.0,54,73,31
2020-03-23,87,0,100.0,65,77,31
2020-03-24,89,90,97.0,68,77,64
2020-03-25,84,0,97.0,66,75,68
2020-03-26,86,46,93.0,65,70,47
2020-03-27,84,0,97.0,65,68,40
2020-03-28,79,0,100.0,52,68,38
2020-03-29,83,100,95.0,56,71,20
2020-03-30,82,87,94.0,74,69,51
2020-03-31,79,0,90.0,66,67,67
2020-04-01,88,0,100.0,85,89,17
2020-04-02,89,33,96.0,89,92,16
2020-04-03,89,34,97.0,90,87,18
2020-04-04,91,0,96.0,72,91,7
2020-04-05,91,38,98.0,79,92,8
2020-04-06,91,0,100.0,90,91,12
2020-04-07,93,66,93.0,91,95,17
2020-04-08,89,67,88.0,88,96,18
2020-04-09,91,0,88.0,88,94,22
2020-04-10,92,0,85.0,86,91,14
2020-04-11,87,0,80.0,72,86,11
2020-04-12,89,0,75.0,74,85,8
2020-04-13,88,34,87.0,93,86,11
2020-04-14,90,100,82.0,92,86,35
2020-04-15,87,65,85.0,91,84,19
2020-04-16,91,33,85.0,90,83,24
2020-04-17,95,0,87.0,92,100,18
2020-04-18,84,0,76.0,76,85,12
2020-04-19,94,0,75.0,75,82,4
2020-04-20,94,33,77.0,100,84,15
2020-04-21,92,33,76.0,96,84,15
2020-04-22,95,33,77.0,96,87,17
2020-04-23,94,32,76.0,88,84,20
2020-04-24,97,0,73.0,91,81,16
2020-04-25,91,0,66.0,75,80,11
2020-04-26,100,0,69.0,81,78,7
2020-04-27,93,33,74.0,98,78,17
2020-04-28,91,65,74.0,96,84,23
2020-04-29,94,33,75.0,97,96,25
2020-04-30,90,63,71.0,99,91,100
2020-05-01,95,0,100.0,93,99,41
2020-05-02,91,53,96.0,74,95,13
2020-05-03,95,0,97.0,78,86,10
2020-05-04,95,0,99.0,95,96,17
2020-05-05,98,0,99.0,95,94,14
2020-05-06,93,93,97.0,97,90,15
2020-05-07,96,0,99.0,100,98,19
2020-05-08,91,49,95.0,97,94,11
2020-05-09,95,0,93.0,81,93,3
2020-05-10,90,55,87.0,71,82,5
2020-05-11,96,48,100.0,96,89,14
2020-05-12,96,0,95.0,95,91,12
2020-05-13,100,96,100.0,98,94,13
2020-05-14,96,0,96.0,92,95,14
2020-05-15,97,0,93.0,87,91,15
2020-05-16,89,0,87.0,74,84,9
2020-05-17,93,0,86.0,77,86,25
2020-05-18,98,48,92.0,92,94,34
2020-05-19,96,48,89.0,91,100,18
2020-05-20,96,0,89.0,92,98,18
2020-05-21,97,100,90.0,90,97,100
2020-05-22,90,49,85.0,83,86,81
2020-05-23,91,0,77.0,66,86,26
2020-05-24,92,0,77.0,65,77,19
2020-05-25,89,51,84.0,81,83,19
2020-05-26,94,0,86.0,86,89,32
2020-05-27,96,0,86.0,88,97,38
2020-05-28,100,97,84.0,93,96,27
2020-05-29,95,51,82.0,82,89,26
2020-05-30,91,0,75.0,66,82,15
2020-05-31,87,0,70.0,66,77,13
2020-06-01,83,0,82.0,94,82,18
2020-06-02,87,0,80.0,92,84,18
2020-06-03,87,0,78.0,100,89,22
2020-06-04,85,33,79.0,97,83,25
2020-06-05,83,0,77.0,86,82,41
2020-06-06,85,41,72.0,76,80,25
2020-06-07,86,0,73.0,81,78,45
2020-06-08,85,0,83.0,99,87,52
2020-06-09,92,100,78.0,100,89,29
2020-06-10,88,36,80.0,99,92,31
2020-06-11,92,0,83.0,96,90,21
2020-06-12,83,0,81.0,92,87,20
2020-06-13,87,0,74.0,77,77,68
2020-06-14,84,0,73.0,79,79,100
2020-06-15,87,0,82.0,93,89,64
2020-06-16,90,0,81.0,97,100,52
2020-06-17,93,0,83.0,98,95,36
2020-06-18,88,36,80.0,98,96,28
2020-06-19,89,0,85.0,93,89,21
2020-06-20,84,42,81.0,74,88,10
2020-06-21,82,0,78.0,76,90,15
2020-06-22,97,0,93.0,99,96,19
2020-06-23,100,0,92.0,96,94,25
2020-06-24,96,38,91.0,99,96,26
2020-06-25,96,0,95.0,97,89,21
2020-06-26,92,0,98.0,91,93,30
2020-06-27,89,0,91.0,76,82,30
2020-06-28,91,0,91.0,74,81,21
2020-06-29,92,0,99.0,98,88,27
2020-06-30,88,0,100.0,97,86,29
2020-07-01,92,0,88.0,88,95,11
2020-07-02,90,0,88.0,86,89,8
2020-07-03,89,99,83.0,80,82,9
2020-07-04,87,0,76.0,67,82,5
2020-07-05,91,0,76.0,73,79,7
2020-07-06,96,95,90.0,91,89,11
2020-07-07,97,0,91.0,90,87,11
2020-07-08,99,0,91.0,92,95,11
2020-07-09,98,0,89.0,94,90,13
2020-07-10,97,0,87.0,87,89,10
2020-07-11,94,0,81.0,73,84,5
2020-07-12,92,0,86.0,75,81,8
2020-07-13,100,0,100.0,92,83,13
2020-07-14,100,98,96.0,90,90,14
2020-07-15,91,97,92.0,91,90,30
2020-07-16,89,0,93.0,88,86,33
2020-07-17,90,0,98.0,85,91,26
2020-07-18,88,0,83.0,74,81,14
2020-07-19,87,0,85.0,74,82,18
2020-07-20,90,0,93.0,88,90,100
2020-07-21,99,100,92.0,100,90,74
2020-07-22,90,0,89.0,92,87,37
2020-07-23,95,0,85.0,92,88,25
2020-07-24,91,0,85.0,84,90,19
2020-07-25,88,0,79.0,74,88,9
2020-07-26,87,0,80.0,71,78,9
2020-07-27,86,98,92.0,92,84,21
2020-07-28,93,98,93.0,87,89,18
2020-07-29,95,0,95.0,91,100,16
2020-07-30,95,0,98.0,89,92,21
2020-07-31,91,0,93.0,78,92,15
2020-08-01,90,0,89.0,61,80,16
2020-08-02,91,0,92.0,64,80,18
2020-08-03,98,0,100.0,76,88,29
2020-08-04,99,0,98.0,79,91,30
2020-08-05,93,0,98.0,81,89,28
2020-08-06,99,100,91.0,80,89,34
2020-08-07,90,51,85.0,77,90,28
2020-08-08,93,0,80.0,63,82,16
2020-08-09,95,0,84.0,65,80,18
2020-08-10,95,0,88.0,81,87,19
2020-08-11,99,0,92.0,85,90,27
2020-08-12,100,0,89.0,79,86,43
2020-08-13,96,49,88.0,86,89,100
2020-08-14,91,0,89.0,74,88,59
2020-08-15,87,0,79.0,59,77,31
2020-08-16,93,0,82.0,62,78,22
2020-08-17,100,50,89.0,79,84,35
2020-08-18,97,49,85.0,86,90,42
2020-08-19,93,49,81.0,87,89,47
2020-08-20,99,50,80.0,92,90,37
2020-08-21,93,0,81.0,82,87,30
2020-08-22,94,0,73.0,58,78,16
2020-08-23,96,0,73.0,67,76,22
2020-08-24,100,0,83.0,91,89,48
2020-08-25,96,48,82.0,91,91,52
2020-08-26,96,49,79.0,91,100,35
2020-08-27,98,0,81.0,100,94,35
2020-08-28,95,0,79.0,89,98,31
2020-08-29,95,0,72.0,71,89,10
2020-08-30,97,56,74.0,72,82,19
2020-08-31,96,0,84.0,93,91,29
2020-09-01,95,67,90.0,85,83,10
2020-09-02,94,100,92.0,90,87,11
2020-09-03,98,33,89.0,88,86,10
2020-09-04,94,0,85.0,78,83,11
2020-09-05,93,0,78.0,65,76,6
2020-09-06,95,0,81.0,65,72,3
2020-09-07,89,0,91.0,83,79,13
2020-09-08,93,0,94.0,86,85,29
2020-09-09,94,0,99.0,97,86,100
2020-09-10,96,0,95.0,95,87,35
2020-09-11,92,34,94.0,89,88,16
2020-09-12,87,0,82.0,68,86,20
2020-09-13,91,39,85.0,73,77,14
2020-09-14,94,100,100.0,98,86,16
2020-09-15,96,33,93.0,100,84,13
2020-09-16,100,0,95.0,98,87,11
2020-09-17,96,0,92.0,97,84,11
2020-09-18,94,35,93.0,91,85,11
2020-09-19,85,0,81.0,70,73,5
2020-09-20,93,0,82.0,72,72,7
2020-09-21,96,33,98.0,100,89,12
2020-09-22,96,66,100.0,97,100,11
2020-09-23,93,0,98.0,96,96,12
2020-09-24,95,33,99.0,99,95,11
2020-09-25,91,0,91.0,81,90,8
2020-09-26,88,0,85.0,64,80,6
2020-09-27,89,0,79.0,67,77,4
2020-09-28,90,34,95.0,87,86,7
2020-09-29,97,0,94.0,91,91,7
2020-09-30,93,34,87.0,89,93,8
2020-10-01,92,0,63.0,84,97,36
2020-10-02,92,48,94.0,72,91,37
2020-10-03,88,0,75.0,60,85,26
2020-10-04,88,0,68.0,65,81,25
2020-10-05,98,0,78.0,92,91,35
2020-10-06,99,47,76.0,94,94,35
2020-10-07,94,46,71.0,92,96,41
2020-10-08,100,47,75.0,100,100,35
2020-10-09,100,0,70.0,84,98,29
2020-10-10,97,0,62.0,74,81,21
2020-10-11,89,0,63.0,66,80,19
2020-10-12,97,50,77.0,83,92,52
2020-10-13,98,0,72.0,86,93,59
2020-10-14,89,0,73.0,83,90,32
2020-10-15,93,0,79.0,86,96,36
2020-10-16,92,0,75.0,78,94,41
2020-10-17,85,0,66.0,60,83,18
2020-10-18,88,0,67.0,63,76,26
2020-10-19,94,49,79.0,82,92,29
2020-10-20,91,0,76.0,81,94,50
2020-10-21,97,0,79.0,83,93,100
2020-10-22,94,100,83.0,86,95,80
2020-10-23,89,51,83.0,75,93,53
2020-10-24,84,0,74.0,56,85,32
2020-10-25,80,0,71.0,62,77,23
2020-10-26,92,97,83.0,73,86,87
2020-10-27,93,98,84.0,80,89,71
2020-10-28,90,0,89.0,78,90,52
2020-10-29,93,49,100.0,79,89,38
2020-10-30,87,51,100.0,71,84,39
2020-10-31,78,0,85.0,50,73,20
2020-11-01,85,0,81.0,70,74,7
2020-11-02,96,100,88.0,95,89,14
2020-11-03,94,0,79.0,91,86,12
2020-11-04,81,85,71.0,79,86,10
2020-11-05,84,0,74.0,91,90,14
2020-11-06,84,94,75.0,86,85,8
2020-11-07,86,0,72.0,72,75,8
2020-11-08,90,0,75.0,76,84,10
2020-11-09,95,0,91.0,100,89,25
2020-11-10,100,0,88.0,98,90,23
2020-11-11,95,0,87.0,96,96,17
2020-11-12,97,0,96.0,90,100,17
2020-11-13,96,0,95.0,79,94,16
2020-11-14,85,0,91.0,66,78,9
2020-11-15,89,0,86.0,77,83,10
2020-11-16,97,0,100.0,90,88,24
2020-11-17,97,98,99.0,98,97,23
2020-11-18,97,0,96.0,88,95,21
2020-11-19,96,98,93.0,94,91,33
2020-11-20,95,0,97.0,89,95,18
2020-11-21,86,0,84.0,70,83,15
2020-11-22,89,0,80.0,71,82,12
2020-11-23,97,0,94.0,91,92,100
2020-11-24,97,99,90.0,96,88,55
2020-11-25,87,0,84.0,81,87,31
2020-11-26,81,0,79.0,78,77,49
2020-11-27,82,0,73.0,73,75,38
2020-11-28,86,0,77.0,71,80,19
2020-11-29,84,0,73.0,70,77,15
2020-11-30,93,0,83.0,90,86,22
2020-12-01,95,25,75.0,96,87,17
2020-12-02,95,0,72.0,94,89,19
2020-12-03,100,0,78.0,100,100,18
2020-12-04,95,25,74.0,89,91,14
2020-12-05,90,28,71.0,72,82,8
2020-12-06,93,0,69.0,72,77,10
2020-12-07,94,25,77.0,94,89,13
2020-12-08,98,0,81.0,95,92,23
2020-12-09,95,0,79.0,96,90,21
2020-12-10,96,0,82.0,97,89,16
2020-12-11,91,0,77.0,88,91,18
2020-12-12,88,0,74.0,68,83,19
2020-12-13,90,0,71.0,66,82,13
2020-12-14,98,0,84.0,89,86,23
2020-12-15,98,51,80.0,90,88,21
2020-12-16,93,100,78.0,81,94,19
2020-12-17,93,0,84.0,83,89,16
2020-12-18,92,0,88.0,75,88,17
2020-12-19,84,0,92.0,60,80,12
2020-12-20,84,0,92.0,53,79,12
2020-12-21,89,0,97.0,69,85,22
2020-12-22,88,53,89.0,64,90,16
2020-12-23,86,27,88.0,64,85,22
2020-12-24,82,0,71.0,55,85,15
2020-12-25,67,0,60.0,40,74,12
2020-12-26,83,0,71.0,48,82,17
2020-12-27,87,0,76.0,47,74,41
2020-12-28,88,0,85.0,59,80,46
2020-12-29,92,0,92.0,62,83,43
2020-12-30,93,0,100.0,61,85,100
2020-12-31,83,0,85.0,54,84,44
2021-01-01,82,0,77.0,45,86,27
2021-01-02,88,0,82.0,49,78,26
2021-01-03,94,0,85.0,55,82,26
2021-01-04,93,0,100.0,73,87,46
2021-01-05,100,45,100.0,78,94,32
2021-01-06,97,0,88.0,79,94,34
2021-01-07,93,0,88.0,77,88,33
2021-01-08,93,45,89.0,75,87,30
2021-01-09,88,0,81.0,60,81,21
2021-01-10,92,49,79.0,64,76,19
2021-01-11,98,0,94.0,81,88,33
2021-01-12,91,0,91.0,89,91,40
2021-01-13,92,45,95.0,86,94,33
2021-01-14,96,0,100.0,84,100,32
2021-01-15,94,46,97.0,79,95,31
2021-01-16,90,0,81.0,64,85,25
2021-01-17,90,0,77.0,66,80,27
2021-01-18,93,0,89.0,83,87,35
2021-01-19,97,0,90.0,90,99,31
2021-01-20,94,86,82.0,92,98,27
2021-01-21,96,0,82.0,98,93,35
2021-01-22,99,0,87.0,89,93,46
2021-01-23,91,100,77.0,71,87,45
2021-01-24,86,0,74.0,72,80,28
2021-01-25,100,0,85.0,89,100,59
2021-01-26,98,0,82.0,93,99,79
2021-01-27,99,0,83.0,100,100,75
2021-01-28,97,0,82.0,98,95,80
2021-01-29,95,46,81.0,86,92,100
2021-01-30,93,50,72.0,83,86,58
2021-01-31,92,0,70.0,73,85,50
2021-02-01,92,49,98.0,95,86,38
2021-02-02,92,49,96.0,94,89,44
2021-02-03,96,100,100.0,88,93,49
2021-02-04,94,50,93.0,97,91,48
2021-02-05,91,0,90.0,83,84,47
2021-02-06,83,0,80.0,66,82,46
2021-02-07,82,0,72.0,71,76,44
2021-02-08,91,49,90.0,89,86,56
2021-02-09,90,98,88.0,96,91,51
2021-02-10,94,0,89.0,91,89,53
2021-02-11,91,50,87.0,95,100,52
2021-02-12,91,0,89.0,86,86,48
2021-02-13,81,0,76.0,61,79,41
2021-02-14,83,0,75.0,64,75,38
2021-02-15,94,50,86.0,88,88,53
2021-02-16,91,0,83.0,88,86,68
2021-02-17,94,50,84.0,90,89,79
2021-02-18,92,50,82.0,95,89,74
2021-02-19,91,52,82.0,85,87,70
2021-02-20,86,0,73.0,73,80,57
2021-02-21,88,0,76.0,74,79,59
2021-02-22,94,0,91.0,100,93,71
2021-02-23,95,0,91.0,95,96,84
2021-02-24,100,0,92.0,95,90,92
2021-02-25,95,0,92.0,96,97,87
2021-02-26,91,0,91.0,84,91,100
2021-02-27,84,56,85.0,69,77,83
2021-02-28,90,0,81.0,72,80,84
2021-03-01,90,0,76.0,92,92,17
2021-03-02,95,0,80.0,97,97,18
2021-03-03,94,0,80.0,92,94,18
2021-03-04,94,100,83.0,98,97,21
2021-03-05,90,0,79.0,85,84,21
2021-03-06,84,0,72.0,69,81,17
2021-03-07,86,0,70.0,67,79,20
2021-03-08,96,0,80.0,93,95,19
2021-03-09,92,0,82.0,91,92,21
2021-03-10,91,0,82.0,97,96,21
2021-03-11,94,0,87.0,91,96,70
2021-03-12,93,0,83.0,85,90,54
2021-03-13,90,0,74.0,70,81,36
2021-03-14,91,0,71.0,69,80,45
2021-03-15,91,0,81.0,88,87,100
2021-03-16,93,28,81.0,100,96,60
2021-03-17,96,0,84.0,89,90,39
2021-03-18,95,99,88.0,93,92,52
2021-03-19,96,0,84.0,82,96,33
2021-03-20,86,0,78.0,65,80,26
2021-03-21,87,0,75.0,71,79,24
2021-03-22,95,0,89.0,91,97,27
2021-03-23,92,0,91.0,89,92,27
2021-03-24,100,67,90.0,99,100,26
2021-03-25,97,0,90.0,97,95,26
2021-03-26,91,0,88.0,80,94,23
2021-03-27,90,0,79.0,66,83,21
2021-03-28,86,0,79.0,69,81,19
2021-03-29,94,34,97.0,91,89,24
2021-03-30,98,0,99.0,92,98,47
2021-03-31,99,0,100.0,95,97,40
2021-04-01,93,27,93.0,84,96,58
2021-04-02,87,0,83.0,71,99,62
2021-04-03,84,0,79.0,64,84,60
2021-04-04,84,0,77.0,68,93,58
2021-04-05,89,0,92.0,85,87,55
2021-04-06,96,0,100.0,97,95,73
2021-04-07,97,0,98.0,98,91,100
2021-04-08,99,0,94.0,90,91,84
2021-04-09,94,0,85.0,89,100,66
2021-04-10,85,0,77.0,69,80,51
2021-04-11,88,0,78.0,74,83,48
2021-04-12,95,100,88.0,94,88,50
2021-04-13,94,0,87.0,92,89,55
2021-04-14,96,0,84.0,92,89,57
2021-04-15,93,0,83.0,100,91,54
2021-04-16,95,26,86.0,86,86,49
2021-04-17,91,0,75.0,78,79,42
2021-04-18,91,0,76.0,74,78,42
2021-04-19,94,0,89.0,95,96,52
2021-04-20,97,25,86.0,96,100,52
2021-04-21,100,0,84.0,97,99,51
2021-04-22,95,25,87.0,95,93,51
2021-04-23,91,53,91.0,89,93,54
2021-04-24,95,0,80.0,71,84,44
2021-04-25,86,28,78.0,76,76,36
2021-04-26,93,0,93.0,96,85,45
2021-04-27,96,0,95.0,99,89,45
2021-04-28,98,0,91.0,96,89,49
2021-04-29,99,0,86.0,91,89,48
2021-04-30,89,0,87.0,86,85,43
2021-05-01,88,0,100.0,70,79,63
2021-05-02,85,0,68.0,67,74,62
2021-05-03,97,0,75.0,96,90,68
2021-05-04,96,0,72.0,97,91,70
2021-05-05,97,0,74.0,98,89,75
2021-05-06,97,50,73.0,100,91,99
2021-05-07,97,0,69.0,94,93,100
2021-05-08,88,57,66.0,71,88,72
2021-05-09,89,0,61.0,78,76,70
2021-05-10,98,51,73.0,97,100,88
2021-05-11,94,49,71.0,95,96,90
2021-05-12,98,50,70.0,97,88,84
2021-05-13,96,0,69.0,87,86,71
2021-05-14,92,0,69.0,82,89,68
2021-05-15,88,0,61.0,69,79,55
2021-05-16,88,0,61.0,70,73,52
2021-05-17,95,0,70.0,90,91,69
2021-05-18,93,100,68.0,93,88,73
2021-05-19,98,0,67.0,92,95,69
2021-05-20,100,0,67.0,96,92,69
2021-05-21,94,51,63.0,87,90,69
2021-05-22,87,0,56.0,64,78,60
2021-05-23,93,0,53.0,68,83,58
2021-05-24,98,0,64.0,93,95,61
2021-05-25,100,0,69.0,91,99,75
2021-05-26,99,0,69.0,89,86,93
2021-05-27,98,0,67.0,91,92,75
2021-05-28,94,53,66.0,78,90,73
2021-05-29,89,0,57.0,68,77,59
2021-05-30,89,0,57.0,74,75,53
2021-05-31,89,0,65.0,76,78,60
2021-06-01,90,0,81.0,96,88,74
2021-06-02,93,100,69.0,96,89,78
2021-06-03,93,0,66.0,99,89,84
2021-06-04,91,53,64.0,92,89,76
2021-06-05,85,0,59.0,72,79,66
2021-06-06,90,0,57.0,79,72,58
2021-06-07,91,0,67.0,94,95,70
2021-06-08,92,0,67.0,96,100,76
2021-06-09,97,0,65.0,100,94,87
2021-06-10,96,0,62.0,100,93,100
2021-06-11,91,0,61.0,90,89,99
2021-06-12,88,0,54.0,70,79,77
2021-06-13,90,0,53.0,72,78,68
2021-06-14,97,0,64.0,99,93,80
2021-06-15,90,0,62.0,93,86,82
2021-06-16,100,50,62.0,95,93,79
2021-06-17,89,0,61.0,97,84,82
2021-06-18,91,53,60.0,88,82,80
2021-06-19,79,0,53.0,74,73,65
2021-06-20,83,58,54.0,69,68,56
2021-06-21,92,0,66.0,88,82,62
2021-06-22,90,0,100.0,94,86,67
2021-06-23,88,0,67.0,94,88,65
2021-06-24,96,0,65.0,94,89,62
2021-06-25,90,0,65.0,82,90,56
2021-06-26,85,0,60.0,67,88,55
2021-06-27,89,59,62.0,74,76,48
2021-06-28,93,51,70.0,89,81,61
2021-06-29,95,0,67.0,91,85,63
2021-06-30,99,0,67.0,91,86,63
