Date,bank,capital,Barclays,banking,business,London
2017-01-01,54,57,63,46,47,100
2017-01-02,93,77,82,95,62,84
2017-01-03,100,90,100,100,83,86
2017-01-04,96,93,89,94,89,86
2017-01-05,93,89,92,92,90,86
2017-01-06,91,86,82,89,78,86
2017-01-07,70,70,64,71,56,86
2017-01-08,52,65,48,49,61,94
2017-01-09,89,91,78,89,88,98
2017-01-10,88,94,74,85,92,85
2017-01-11,84,94,70,80,92,85
2017-01-12,86,91,73,81,94,95
2017-01-13,90,90,77,79,80,89
2017-01-14,64,72,85,53,58,83
2017-01-15,52,70,79,44,62,89
2017-01-16,85,90,81,78,88,86
2017-01-17,89,92,73,73,96,83
2017-01-18,84,94,62,73,98,81
2017-01-19,83,92,66,72,95,83
2017-01-20,84,92,70,77,82,82
2017-01-21,67,69,83,61,57,82
2017-01-22,49,70,70,44,61,84
2017-01-23,85,94,74,74,92,85
2017-01-24,83,100,75,75,95,80
2017-01-25,83,92,70,77,93,83
2017-01-26,74,90,72,62,86,84
2017-01-27,90,92,84,83,85,80
2017-01-28,64,67,63,58,60,84
2017-01-29,50,67,51,44,65,88
2017-01-30,90,92,84,85,95,83
2017-01-31,93,99,97,96,100,86
2017-02-01,94,96,94,100,95,95
2017-02-02,95,93,87,94,96,92
2017-02-03,96,93,87,89,85,94
2017-02-04,76,73,91,76,61,95
2017-02-05,56,63,75,50,63,98
2017-02-06,93,88,85,90,90,92
2017-02-07,87,97,79,90,100,92
2017-02-08,88,94,77,84,93,97
2017-02-09,86,90,83,82,94,93
2017-02-10,91,93,79,84,83,89
2017-02-11,65,70,92,60,58,89
2017-02-12,55,66,68,47,62,95
2017-02-13,90,94,87,82,90,93
2017-02-14,88,95,71,81,90,89
2017-02-15,89,96,78,85,93,89
2017-02-16,89,95,74,82,96,94
2017-02-17,91,92,73,81,86,93
2017-02-18,72,71,65,64,60,93
2017-02-19,54,68,52,48,65,99
2017-02-20,89,92,78,84,93,100
2017-02-21,91,97,76,78,100,94
2017-02-22,91,100,73,80,99,97
2017-02-23,89,98,87,81,92,95
2017-02-24,87,97,85,80,83,93
2017-02-25,68,72,100,61,61,93
2017-02-26,53,74,69,46,67,96
2017-02-27,96,94,100,87,98,95
2017-02-28,100,94,96,94,97,93
2017-03-01,94,99,95,89,96,37
2017-03-02,94,96,90,83,94,38
2017-03-03,94,100,89,80,85,39
2017-03-04,71,70,91,65,58,38
2017-03-05,54,70,75,47,66,42
2017-03-06,93,99,91,83,99,40
2017-03-07,87,99,79,77,99,40
2017-03-08,87,99,83,76,97,38
2017-03-09,87,97,79,77,95,37
2017-03-10,90,94,92,77,87,38
2017-03-11,65,73,73,52,59,37
2017-03-12,49,72,63,41,63,39
2017-03-13,80,100,90,64,96,38
2017-03-14,84,97,79,73,99,38
2017-03-15,88,99,75,76,95,38
2017-03-16,88,96,78,73,93,37
2017-03-17,87,91,82,71,81,38
2017-03-18,64,73,75,59,60,39
2017-03-19,51,68,78,42,62,40
2017-03-20,85,97,90,75,100,41
2017-03-21,84,96,82,73,99,38
2017-03-22,83,96,79,70,95,100
2017-03-23,82,96,81,72,90,82
2017-03-24,83,92,88,72,84,49
2017-03-25,65,70,70,54,59,40
2017-03-26,52,72,49,43,63,41
2017-03-27,90,95,90,75,96,39
2017-03-28,88,96,87,76,95,39
2017-03-29,83,99,79,75,96,39
2017-03-30,90,92,77,83,91,37
2017-03-31,100,90,100,100,79,37
2017-04-01,79,72,77,74,60,75
2017-04-02,58,74,62,52,63,74
2017-04-03,100,100,92,100,96,76
2017-04-04,95,96,88,86,100,74
2017-04-05,89,97,81,84,98,73
2017-04-06,87,93,80,81,97,75
2017-04-07,92,96,79,85,85,74
2017-04-08,69,74,74,60,60,69
2017-04-09,53,72,59,44,61,71
2017-04-10,95,96,93,89,95,78
2017-04-11,91,95,80,78,96,72
2017-04-12,91,93,72,78,95,76
2017-04-13,93,90,84,79,89,74
2017-04-14,87,85,67,58,73,70
2017-04-15,70,75,74,56,57,67
2017-04-16,50,66,62,38,57,71
2017-04-17,88,92,59,69,83,70
2017-04-18,89,98,85,77,96,70
2017-04-19,88,97,83,74,95,72
2017-04-20,88,96,75,73,93,76
2017-04-21,88,95,80,68,83,76
2017-04-22,65,69,76,52,59,78
2017-04-23,50,66,65,38,60,100
2017-04-24,89,95,84,73,97,83
2017-04-25,88,97,86,74,97,78
2017-04-26,84,99,84,72,97,75
2017-04-27,88,100,97,77,93,74
2017-04-28,98,95,100,87,81,73
2017-04-29,75,74,80,67,57,75
2017-04-30,60,66,83,45,61,75
2017-05-01,97,90,74,70,92,91
2017-05-02,100,98,100,100,97,88
2017-05-03,93,95,78,92,98,85
2017-05-04,94,94,76,88,93,92
2017-05-05,95,95,85,90,86,86
2017-05-06,73,68,83,70,61,85
2017-05-07,55,68,75,48,63,86
2017-05-08,94,100,93,86,98,89
2017-05-09,92,97,82,81,100,82
2017-05-10,86,97,75,79,93,82
2017-05-11,89,98,75,80,94,86
2017-05-12,91,93,90,83,84,86
2017-05-13,68,68,87,59,56,82
2017-05-14,51,62,66,44,59,82
2017-05-15,95,100,83,83,94,89
2017-05-16,89,95,86,72,90,88
2017-05-17,86,90,82,70,90,84
2017-05-18,84,90,81,71,90,86
2017-05-19,88,89,91,74,82,88
2017-05-20,70,67,74,58,56,88
2017-05-21,51,65,76,42,56,85
2017-05-22,90,90,84,75,88,90
2017-05-23,90,90,69,71,91,100
2017-05-24,87,87,70,71,90,88
2017-05-25,86,88,73,68,84,86
2017-05-26,92,83,73,77,76,84
2017-05-27,69,67,58,57,55,91
2017-05-28,58,62,43,45,55,92
2017-05-29,90,74,52,78,74,84
2017-05-30,92,90,82,86,89,92
2017-05-31,97,93,87,94,87,85
2017-06-01,93,96,93,91,94,19
2017-06-02,89,93,92,86,84,21
2017-06-03,70,71,63,63,60,49
2017-06-04,51,72,54,43,62,100
2017-06-05,87,96,86,80,92,37
2017-06-06,86,96,85,82,97,28
2017-06-07,84,94,77,82,97,24
2017-06-08,85,93,78,77,94,22
2017-06-09,84,90,79,80,88,22
2017-06-10,66,74,64,57,61,20
2017-06-11,52,71,55,45,65,21
2017-06-12,91,100,86,82,97,21
2017-06-13,86,94,76,72,95,20
2017-06-14,83,99,89,72,93,60
2017-06-15,86,91,76,73,92,35
2017-06-16,86,90,83,73,83,29
2017-06-17,68,74,62,59,60,25
2017-06-18,52,65,43,39,59,24
2017-06-19,96,94,83,74,97,33
2017-06-20,87,97,100,71,100,23
2017-06-21,87,97,77,72,95,22
2017-06-22,86,92,93,73,95,21
2017-06-23,88,92,93,75,86,21
2017-06-24,63,71,59,55,58,21
2017-06-25,49,68,68,44,64,23
2017-06-26,80,92,91,68,94,23
2017-06-27,84,95,94,75,96,21
2017-06-28,83,93,94,79,96,22
2017-06-29,88,93,84,83,92,20
2017-06-30,100,93,93,100,81,20
2017-07-01,79,76,58,74,56,96
2017-07-02,56,67,49,51,60,91
2017-07-03,100,87,94,95,84,96
2017-07-04,81,86,80,88,78,94
2017-07-05,92,96,70,87,94,94
2017-07-06,92,97,74,85,93,93
2017-07-07,95,96,73,85,88,99
2017-07-08,67,75,54,57,62,97
2017-07-09,53,74,45,47,64,97
2017-07-10,95,97,78,87,96,99
2017-07-11,89,96,76,81,98,95
2017-07-12,87,98,69,78,99,94
2017-07-13,86,91,77,75,94,91
2017-07-14,91,97,82,77,86,99
2017-07-15,73,77,53,60,61,97
2017-07-16,53,71,44,44,61,92
2017-07-17,88,94,80,76,94,88
2017-07-18,85,93,73,73,98,89
2017-07-19,87,96,71,72,100,91
2017-07-20,84,97,74,74,96,89
2017-07-21,83,92,72,73,85,84
2017-07-22,64,71,63,55,61,90
2017-07-23,51,70,44,42,60,90
2017-07-24,85,90,83,75,91,89
2017-07-25,88,100,69,78,98,90
2017-07-26,88,97,76,79,94,91
2017-07-27,91,94,77,81,97,88
2017-07-28,94,97,100,86,86,89
2017-07-29,73,80,62,65,61,92
2017-07-30,56,70,45,51,59,100
2017-07-31,99,96,97,100,93,90
2017-08-01,100,100,98,98,98,85
2017-08-02,93,98,90,88,99,86
2017-08-03,91,88,89,82,96,82
2017-08-04,98,87,87,82,85,86
2017-08-05,77,72,68,71,60,97
2017-08-06,55,64,50,46,61,100
2017-08-07,91,88,83,79,94,93
2017-08-08,89,95,86,78,97,91
2017-08-09,87,90,81,79,92,91
2017-08-10,89,95,83,81,97,90
2017-08-11,88,86,90,76,85,85
2017-08-12,68,73,92,55,59,91
2017-08-13,53,64,72,44,59,89
2017-08-14,89,95,87,77,90,85
2017-08-15,82,94,83,64,98,83
2017-08-16,91,92,84,78,94,79
2017-08-17,86,92,77,76,94,81
2017-08-18,87,89,92,81,86,81
2017-08-19,68,70,96,61,58,75
2017-08-20,52,70,70,46,61,78
2017-08-21,84,84,100,75,95,81
2017-08-22,88,92,86,73,100,78
2017-08-23,87,93,82,76,98,80
2017-08-24,85,92,82,77,96,77
2017-08-25,87,87,94,74,82,77
2017-08-26,67,67,88,55,59,76
2017-08-27,56,63,65,43,58,74
2017-08-28,100,92,60,81,91,70
2017-08-29,89,92,95,85,98,79
2017-08-30,91,96,97,85,100,78
2017-08-31,94,96,93,100,96,80
2017-09-01,100,92,79,100,77,46
2017-09-02,73,73,66,69,53,47
2017-09-03,54,71,49,53,60,49
2017-09-04,82,85,83,96,77,51
2017-09-05,93,98,83,94,92,49
2017-09-06,93,97,73,94,97,48
2017-09-07,94,97,80,96,97,50
2017-09-08,92,91,84,90,87,49
2017-09-09,66,67,90,61,55,46
2017-09-10,53,68,64,50,62,49
2017-09-11,90,92,78,93,99,49
2017-09-12,88,94,78,86,95,49
2017-09-13,88,98,67,80,96,50
2017-09-14,88,97,74,85,95,49
2017-09-15,94,100,80,89,84,100
2017-09-16,70,72,76,65,59,60
2017-09-17,52,67,74,48,59,52
2017-09-18,89,99,85,83,97,52
2017-09-19,85,97,70,80,100,48
2017-09-20,83,100,78,83,96,47
2017-09-21,86,96,79,79,92,47
2017-09-22,91,92,80,86,89,53
2017-09-23,68,70,86,62,57,50
2017-09-24,51,68,58,49,62,56
2017-09-25,90,96,89,90,96,51
2017-09-26,88,98,78,86,94,49
2017-09-27,86,99,81,89,95,48
2017-09-28,90,95,80,90,95,47
2017-09-29,96,97,95,94,85,49
2017-09-30,69,71,100,65,54,49
2017-10-01,57,71,81,59,60,89
2017-10-02,91,98,100,87,90,87
2017-10-03,97,98,91,100,98,86
2017-10-04,96,99,90,99,95,83
2017-10-05,95,99,89,97,92,82
2017-10-06,100,93,87,93,86,78
2017-10-07,75,71,71,72,59,100
2017-10-08,59,71,59,53,65,86
2017-10-09,98,91,80,91,94,83
2017-10-10,94,95,81,92,98,79
2017-10-11,93,95,88,90,95,81
2017-10-12,93,97,83,86,98,81
2017-10-13,95,100,88,88,86,80
2017-10-14,73,73,100,63,60,80
2017-10-15,56,69,62,48,63,80
2017-10-16,97,92,92,88,98,94
2017-10-17,90,95,86,83,94,80
2017-10-18,85,94,82,75,96,81
2017-10-19,81,95,83,68,95,81
2017-10-20,86,88,86,74,81,83
2017-10-21,68,71,94,58,59,79
2017-10-22,53,67,74,44,62,84
2017-10-23,91,94,85,79,94,85
2017-10-24,89,100,87,81,100,79
2017-10-25,92,95,90,80,94,79
2017-10-26,90,97,88,84,95,82
2017-10-27,94,92,94,87,86,80
2017-10-28,68,67,88,62,55,73
2017-10-29,56,65,63,48,63,92
2017-10-30,99,96,91,93,92,83
2017-10-31,95,90,90,97,98,78
2017-11-01,98,97,100,100,96,82
2017-11-02,100,94,97,97,96,83
2017-11-03,99,93,89,90,86,81
2017-11-04,74,66,88,67,63,81
2017-11-05,56,65,93,51,62,86
2017-11-06,98,99,90,92,98,82
2017-11-07,92,100,87,89,97,79
2017-11-08,90,99,84,86,98,79
2017-11-09,92,95,82,82,94,80
2017-11-10,99,89,84,87,83,80
2017-11-11,69,69,61,59,57,79
2017-11-12,55,67,54,47,65,84
2017-11-13,91,91,84,84,93,82
2017-11-14,91,96,84,83,100,80
2017-11-15,92,99,86,86,97,81
2017-11-16,85,95,84,79,94,79
2017-11-17,90,92,94,78,84,80
2017-11-18,71,70,96,61,57,77
2017-11-19,53,65,63,46,60,82
2017-11-20,88,91,92,78,90,77
2017-11-21,87,89,83,81,94,79
2017-11-22,88,84,93,78,85,79
2017-11-23,72,74,79,76,72,81
2017-11-24,85,76,94,80,65,100
2017-11-25,65,63,90,57,58,82
2017-11-26,53,62,73,47,62,76
2017-11-27,91,91,88,84,89,77
2017-11-28,93,94,95,85,94,75
2017-11-29,91,90,96,84,96,74
2017-11-30,97,94,100,98,92,77
2017-12-01,96,71,93,98,84,80
2017-12-02,74,62,100,65,60,81
2017-12-03,54,53,72,52,66,85
2017-12-04,96,75,98,93,98,87
2017-12-05,92,78,78,90,100,83
2017-12-06,90,100,82,88,98,85
2017-12-07,87,96,77,86,98,83
2017-12-08,91,80,86,82,82,86
2017-12-09,66,63,85,62,60,87
2017-12-10,52,57,76,48,63,100
2017-12-11,91,74,90,90,95,94
2017-12-12,87,75,80,82,95,87
2017-12-13,86,74,95,83,97,80
2017-12-14,86,74,84,81,91,81
2017-12-15,93,86,86,85,81,80
2017-12-16,71,58,88,65,55,80
2017-12-17,54,56,72,48,57,82
2017-12-18,89,72,91,83,87,83
2017-12-19,90,74,82,86,91,82
2017-12-20,91,73,79,87,89,81
2017-12-21,94,71,83,89,84,81
2017-12-22,96,69,97,92,69,79
2017-12-23,69,53,87,61,52,80
2017-12-24,48,43,50,42,44,73
2017-12-25,45,44,28,39,46,72
2017-12-26,79,58,71,68,59,81
2017-12-27,93,64,89,89,72,91
2017-12-28,93,62,86,88,72,88
2017-12-29,100,65,91,100,67,89
2017-12-30,77,53,89,73,53,88
2017-12-31,52,48,57,49,50,95
2018-01-01,64,67,74,60,49,100
2018-01-02,100,94,100,100,80,89
2018-01-03,97,97,91,92,87,89
2018-01-04,89,96,87,88,88,87
2018-01-05,91,90,88,89,82,86
2018-01-06,71,67,68,62,61,84
2018-01-07,55,69,53,50,59,85
2018-01-08,87,93,72,86,90,85
2018-01-09,86,94,78,84,95,84
2018-01-10,88,97,76,86,95,87
2018-01-11,87,97,74,81,95,92
2018-01-12,87,97,78,80,86,90
2018-01-13,67,77,74,55,58,83
2018-01-14,52,70,71,43,59,84
2018-01-15,84,92,85,75,89,87
2018-01-16,85,98,77,79,93,87
2018-01-17,83,97,77,75,91,82
2018-01-18,84,96,74,77,95,85
2018-01-19,86,98,78,76,87,84
2018-01-20,67,73,81,58,59,85
2018-01-21,50,66,57,45,60,90
2018-01-22,82,100,91,73,93,84
2018-01-23,83,100,75,74,100,84
2018-01-24,81,95,76,73,98,82
2018-01-25,84,98,82,79,90,84
2018-01-26,75,89,81,69,83,83
2018-01-27,63,69,65,55,58,82
2018-01-28,51,72,56,48,64,86
2018-01-29,89,96,80,89,98,89
2018-01-30,92,97,78,88,99,83
2018-01-31,89,98,91,95,96,84
2018-02-01,96,99,95,91,97,80
2018-02-02,97,97,86,84,85,82
2018-02-03,75,70,92,60,61,85
2018-02-04,57,70,78,45,60,83
2018-02-05,96,94,98,82,92,84
2018-02-06,95,100,99,81,97,84
2018-02-07,91,98,91,82,97,81
2018-02-08,91,95,84,77,95,81
2018-02-09,94,97,91,77,85,84
2018-02-10,70,72,89,53,57,82
2018-02-11,54,71,74,42,62,86
2018-02-12,97,93,92,76,93,93
2018-02-13,87,94,92,66,96,85
2018-02-14,87,90,85,74,88,79
2018-02-15,89,95,84,77,87,82
2018-02-16,89,96,89,72,79,83
2018-02-17,74,71,71,54,55,81
2018-02-18,56,72,57,42,62,84
2018-02-19,89,90,87,68,87,86
2018-02-20,93,98,80,72,100,85
2018-02-21,95,98,91,70,93,83
2018-02-22,94,100,100,71,93,81
2018-02-23,93,96,92,74,84,82
2018-02-24,72,74,84,54,60,83
2018-02-25,55,68,70,44,60,84
2018-02-26,94,95,91,80,93,93
2018-02-27,96,98,85,82,95,92
2018-02-28,100,97,93,100,92,100
2018-03-01,92,90,81,99,87,99
2018-03-02,86,94,88,83,85,100
2018-03-03,75,69,89,73,63,83
2018-03-04,56,65,75,55,63,86
2018-03-05,94,88,87,93,97,81
2018-03-06,94,95,87,93,99,79
2018-03-07,92,89,79,92,100,79
2018-03-08,92,88,79,89,95,77
2018-03-09,93,100,81,91,92,81
2018-03-10,71,68,84,62,62,83
2018-03-11,54,66,56,46,64,84
2018-03-12,93,90,89,89,95,83
2018-03-13,97,92,77,85,97,82
2018-03-14,93,89,74,81,96,81
2018-03-15,97,91,77,87,97,84
2018-03-16,94,87,76,82,85,84
2018-03-17,70,68,77,62,59,86
2018-03-18,54,67,55,49,60,88
2018-03-19,95,94,82,84,96,87
2018-03-20,87,96,80,82,98,81
2018-03-21,85,92,75,81,95,78
2018-03-22,89,90,76,82,97,83
2018-03-23,90,90,81,88,85,84
2018-03-24,68,67,68,59,60,88
2018-03-25,54,65,52,47,62,96
2018-03-26,94,91,81,89,93,88
2018-03-27,95,87,78,89,97,86
2018-03-28,100,85,79,100,94,85
2018-03-29,96,83,100,96,91,85
2018-03-30,93,73,68,70,72,85
2018-03-31,74,63,83,72,56,79
2018-04-01,55,65,61,49,55,66
2018-04-02,89,92,65,73,82,65
2018-04-03,100,100,100,100,90,67
2018-04-04,94,96,83,90,92,65
2018-04-05,93,96,82,86,93,62
2018-04-06,91,99,92,84,84,66
2018-04-07,69,77,92,60,61,64
2018-04-08,53,72,68,46,64,64
2018-04-09,94,100,83,81,97,67
2018-04-10,86,96,76,79,96,64
2018-04-11,86,98,79,74,91,61
2018-04-12,86,96,80,75,92,64
2018-04-13,90,93,83,75,84,62
2018-04-14,62,73,81,50,57,60
2018-04-15,52,74,65,43,63,66
2018-04-16,91,100,90,79,94,64
2018-04-17,88,98,84,74,100,63
2018-04-18,84,98,77,71,94,67
2018-04-19,85,97,80,72,94,68
2018-04-20,85,94,83,72,80,66
2018-04-21,66,70,68,54,56,67
2018-04-22,52,72,61,41,57,100
2018-04-23,86,95,85,74,92,78
2018-04-24,85,97,78,74,96,68
2018-04-25,84,95,86,73,93,66
2018-04-26,90,93,82,74,91,65
2018-04-27,95,94,87,85,83,65
2018-04-28,68,71,87,58,58,63
2018-04-29,55,73,70,45,59,68
2018-04-30,99,95,93,86,91,73
2018-05-01,88,90,100,80,96,93
2018-05-02,91,95,92,100,99,91
2018-05-03,91,96,78,93,97,100
2018-05-04,96,90,93,91,84,88
2018-05-05,74,68,78,67,58,83
2018-05-06,57,64,58,49,59,83
2018-05-07,100,92,63,87,93,78
2018-05-08,90,99,89,90,99,87
2018-05-09,86,99,91,87,98,85
2018-05-10,84,94,86,78,95,85
2018-05-11,86,94,87,82,87,84
2018-05-12,64,66,70,55,59,84
2018-05-13,48,61,67,45,59,80
2018-05-14,87,97,84,86,96,85
2018-05-15,92,100,81,86,98,86
2018-05-16,86,98,76,79,97,87
2018-05-17,87,96,78,76,100,81
2018-05-18,89,94,83,78,89,88
2018-05-19,65,66,62,57,57,97
2018-05-20,51,65,48,45,67,89
2018-05-21,85,92,77,76,93,93
2018-05-22,87,90,69,78,99,90
2018-05-23,83,92,85,77,96,85
2018-05-24,91,92,82,76,96,88
2018-05-25,92,87,93,86,85,88
2018-05-26,69,66,64,59,58,90
2018-05-27,55,64,41,47,64,93
2018-05-28,84,80,56,86,76,85
2018-05-29,90,95,95,89,94,91
2018-05-30,90,93,84,88,95,90
2018-05-31,93,96,92,93,93,91
2018-06-01,100,81,100,94,83,92
2018-06-02,78,62,68,70,62,88
2018-06-03,58,63,52,53,65,100
2018-06-04,95,85,94,94,95,95
2018-06-05,93,91,81,97,100,89
2018-06-06,88,84,82,89,99,95
2018-06-07,90,83,83,86,97,91
2018-06-08,94,85,89,87,86,88
2018-06-09,66,68,63,62,60,88
2018-06-10,54,64,57,48,62,90
2018-06-11,92,85,81,86,90,88
2018-06-12,87,97,76,80,98,90
2018-06-13,85,85,77,78,92,90
2018-06-14,85,82,72,78,88,91
2018-06-15,83,82,77,81,80,89
2018-06-16,59,63,65,53,51,87
2018-06-17,50,58,46,42,56,86
2018-06-18,94,81,77,81,92,89
2018-06-19,82,83,76,78,92,86
2018-06-20,84,80,78,75,93,88
2018-06-21,82,80,76,74,92,83
2018-06-22,84,76,80,79,82,88
2018-06-23,60,63,61,55,59,85
2018-06-24,50,62,47,45,61,81
2018-06-25,84,80,77,81,91,90
2018-06-26,84,79,77,81,97,85
2018-06-27,82,77,81,81,93,84
2018-06-28,86,100,82,87,93,83
2018-06-29,97,94,89,100,87,88
2018-06-30,73,65,61,77,57,80
2018-07-01,57,71,54,53,61,82
2018-07-02,99,93,99,98,89,81
2018-07-03,96,96,92,90,93,84
2018-07-04,81,84,89,90,79,90
2018-07-05,94,94,74,91,87,88
2018-07-06,94,93,86,84,82,84
2018-07-07,69,73,57,66,57,84
2018-07-08,55,73,45,48,62,89
2018-07-09,94,96,92,80,94,91
2018-07-10,90,96,89,81,91,90
2018-07-11,89,94,75,79,92,85
2018-07-12,91,98,87,82,97,92
2018-07-13,94,97,100,79,86,99
2018-07-14,68,73,64,56,60,93
2018-07-15,55,72,55,45,62,89
2018-07-16,95,95,96,81,94,90
2018-07-17,88,96,89,78,97,89
2018-07-18,89,100,84,75,100,88
2018-07-19,89,94,88,75,96,87
2018-07-20,91,95,92,75,86,89
2018-07-21,71,76,71,59,60,85
2018-07-22,56,74,48,44,67,91
2018-07-23,91,93,90,75,97,89
2018-07-24,90,97,83,78,94,87
2018-07-25,91,94,89,81,97,91
2018-07-26,92,92,87,79,94,93
2018-07-27,92,95,95,80,84,97
2018-07-28,68,74,70,56,61,95
2018-07-29,56,70,61,46,65,100
2018-07-30,99,93,96,90,97,88
2018-07-31,100,97,99,100,96,87
2018-08-01,94,99,91,95,97,86
2018-08-02,91,97,89,86,92,85
2018-08-03,94,95,86,82,84,89
2018-08-04,71,79,65,68,62,84
2018-08-05,52,75,52,47,66,87
2018-08-06,90,97,85,85,96,89
2018-08-07,86,91,85,82,93,90
2018-08-08,86,100,82,75,93,85
2018-08-09,80,97,74,76,89,87
2018-08-10,87,92,92,80,84,92
2018-08-11,64,79,82,55,63,85
2018-08-12,50,72,68,44,61,90
2018-08-13,87,95,92,79,94,88
2018-08-14,84,99,80,75,94,100
2018-08-15,76,97,82,65,88,89
2018-08-16,87,97,77,75,92,87
2018-08-17,84,92,81,70,83,84
2018-08-18,67,76,75,60,59,81
2018-08-19,52,70,71,43,61,84
2018-08-20,89,94,90,75,93,86
2018-08-21,86,98,74,76,95,84
2018-08-22,75,94,83,65,93,85
2018-08-23,82,98,82,72,92,83
2018-08-24,85,93,82,74,84,84
2018-08-25,62,72,74,52,58,81
2018-08-26,55,69,65,43,62,87
2018-08-27,95,94,66,79,88,76
2018-08-28,85,97,100,82,100,84
2018-08-29,80,99,79,78,96,82
2018-08-30,85,98,79,83,95,82
2018-08-31,100,95,89,100,84,81
2018-09-01,80,67,63,80,56,86
2018-09-02,58,67,54,55,60,93
2018-09-03,82,84,74,94,83,98
2018-09-04,95,100,64,94,94,95
2018-09-05,94,94,62,91,99,93
2018-09-06,93,94,59,89,96,96
2018-09-07,98,90,64,89,89,95
2018-09-08,70,68,59,64,61,97
2018-09-09,54,67,42,50,65,95
2018-09-10,93,100,66,90,98,98
2018-09-11,89,97,65,87,97,98
2018-09-12,89,96,60,84,97,96
2018-09-13,80,92,63,75,93,94
2018-09-14,93,94,70,83,84,93
2018-09-15,69,70,71,65,59,94
2018-09-16,54,68,49,51,63,95
2018-09-17,92,94,69,82,98,98
2018-09-18,85,96,64,80,99,96
2018-09-19,88,96,58,77,98,96
2018-09-20,84,97,100,75,95,96
2018-09-21,89,94,70,78,85,99
2018-09-22,65,70,68,55,58,99
2018-09-23,50,80,54,44,62,100
2018-09-24,91,96,71,82,97,99
2018-09-25,89,98,68,83,99,92
2018-09-26,88,95,61,87,100,97
2018-09-27,85,93,65,87,95,93
2018-09-28,100,91,85,100,84,90
2018-09-29,76,70,70,73,58,91
2018-09-30,58,72,54,56,61,96
2018-10-01,100,97,100,100,96,84
2018-10-02,85,96,88,78,94,86
2018-10-03,91,97,88,88,99,86
2018-10-04,91,96,82,93,100,86
2018-10-05,95,91,97,87,87,84
2018-10-06,71,68,83,69,60,81
2018-10-07,52,65,73,50,60,84
2018-10-08,89,90,88,88,96,85
2018-10-09,91,97,80,87,98,87
2018-10-10,90,95,79,87,100,87
2018-10-11,87,97,80,84,95,92
2018-10-12,92,92,82,86,87,90
2018-10-13,67,71,70,61,64,91
2018-10-14,53,68,51,49,69,100
2018-10-15,93,90,84,89,99,94
2018-10-16,87,96,80,84,99,88
2018-10-17,82,93,79,78,97,87
2018-10-18,74,93,85,68,94,84
2018-10-19,82,90,89,71,85,86
2018-10-20,66,69,86,60,60,87
2018-10-21,51,66,60,48,65,96
2018-10-22,83,94,89,81,95,91
2018-10-23,84,97,86,78,98,91
2018-10-24,84,100,86,75,95,85
2018-10-25,87,95,85,80,97,85
2018-10-26,87,88,92,84,83,86
2018-10-27,61,66,75,58,55,88
2018-10-28,52,69,68,47,62,99
2018-10-29,88,93,89,86,92,84
2018-10-30,87,94,97,89,93,83
2018-10-31,92,90,90,95,97,80
2018-11-01,95,93,96,98,91,93
2018-11-02,96,94,82,98,85,98
2018-11-03,75,78,92,74,56,90
2018-11-04,57,71,72,53,63,100
2018-11-05,94,98,86,96,94,98
2018-11-06,86,94,80,86,89,98
2018-11-07,73,88,75,69,90,90
2018-11-08,80,99,80,74,89,92
2018-11-09,87,87,83,77,81,95
2018-11-10,65,70,78,59,59,96
2018-11-11,51,66,76,47,61,97
2018-11-12,89,96,79,85,89,92
2018-11-13,88,98,81,83,95,93
2018-11-14,87,93,79,78,96,93
2018-11-15,90,94,73,80,93,92
2018-11-16,89,91,82,76,83,94
2018-11-17,68,74,67,61,58,92
2018-11-18,50,73,55,45,61,94
2018-11-19,90,93,79,78,89,94
2018-11-20,84,92,84,80,93,92
2018-11-21,85,88,77,74,84,90
2018-11-22,71,77,74,75,73,89
2018-11-23,81,75,88,76,70,93
2018-11-24,62,66,86,52,62,90
2018-11-25,49,68,63,46,62,90
2018-11-26,89,97,84,80,90,88
2018-11-27,87,97,85,83,100,91
2018-11-28,87,98,85,87,96,89
2018-11-29,91,100,82,87,95,93
2018-11-30,100,94,100,100,83,92
2018-12-01,77,78,92,77,64,95
2018-12-02,56,70,72,56,63,92
2018-12-03,96,99,94,100,100,93
2018-12-04,92,100,85,94,99,94
2018-12-05,91,99,90,89,97,91
2018-12-06,88,97,79,92,97,91
2018-12-07,92,90,95,88,87,93
2018-12-08,67,70,82,63,57,90
2018-12-09,54,70,66,48,66,92
2018-12-10,92,96,87,93,94,97
2018-12-11,87,96,83,80,94,88
2018-12-12,88,96,70,82,94,84
2018-12-13,87,94,81,81,96,88
2018-12-14,93,97,85,82,85,82
2018-12-15,73,73,79,65,59,92
2018-12-16,54,67,73,49,61,88
2018-12-17,90,89,78,81,88,86
2018-12-18,90,89,83,86,92,87
2018-12-19,91,93,81,88,89,89
2018-12-20,95,92,86,94,87,94
2018-12-21,97,89,100,94,79,90
2018-12-22,75,67,88,61,52,83
2018-12-23,57,65,69,48,53,84
2018-12-24,92,72,82,72,54,79
2018-12-25,50,57,37,46,47,80
2018-12-26,81,75,70,65,62,86
2018-12-27,94,84,94,88,75,95
2018-12-28,96,86,86,92,71,96
2018-12-29,73,73,95,68,58,94
2018-12-30,58,70,76,51,58,100
2018-12-31,100,76,93,87,66,99
2019-01-01,69,65,73,63,51,100
2019-01-02,100,88,100,100,79,88
2019-01-03,96,88,92,88,85,86
2019-01-04,94,89,87,85,85,87
2019-01-05,76,75,70,71,60,82
2019-01-06,55,70,49,50,62,83
2019-01-07,93,92,84,89,92,84
2019-01-08,88,93,71,77,94,84
2019-01-09,88,97,76,79,94,87
2019-01-10,86,96,76,84,98,86
2019-01-11,90,96,75,81,88,86
2019-01-12,67,73,85,54,60,83
2019-01-13,53,69,67,43,63,82
2019-01-14,85,95,89,76,88,87
2019-01-15,84,93,78,74,93,85
2019-01-16,84,94,76,72,96,85
2019-01-17,83,95,76,70,94,83
2019-01-18,84,94,85,76,84,86
2019-01-19,67,70,90,58,59,84
2019-01-20,50,72,68,44,62,86
2019-01-21,84,88,81,75,87,87
2019-01-22,84,96,73,71,94,88
2019-01-23,85,100,72,72,96,85
2019-01-24,88,97,82,73,98,84
2019-01-25,90,98,88,75,86,82
2019-01-26,62,79,66,47,57,86
2019-01-27,52,73,53,45,68,87
2019-01-28,87,97,83,78,95,85
2019-01-29,86,100,87,82,100,89
2019-01-30,85,97,95,79,97,84
2019-01-31,95,95,89,90,95,88
2019-02-01,100,93,68,100,90,99
2019-02-02,80,79,61,73,63,93
2019-02-03,56,67,54,52,62,97
2019-02-04,92,91,74,93,91,95
2019-02-05,93,94,63,87,95,97
2019-02-06,88,92,65,83,100,95
2019-02-07,91,95,64,81,97,91
2019-02-08,92,94,67,82,89,100
2019-02-09,69,73,61,58,65,92
2019-02-10,55,67,57,48,65,95
2019-02-11,92,94,64,82,97,91
2019-02-12,88,94,60,83,97,91
2019-02-13,85,96,57,79,93,89
2019-02-14,86,90,58,77,90,86
2019-02-15,90,88,61,79,84,92
2019-02-16,73,74,52,61,64,93
2019-02-17,55,69,39,45,64,96
2019-02-18,89,88,59,77,92,96
2019-02-19,87,93,56,71,94,94
2019-02-20,90,97,59,78,98,92
2019-02-21,88,93,56,75,98,92
2019-02-22,90,97,67,81,86,90
2019-02-23,69,76,54,54,65,91
2019-02-24,56,73,51,45,67,88
2019-02-25,94,92,63,81,92,90
2019-02-26,93,96,63,81,100,93
2019-02-27,92,100,64,82,94,89
2019-02-28,97,95,100,98,92,88
2019-03-01,100,95,100,100,87,95
2019-03-02,75,74,96,68,63,89
2019-03-03,57,67,79,51,67,96
2019-03-04,86,87,94,78,95,99
2019-03-05,90,99,86,82,100,99
2019-03-06,85,97,76,81,94,89
2019-03-07,84,90,80,83,98,92
2019-03-08,86,90,88,82,86,89
2019-03-09,65,72,89,56,64,94
2019-03-10,50,63,86,45,64,96
2019-03-11,87,87,89,84,98,94
2019-03-12,80,89,81,77,96,94
2019-03-13,82,97,76,72,96,93
2019-03-14,82,93,86,75,95,93
2019-03-15,85,95,83,75,83,91
2019-03-16,65,74,75,57,62,100
2019-03-17,51,68,65,44,60,96
2019-03-18,86,94,83,75,92,90
2019-03-19,85,97,80,75,97,93
2019-03-20,82,94,78,72,93,92
2019-03-21,75,91,81,61,90,90
2019-03-22,81,94,87,71,83,94
2019-03-23,62,74,73,51,60,95
2019-03-24,51,72,54,42,65,93
2019-03-25,87,96,81,77,94,92
2019-03-26,81,100,83,78,97,92
2019-03-27,85,96,78,76,95,89
2019-03-28,90,94,93,81,95,89
2019-03-29,92,90,94,83,85,92
2019-03-30,73,74,85,69,61,93
2019-03-31,57,69,73,50,67,100
2019-04-01,97,94,100,100,96,100
2019-04-02,98,97,91,100,100,79
2019-04-03,91,99,79,93,98,73
2019-04-04,91,100,80,92,96,62
2019-04-05,89,95,84,95,88,61
2019-04-06,69,68,66,64,62,61
2019-04-07,54,67,57,53,63,65
2019-04-08,90,95,85,88,98,67
2019-04-09,85,95,82,88,100,64
2019-04-10,84,95,72,84,98,61
2019-04-11,83,94,70,78,95,66
2019-04-12,88,88,74,79,85,67
2019-04-13,65,82,79,58,59,61
2019-04-14,50,67,64,45,64,57
2019-04-15,93,91,83,80,94,59
2019-04-16,88,91,70,75,95,60
2019-04-17,83,94,73,71,89,59
2019-04-18,87,85,84,70,90,59
2019-04-19,83,78,66,54,71,56
2019-04-20,69,73,72,57,55,54
2019-04-21,47,64,62,39,57,57
2019-04-22,83,90,58,64,79,53
2019-04-23,87,95,88,76,92,55
2019-04-24,85,92,97,73,94,58
2019-04-25,86,88,91,79,95,59
2019-04-26,87,88,90,79,85,59
2019-04-27,63,66,82,55,61,62
2019-04-28,52,67,70,43,64,95
2019-04-29,88,92,81,79,96,64
2019-04-30,100,98,86,90,96,60
2019-05-01,85,92,99,76,92,98
2019-05-02,94,99,93,92,97,94
2019-05-03,93,97,96,87,86,92
2019-05-04,73,73,100,67,62,90
2019-05-05,58,66,70,50,61,90
2019-05-06,95,91,71,79,90,87
2019-05-07,88,93,98,84,97,90
2019-05-08,85,97,83,82,94,94
2019-05-09,84,94,86,77,94,94
2019-05-10,88,91,93,82,82,93
2019-05-11,65,68,74,56,59,91
2019-05-12,48,63,86,45,58,89
2019-05-13,85,95,79,79,94,90
2019-05-14,87,100,78,80,98,90
2019-05-15,85,96,83,80,97,86
2019-05-16,86,94,85,77,100,89
2019-05-17,85,94,84,77,85,94
2019-05-18,66,71,70,57,58,88
2019-05-19,52,66,58,45,63,90
2019-05-20,100,91,81,77,89,91
2019-05-21,86,99,83,75,95,93
2019-05-22,83,94,81,72,94,94
2019-05-23,80,89,75,68,87,90
2019-05-24,88,92,90,79,87,99
2019-05-25,64,70,69,59,57,96
2019-05-26,54,66,47,48,60,98
2019-05-27,83,77,58,79,69,91
2019-05-28,92,93,86,84,90,96
2019-05-29,88,93,88,81,92,96
2019-05-30,86,98,96,80,92,100
2019-05-31,96,91,100,100,88,94
2019-06-01,78,74,65,76,61,88
2019-06-02,55,65,53,55,65,90
2019-06-03,96,94,86,91,92,96
2019-06-04,90,100,83,90,96,98
2019-06-05,75,94,76,75,91,91
2019-06-06,86,94,81,87,97,89
2019-06-07,88,93,86,89,86,95
2019-06-08,65,69,63,61,61,99
2019-06-09,51,66,54,48,66,97
2019-06-10,89,90,80,82,90,97
2019-06-11,90,94,82,88,98,91
2019-06-12,93,93,77,83,97,96
2019-06-13,87,94,83,81,95,93
2019-06-14,94,93,88,86,89,89
2019-06-15,71,73,70,64,60,92
2019-06-16,51,66,49,46,62,91
2019-06-17,91,92,84,78,95,93
2019-06-18,90,93,77,80,99,94
2019-06-19,86,91,75,79,100,92
2019-06-20,87,87,78,78,94,89
2019-06-21,89,92,93,82,88,91
2019-06-22,68,68,60,59,59,90
2019-06-23,53,66,55,48,67,95
2019-06-24,93,90,89,88,94,98
2019-06-25,92,93,86,85,99,97
2019-06-26,89,88,89,87,94,93
2019-06-27,88,94,78,85,97,91
2019-06-28,100,87,100,100,86,93
2019-06-29,77,71,76,75,61,100
2019-06-30,57,66,60,55,64,99
2019-07-01,100,67,100,98,92,89
2019-07-02,90,68,87,90,92,85
2019-07-03,91,65,81,88,87,86
2019-07-04,78,57,80,83,83,87
2019-07-05,89,65,80,88,78,94
2019-07-06,70,50,68,65,59,94
2019-07-07,54,48,52,52,65,92
2019-07-08,96,67,82,88,97,92
2019-07-09,89,67,78,84,95,90
2019-07-10,85,75,75,85,97,86
2019-07-11,83,66,80,84,94,88
2019-07-12,88,68,75,85,85,89
2019-07-13,65,54,62,58,64,87
2019-07-14,52,47,52,49,63,94
2019-07-15,92,68,83,90,94,89
2019-07-16,88,68,87,84,100,89
2019-07-17,87,70,90,79,100,91
2019-07-18,88,67,77,79,92,90
2019-07-19,87,66,82,82,86,90
2019-07-20,72,56,65,70,61,90
2019-07-21,52,51,47,47,65,90
2019-07-22,85,65,80,89,89,91
2019-07-23,85,71,75,78,94,90
2019-07-24,81,66,78,77,92,90
2019-07-25,87,69,76,81,96,100
2019-07-26,88,67,84,81,80,98
2019-07-27,65,52,69,57,60,93
2019-07-28,52,49,57,47,64,93
2019-07-29,90,67,85,88,94,91
2019-07-30,90,100,82,87,91,88
2019-07-31,94,75,85,100,92,87
2019-08-01,100,90,91,100,91,85
2019-08-02,96,84,87,93,80,89
2019-08-03,75,70,71,68,61,91
2019-08-04,57,65,54,51,63,100
2019-08-05,94,82,86,88,87,91
2019-08-06,90,84,80,84,92,93
2019-08-07,88,86,85,85,92,91
2019-08-08,89,85,78,81,89,90
2019-08-09,93,82,100,84,84,95
2019-08-10,69,69,86,58,61,94
2019-08-11,52,62,74,46,60,91
2019-08-12,80,85,90,72,89,92
2019-08-13,92,86,77,82,93,95
2019-08-14,86,86,80,78,96,96
2019-08-15,77,91,82,65,90,98
2019-08-16,96,88,88,74,87,96
2019-08-17,68,69,89,58,61,90
2019-08-18,55,66,60,44,66,95
2019-08-19,92,86,91,74,98,92
2019-08-20,88,91,71,76,98,88
2019-08-21,87,88,81,73,99,86
2019-08-22,90,86,76,72,94,89
2019-08-23,92,88,86,71,91,93
2019-08-24,67,69,87,50,60,86
2019-08-25,59,61,60,45,64,92
2019-08-26,97,92,68,74,96,82
2019-08-27,91,92,89,76,97,92
2019-08-28,89,100,92,80,100,89
2019-08-29,87,87,92,79,96,90
2019-08-30,99,84,93,88,88,85
2019-08-31,79,63,84,69,62,85
2019-09-01,53,62,65,54,58,93
2019-09-02,74,83,97,82,81,97
2019-09-03,93,95,88,83,91,92
2019-09-04,87,96,81,80,94,96
2019-09-05,84,99,84,79,94,91
2019-09-06,87,95,85,79,93,95
2019-09-07,68,70,74,62,61,92
2019-09-08,50,68,48,47,67,93
2019-09-09,86,94,80,81,97,97
2019-09-10,82,99,84,73,99,95
2019-09-11,84,94,75,74,96,94
2019-09-12,85,98,81,75,97,95
2019-09-13,86,96,87,77,88,95
2019-09-14,64,72,96,57,64,93
2019-09-15,51,70,69,46,68,94
2019-09-16,85,98,89,80,100,100
2019-09-17,83,95,82,75,99,96
2019-09-18,80,94,76,68,98,94
2019-09-19,80,94,78,72,93,95
2019-09-20,86,93,89,72,90,98
2019-09-21,61,70,76,55,63,93
2019-09-22,49,66,77,44,64,100
2019-09-23,81,91,96,71,99,95
2019-09-24,85,91,81,76,99,98
2019-09-25,88,100,75,77,95,93
2019-09-26,86,97,85,77,97,96
2019-09-27,91,94,87,82,90,96
2019-09-28,67,70,93,56,59,95
2019-09-29,54,69,64,48,65,98
2019-09-30,100,97,100,100,94,96
2019-10-01,100,100,90,100,100,91
2019-10-02,84,94,78,72,96,88
2019-10-03,93,94,77,82,94,89
2019-10-04,97,99,83,83,91,92
2019-10-05,75,72,88,66,68,91
2019-10-06,53,72,77,48,65,100
2019-10-07,84,96,84,77,95,96
2019-10-08,75,95,70,66,98,87
2019-10-09,87,99,75,76,96,90
2019-10-10,87,98,78,80,99,88
2019-10-11,88,94,84,78,92,90
2019-10-12,64,72,69,56,62,90
2019-10-13,50,68,51,45,67,96
2019-10-14,89,93,81,76,92,91
2019-10-15,91,99,84,78,98,84
2019-10-16,87,99,77,76,99,87
2019-10-17,85,97,78,72,98,86
2019-10-18,87,89,84,70,89,85
2019-10-19,69,70,75,58,59,84
2019-10-20,51,67,66,43,67,85
2019-10-21,83,94,86,72,98,86
2019-10-22,82,91,76,72,99,82
2019-10-23,83,94,73,73,99,91
2019-10-24,80,96,74,76,95,88
2019-10-25,87,89,100,83,88,86
2019-10-26,63,66,82,53,62,88
2019-10-27,47,66,61,39,59,95
2019-10-28,79,93,86,70,87,85
2019-10-29,81,94,80,74,95,86
2019-10-30,84,93,77,78,91,87
2019-10-31,91,88,83,87,91,83
2019-11-01,98,98,96,100,83,50
2019-11-02,73,70,97,74,60,48
2019-11-03,54,70,63,52,64,48
2019-11-04,100,96,97,92,96,49
2019-11-05,92,97,77,89,95,48
2019-11-06,87,94,70,82,97,47
2019-11-07,89,97,80,83,96,47
2019-11-08,91,92,80,82,87,48
2019-11-09,65,71,81,57,61,47
2019-11-10,50,67,64,44,63,48
2019-11-11,88,89,84,82,91,48
2019-11-12,82,95,74,73,96,47
2019-11-13,85,99,71,78,98,48
2019-11-14,84,97,78,76,94,48
2019-11-15,88,94,84,80,88,49
2019-11-16,69,82,68,63,64,48
2019-11-17,52,68,53,47,68,48
2019-11-18,89,97,84,77,95,47
2019-11-19,87,97,80,76,100,47
2019-11-20,85,94,82,76,97,45
2019-11-21,83,100,79,77,98,46
2019-11-22,87,95,85,79,86,47
2019-11-23,63,71,95,56,62,45
2019-11-24,50,65,67,47,65,46
2019-11-25,91,93,92,81,91,48
2019-11-26,88,90,97,82,92,46
2019-11-27,88,89,96,78,86,45
2019-11-28,76,79,98,82,74,45
2019-11-29,90,80,97,89,67,100
2019-11-30,71,70,100,73,61,69
2019-12-01,58,72,67,53,64,100
2019-12-02,100,100,93,100,96,86
2019-12-03,96,99,77,95,100,79
2019-12-04,91,98,89,86,99,76
2019-12-05,92,97,81,83,98,76
2019-12-06,92,95,78,81,93,79
2019-12-07,71,74,77,71,65,76
2019-12-08,54,67,61,47,64,75
2019-12-09,90,97,78,79,91,73
2019-12-10,87,100,77,77,95,72
2019-12-11,89,98,69,74,97,74
2019-12-12,86,97,63,73,95,74
2019-12-13,91,98,82,76,88,76
2019-12-14,68,75,77,53,62,76
2019-12-15,53,70,70,43,63,74
2019-12-16,90,96,80,77,91,73
2019-12-17,89,100,86,74,96,75
2019-12-18,82,89,66,73,90,69
2019-12-19,83,91,73,77,89,70
2019-12-20,92,91,85,86,83,72
2019-12-21,71,68,80,61,58,72
2019-12-22,51,63,63,43,55,71
2019-12-23,93,80,87,77,76,72
2019-12-24,90,72,67,66,67,67
2019-12-25,51,58,37,43,53,67
2019-12-26,82,79,72,65,67,74
2019-12-27,94,84,88,78,74,75
2019-12-28,68,75,83,54,60,77
2019-12-29,55,67,67,43,61,79
2019-12-30,97,86,100,80,74,78
2019-12-31,99,83,82,82,70,82
2020-01-01,72,64,81,68,54,100
2020-01-02,100,90,98,100,82,87
2020-01-03,95,87,87,94,79,88
2020-01-04,75,71,67,71,63,83
2020-01-05,56,65,55,54,66,84
2020-01-06,90,86,79,90,92,86
2020-01-07,94,92,76,91,92,83
2020-01-08,86,96,73,85,92,88
2020-01-09,88,96,71,87,93,86
2020-01-10,88,91,84,87,87,81
2020-01-11,65,73,86,61,63,84
2020-01-12,51,73,63,46,66,84
2020-01-13,89,90,83,80,95,87
2020-01-14,84,96,74,74,95,86
2020-01-15,87,97,73,77,98,83
2020-01-16,87,94,74,76,97,82
2020-01-17,87,89,76,78,86,83
2020-01-18,68,71,79,62,65,81
2020-01-19,50,64,67,47,64,85
2020-01-20,85,90,87,80,89,88
2020-01-21,87,100,81,80,97,86
2020-01-22,83,95,82,76,99,84
2020-01-23,84,97,86,73,97,81
2020-01-24,85,93,89,77,85,78
2020-01-25,63,74,66,58,64,81
2020-01-26,47,63,54,43,59,80
2020-01-27,81,86,80,76,91,80
2020-01-28,84,93,80,80,100,81
2020-01-29,82,92,73,77,93,79
2020-01-30,88,93,80,84,93,82
2020-01-31,94,91,100,90,86,82
2020-02-01,83,73,80,72,64,86
2020-02-02,60,64,57,54,63,100
2020-02-03,98,91,78,87,88,87
2020-02-04,96,95,71,87,96,87
2020-02-05,99,94,71,87,92,82
2020-02-06,91,94,73,85,92,82
2020-02-07,96,93,77,86,89,86
2020-02-08,71,73,75,62,66,85
2020-02-09,53,69,52,50,62,99
2020-02-10,95,91,71,86,92,90
2020-02-11,91,93,75,84,100,85
2020-02-12,92,94,70,83,98,85
2020-02-13,91,100,84,84,97,90
2020-02-14,92,91,83,83,82,86
2020-02-15,76,70,67,64,65,95
2020-02-16,56,67,62,48,64,95
2020-02-17,92,84,82,80,89,88
2020-02-18,92,95,68,80,93,87
2020-02-19,93,94,72,82,100,87
2020-02-20,91,92,70,81,95,91
2020-02-21,88,93,77,78,88,91
2020-02-22,68,71,75,57,65,86
2020-02-23,56,67,59,46,66,83
2020-02-24,96,88,84,79,97,89
2020-02-25,96,92,80,82,97,86
2020-02-26,94,94,70,83,93,85
2020-02-27,91,94,77,84,94,83
2020-02-28,100,98,100,100,86,86
2020-02-29,82,70,83,77,66,83
2020-03-01,51,68,64,55,49,94
2020-03-02,82,94,93,100,74,93
2020-03-03,80,100,90,92,79,96
2020-03-04,76,95,82,84,77,93
2020-03-05,80,97,78,89,75,98
2020-03-06,100,92,75,88,72,91
2020-03-07,71,73,77,71,50,95
2020-03-08,51,68,64,46,51,93
2020-03-09,83,96,93,78,76,100
2020-03-10,69,90,88,68,74,98
2020-03-11,79,96,78,75,74,88
2020-03-12,78,91,79,77,72,90
2020-03-13,80,92,81,77,67,88
2020-03-14,59,70,60,56,51,89
2020-03-15,46,69,50,44,53,84
2020-03-16,81,80,76,76,81,82
2020-03-17,80,83,69,74,80,75
2020-03-18,84,86,84,73,81,88
2020-03-19,79,87,83,71,80,90
2020-03-20,75,86,87,71,81,76
2020-03-21,56,75,65,53,60,72
2020-03-22,41,70,52,38,64,71
2020-03-23,74,86,97,61,100,71
2020-03-24,69,84,91,63,90,68
2020-03-25,70,84,87,61,81,62
2020-03-26,68,84,93,69,81,64
2020-03-27,72,85,100,72,72,63
2020-03-28,50,70,65,55,56,62
2020-03-29,44,66,50,46,55,67
2020-03-30,77,84,88,80,79,65
2020-03-31,79,84,97,83,79,61
2020-04-01,78,85,97,97,100,84
2020-04-02,69,86,97,89,99,80
2020-04-03,77,83,96,91,96,83
2020-04-04,56,72,62,72,69,80
2020-04-05,43,64,49,56,66,89
2020-04-06,73,82,95,84,90,86
2020-04-07,71,83,83,86,91,89
2020-04-08,67,81,81,82,90,88
2020-04-09,71,80,95,86,90,86
2020-04-10,65,80,61,67,78,84
2020-04-11,52,71,50,58,61,85
2020-04-12,42,64,32,44,61,86
2020-04-13,74,84,57,81,79,82
2020-04-14,79,88,100,88,91,81
2020-04-15,100,100,83,100,92,79
2020-04-16,81,89,82,83,92,83
2020-04-17,73,85,83,78,91,84
2020-04-18,54,70,56,58,65,83
2020-04-19,41,66,43,46,64,90
2020-04-20,68,85,84,74,93,85
2020-04-21,68,87,76,71,94,82
2020-04-22,67,83,90,71,94,80
2020-04-23,65,86,85,69,89,85
2020-04-24,66,83,77,70,87,91
2020-04-25,49,69,55,52,67,90
2020-04-26,40,68,48,44,68,100
2020-04-27,68,86,80,74,88,91
2020-04-28,68,87,90,75,89,92
2020-04-29,72,88,90,80,88,91
2020-04-30,74,87,92,89,87,93
2020-05-01,91,94,99,85,87,97
2020-05-02,69,80,55,71,69,91
2020-05-03,57,73,48,56,67,100
2020-05-04,100,98,100,100,94,91
2020-05-05,93,96,83,98,95,90
2020-05-06,86,90,80,90,96,87
2020-05-07,88,100,81,89,92,89
2020-05-08,88,95,51,89,87,88
2020-05-09,61,77,52,65,68,87
2020-05-10,53,69,49,50,66,92
2020-05-11,91,95,84,92,91,89
2020-05-12,84,94,76,84,97,86
2020-05-13,86,95,77,82,100,88
2020-05-14,82,97,87,80,93,85
2020-05-15,83,97,81,89,93,91
2020-05-16,64,80,55,67,71,91
2020-05-17,51,74,42,52,72,94
2020-05-18,83,93,87,83,95,88
2020-05-19,81,91,77,80,95,90
2020-05-20,83,92,81,83,93,90
2020-05-21,81,93,74,78,88,92
2020-05-22,83,88,74,80,90,89
2020-05-23,60,77,53,61,66,97
2020-05-24,48,71,43,47,64,91
2020-05-25,66,75,45,68,75,84
2020-05-26,85,95,76,79,90,85
2020-05-27,87,98,78,83,94,84
2020-05-28,87,99,81,88,92,84
2020-05-29,88,98,86,94,85,91
2020-05-30,66,78,72,72,68,86
2020-05-31,52,69,48,57,72,93
2020-06-01,96,94,100,77,94,83
2020-06-02,95,98,83,73,97,85
2020-06-03,93,100,88,71,95,92
2020-06-04,88,98,79,72,97,86
2020-06-05,93,100,81,74,87,84
2020-06-06,72,78,58,61,70,96
2020-06-07,55,71,47,46,69,98
2020-06-08,92,99,81,72,93,86
2020-06-09,90,95,77,70,95,84
2020-06-10,91,98,81,71,100,88
2020-06-11,87,98,82,70,100,87
2020-06-12,88,99,89,69,90,89
2020-06-13,66,80,59,55,70,100
2020-06-14,54,70,48,43,66,94
2020-06-15,96,91,79,70,92,92
2020-06-16,89,99,82,69,98,87
2020-06-17,85,97,90,67,96,89
2020-06-18,86,95,84,69,96,86
2020-06-19,85,92,89,66,88,86
2020-06-20,66,74,69,53,68,85
2020-06-21,51,67,52,42,66,85
2020-06-22,90,93,85,72,92,83
2020-06-23,92,94,76,75,97,81
2020-06-24,89,97,82,74,97,84
2020-06-25,91,93,85,75,100,86
2020-06-26,90,97,92,79,84,90
2020-06-27,68,77,66,60,68,93
2020-06-28,54,75,60,50,70,86
2020-06-29,99,96,89,88,98,91
2020-06-30,100,95,97,100,98,88
2020-07-01,99,74,100,100,93,89
2020-07-02,100,76,94,91,94,92
2020-07-03,94,68,94,88,80,92
2020-07-04,64,56,86,69,63,95
2020-07-05,54,57,63,55,67,95
2020-07-06,98,73,96,88,91,93
2020-07-07,91,72,91,87,97,91
2020-07-08,91,72,99,86,96,94
2020-07-09,89,79,92,77,100,91
2020-07-10,93,78,90,83,89,90
2020-07-11,67,59,71,57,70,91
2020-07-12,52,60,57,46,67,90
2020-07-13,91,72,85,83,92,89
2020-07-14,91,73,88,81,95,90
2020-07-15,93,80,87,74,94,95
2020-07-16,89,77,87,72,98,91
2020-07-17,91,72,89,73,89,95
2020-07-18,66,63,72,53,67,95
2020-07-19,52,55,57,41,71,96
2020-07-20,90,71,98,68,93,95
2020-07-21,91,77,89,67,96,91
2020-07-22,87,78,89,67,91,93
2020-07-23,89,83,80,65,96,99
2020-07-24,88,81,76,69,86,91
2020-07-25,64,65,68,50,67,96
2020-07-26,54,63,67,39,66,91
2020-07-27,96,81,92,72,92,99
2020-07-28,92,80,81,70,92,94
2020-07-29,92,76,83,72,90,91
2020-07-30,90,100,86,74,91,97
2020-07-31,97,86,80,82,82,100
2020-08-01,70,78,72,75,67,90
2020-08-02,54,76,59,58,66,95
2020-08-03,100,90,100,97,94,92
2020-08-04,94,94,87,98,96,91
2020-08-05,89,96,94,91,92,88
2020-08-06,92,92,82,93,93,93
2020-08-07,89,89,78,94,87,85
2020-08-08,64,74,53,69,72,89
2020-08-09,54,69,56,57,66,92
2020-08-10,96,100,91,95,93,90
2020-08-11,89,93,79,87,95,94
2020-08-12,86,88,80,79,92,95
2020-08-13,87,92,79,80,100,100
2020-08-14,88,88,89,81,83,89
2020-08-15,58,66,57,56,67,90
2020-08-16,50,64,51,48,71,92
2020-08-17,91,90,83,82,92,96
2020-08-18,87,86,82,81,94,92
2020-08-19,85,91,82,81,93,92
2020-08-20,82,88,74,80,97,87
2020-08-21,82,92,88,77,84,91
2020-08-22,61,70,58,54,67,91
2020-08-23,49,67,51,49,66,94
2020-08-24,86,85,87,77,92,94
2020-08-25,85,89,77,78,94,92
2020-08-26,84,87,82,83,94,90
2020-08-27,87,92,86,82,100,92
2020-08-28,90,91,94,87,88,91
2020-08-29,69,72,59,68,67,94
2020-08-30,57,65,44,54,66,94
2020-08-31,98,87,61,100,94,87
2020-09-01,100,95,77,100,94,94
2020-09-02,89,94,73,91,95,97
2020-09-03,91,95,69,87,95,93
2020-09-04,90,92,68,88,84,92
2020-09-05,71,67,50,71,64,97
2020-09-06,53,64,37,55,66,99
2020-09-07,81,81,66,88,83,97
2020-09-08,90,92,64,85,93,94
2020-09-09,86,96,79,86,93,92
2020-09-10,87,94,61,84,100,85
2020-09-11,85,94,70,81,88,91
2020-09-12,63,76,65,61,68,94
2020-09-13,51,69,52,50,67,92
2020-09-14,86,95,74,84,95,95
2020-09-15,84,99,69,83,97,95
2020-09-16,85,96,56,81,96,92
2020-09-17,80,90,64,74,98,91
2020-09-18,84,96,66,81,88,94
2020-09-19,63,72,67,65,65,96
2020-09-20,50,75,59,52,66,100
2020-09-21,85,96,71,82,94,91
2020-09-22,83,94,70,77,95,95
2020-09-23,80,98,66,77,95,94
2020-09-24,83,100,72,78,96,90
2020-09-25,87,91,65,81,85,93
2020-09-26,62,74,62,59,65,95
2020-09-27,49,63,52,49,61,93
2020-09-28,89,93,100,85,90,92
2020-09-29,89,100,80,89,91,90
2020-09-30,89,95,74,98,90,91
2020-10-01,100,99,100,100,93,77
2020-10-02,89,94,89,82,84,77
2020-10-03,77,75,79,72,69,79
2020-10-04,57,72,77,52,68,100
2020-10-05,98,100,89,92,99,77
2020-10-06,94,99,75,88,97,76
2020-10-07,91,97,79,88,96,77
2020-10-08,93,98,77,83,100,76
2020-10-09,91,93,81,85,87,75
2020-10-10,70,73,62,63,66,72
2020-10-11,57,73,48,49,68,71
2020-10-12,97,91,85,81,91,79
2020-10-13,92,95,76,86,96,74
2020-10-14,89,96,67,83,88,71
2020-10-15,90,99,67,83,95,91
2020-10-16,92,92,76,86,81,72
2020-10-17,70,71,98,67,63,74
2020-10-18,56,67,62,49,65,73
2020-10-19,93,91,86,81,88,71
2020-10-20,90,93,78,80,93,72
2020-10-21,90,96,81,79,87,74
2020-10-22,87,90,76,77,90,72
2020-10-23,90,90,88,78,81,71
2020-10-24,64,70,75,56,63,74
2020-10-25,53,66,68,45,62,79
2020-10-26,93,85,92,76,84,77
2020-10-27,92,97,86,79,87,74
2020-10-28,90,95,79,80,88,71
2020-10-29,86,94,83,83,89,75
2020-10-30,90,93,84,84,78,73
2020-10-31,73,84,75,67,61,74
2020-11-01,58,71,80,59,64,97
2020-11-02,100,90,100,97,100,94
2020-11-03,91,93,76,90,92,85
2020-11-04,74,78,63,74,75,71
2020-11-05,82,84,74,83,87,76
2020-11-06,85,84,73,87,82,77
2020-11-07,67,69,71,66,62,78
2020-11-08,52,68,70,54,68,88
2020-11-09,92,90,89,93,91,86
2020-11-10,91,90,84,90,97,82
2020-11-11,86,88,76,87,91,84
2020-11-12,93,91,82,86,96,83
2020-11-13,93,89,80,88,86,87
2020-11-14,61,67,58,55,64,89
2020-11-15,53,66,45,49,66,91
2020-11-16,88,92,84,81,92,92
2020-11-17,92,100,76,80,99,89
2020-11-18,90,89,75,80,95,91
2020-11-19,89,89,75,84,95,93
2020-11-20,89,82,85,80,85,88
2020-11-21,67,65,81,65,67,94
2020-11-22,54,63,73,50,66,100
2020-11-23,89,88,90,80,88,92
2020-11-24,89,89,85,79,94,90
2020-11-25,90,87,80,84,87,89
2020-11-26,76,76,73,78,81,100
2020-11-27,87,85,81,84,75,94
2020-11-28,66,72,74,65,70,92
2020-11-29,54,67,67,53,63,95
2020-11-30,97,90,93,100,90,93
2020-12-01,86,79,80,100,95,72
2020-12-02,80,74,72,96,98,71
2020-12-03,83,77,80,92,100,76
2020-12-04,83,75,88,92,92,76
2020-12-05,61,62,73,76,72,73
2020-12-06,45,55,71,52,68,76
2020-12-07,79,76,80,83,97,80
2020-12-08,76,71,76,77,94,78
2020-12-09,77,78,70,84,95,81
2020-12-10,82,100,66,83,99,81
2020-12-11,79,78,81,84,90,80
2020-12-12,56,62,68,62,70,82
2020-12-13,45,54,63,48,68,81
2020-12-14,79,80,81,85,93,100
2020-12-15,82,81,76,89,94,79
2020-12-16,78,80,79,83,90,73
2020-12-17,76,77,79,84,93,71
2020-12-18,79,74,81,83,82,71
2020-12-19,60,59,74,66,65,97
2020-12-20,46,53,63,50,63,90
2020-12-21,85,69,89,88,86,80
2020-12-22,82,70,75,90,85,69
2020-12-23,81,67,74,87,75,65
2020-12-24,79,57,66,78,70,64
2020-12-25,45,49,35,49,49,62
2020-12-26,54,54,60,53,57,72
2020-12-27,49,63,63,49,58,73
2020-12-28,87,66,69,83,75,71
2020-12-29,85,66,100,92,86,69
2020-12-30,100,67,92,96,79,71
2020-12-31,96,65,84,96,70,82
2021-01-01,71,38,72,69,56,100
2021-01-02,72,41,87,71,65,81
2021-01-03,53,39,68,53,66,78
2021-01-04,100,52,100,100,92,82
2021-01-05,91,51,95,90,97,76
2021-01-06,82,90,79,79,86,71
2021-01-07,83,100,83,85,90,69
2021-01-08,83,77,84,86,90,77
2021-01-09,59,56,59,59,67,75
2021-01-10,48,52,48,47,67,74
2021-01-11,79,60,83,79,90,72
2021-01-12,80,60,87,79,94,75
2021-01-13,79,59,84,76,94,74
2021-01-14,76,60,80,67,95,72
2021-01-15,78,58,85,71,89,71
2021-01-16,60,47,76,57,68,74
2021-01-17,45,42,68,43,66,70
2021-01-18,74,53,92,74,93,74
2021-01-19,78,54,93,75,97,71
2021-01-20,78,55,77,72,90,70
2021-01-21,75,55,84,74,95,70
2021-01-22,79,53,96,75,91,73
2021-01-23,59,43,74,55,69,72
2021-01-24,46,40,57,45,63,80
2021-01-25,81,54,78,78,95,70
2021-01-26,71,56,88,65,95,73
2021-01-27,79,65,96,79,98,69
2021-01-28,80,64,90,76,100,72
2021-01-29,83,62,96,84,88,73
2021-01-30,63,48,72,67,65,67
2021-01-31,49,48,70,53,66,69
2021-02-01,100,93,89,100,96,93
2021-02-02,94,98,100,95,100,92
2021-02-03,91,100,90,92,100,90
2021-02-04,93,96,91,87,99,94
2021-02-05,91,95,88,91,88,93
2021-02-06,72,76,79,70,68,93
2021-02-07,53,69,71,52,67,100
2021-02-08,90,93,90,84,95,97
2021-02-09,87,92,83,84,99,90
2021-02-10,87,95,85,84,99,99
2021-02-11,83,96,71,80,97,93
2021-02-12,85,96,85,81,87,96
2021-02-13,64,76,76,60,65,89
2021-02-14,50,67,60,46,63,92
2021-02-15,87,85,92,80,88,92
2021-02-16,87,90,81,78,91,94
2021-02-17,88,94,79,84,97,91
2021-02-18,86,93,83,78,96,95
2021-02-19,90,94,86,80,89,94
2021-02-20,69,74,73,64,68,93
2021-02-21,52,71,70,49,68,96
2021-02-22,91,93,90,82,95,99
2021-02-23,88,95,88,79,96,95
2021-02-24,89,96,75,81,99,94
2021-02-25,89,94,75,85,98,92
2021-02-26,96,94,92,99,89,94
2021-02-27,69,76,74,68,68,97
2021-02-28,56,69,73,55,67,94
2021-03-01,98,97,93,96,96,86
2021-03-02,92,96,93,89,95,87
2021-03-03,90,95,89,86,100,86
2021-03-04,88,100,90,87,98,90
2021-03-05,89,96,91,92,85,84
2021-03-06,67,75,74,66,66,86
2021-03-07,51,74,66,51,67,88
2021-03-08,88,89,93,84,90,84
2021-03-09,90,95,77,86,95,86
2021-03-10,86,94,82,79,94,88
2021-03-11,80,91,75,74,96,93
2021-03-12,90,97,86,81,86,87
2021-03-13,78,80,73,64,70,93
2021-03-14,59,71,66,50,66,96
2021-03-15,89,97,84,73,91,89
2021-03-16,90,97,76,72,95,89
2021-03-17,100,98,83,79,95,88
2021-03-18,92,100,82,76,90,88
2021-03-19,86,93,90,77,83,87
2021-03-20,69,76,73,64,67,93
2021-03-21,54,70,58,44,64,91
2021-03-22,89,95,81,75,94,90
2021-03-23,85,95,93,79,91,89
2021-03-24,86,93,87,76,97,87
2021-03-25,88,97,83,81,94,91
2021-03-26,88,93,85,79,81,92
2021-03-27,66,73,66,59,66,94
2021-03-28,52,69,48,45,64,100
2021-03-29,79,93,79,68,87,98
2021-03-30,91,100,87,88,93,93
2021-03-31,97,96,100,100,100,97
2021-04-01,100,81,93,100,90,85
2021-04-02,88,85,62,73,79,85
2021-04-03,73,71,65,72,63,85
2021-04-04,50,63,49,50,63,84
2021-04-05,89,83,53,85,84,85
2021-04-06,86,88,91,88,96,88
2021-04-07,88,89,85,87,98,87
2021-04-08,84,89,80,84,96,89
2021-04-09,85,87,79,78,87,90
2021-04-10,63,69,69,57,69,87
2021-04-11,51,68,60,47,72,92
2021-04-12,88,86,81,82,95,100
2021-04-13,82,88,70,71,95,98
2021-04-14,74,88,80,67,96,89
2021-04-15,84,94,76,77,98,91
2021-04-16,83,89,79,74,89,89
2021-04-17,62,68,59,58,68,96
2021-04-18,50,68,51,44,67,93
2021-04-19,84,92,84,74,100,93
2021-04-20,80,89,76,73,98,91
2021-04-21,77,86,71,67,100,96
2021-04-22,78,100,82,68,97,90
2021-04-23,79,100,83,70,89,94
2021-04-24,58,71,72,53,68,96
2021-04-25,47,70,57,42,67,93
2021-04-26,83,94,76,71,94,95
2021-04-27,80,94,83,71,99,91
2021-04-28,79,92,71,76,99,94
2021-04-29,81,93,75,78,100,90
2021-04-30,88,89,100,89,87,94
2021-05-01,70,64,76,72,63,66
2021-05-02,59,60,58,58,63,67
2021-05-03,100,100,60,98,89,69
2021-05-04,88,88,100,96,96,66
2021-05-05,91,85,81,96,100,68
2021-05-06,89,86,91,97,94,75
2021-05-07,94,82,93,96,88,90
2021-05-08,67,62,91,69,65,100
2021-05-09,53,61,64,56,62,79
2021-05-10,95,80,88,100,93,71
2021-05-11,88,83,85,88,90,66
2021-05-12,85,81,88,83,93,67
2021-05-13,76,81,88,76,89,65
2021-05-14,82,84,87,77,85,65
2021-05-15,66,67,74,69,68,71
2021-05-16,53,60,63,52,67,69
2021-05-17,88,77,77,82,90,71
2021-05-18,86,87,90,82,95,69
2021-05-19,82,81,82,79,98,67
2021-05-20,84,80,89,82,93,71
2021-05-21,87,80,82,81,84,70
2021-05-22,63,64,59,58,64,69
2021-05-23,52,55,64,49,63,70
2021-05-24,84,77,98,76,90,71
2021-05-25,88,77,81,86,95,71
2021-05-26,82,80,80,81,92,70
2021-05-27,85,81,77,86,92,64
2021-05-28,92,82,76,90,83,72
2021-05-29,69,60,52,71,65,73
2021-05-30,57,60,37,53,67,71
2021-05-31,88,68,47,100,77,66
2021-06-01,95,95,100,92,91,84
2021-06-02,93,99,76,85,99,88
2021-06-03,93,98,83,79,96,88
2021-06-04,91,94,81,77,85,93
2021-06-05,71,76,56,67,66,87
2021-06-06,55,71,45,50,66,89
2021-06-07,91,94,87,84,91,92
2021-06-08,92,93,76,79,95,95
2021-06-09,88,94,79,78,95,88
2021-06-10,91,95,86,80,98,86
2021-06-11,89,91,74,77,83,84
2021-06-12,64,74,58,57,66,84
2021-06-13,52,69,46,46,63,87
2021-06-14,91,96,85,79,91,85
2021-06-15,89,96,74,81,92,85
2021-06-16,85,100,82,80,100,86
2021-06-17,86,92,83,78,90,85
2021-06-18,85,93,84,76,84,92
2021-06-19,66,68,55,57,62,86
2021-06-20,52,64,50,44,60,85
2021-06-21,88,88,81,75,90,85
2021-06-22,86,93,74,79,93,84
2021-06-23,85,95,79,75,95,81
2021-06-24,87,92,79,79,94,85
2021-06-25,90,91,89,83,85,86
2021-06-26,66,75,55,61,65,98
2021-06-27,55,72,47,45,64,98
2021-06-28,92,89,93,83,93,100
2021-06-29,90,91,75,85,91,92
2021-06-30,100,97,90,100,99,90
