Date,homes,site,property,building,Barratt Developments,developments
2017-01-01,82,71,60,56,0,29
2017-01-02,92,90,74,63,26,64
2017-01-03,89,90,89,81,51,65
2017-01-04,89,90,96,87,0,85
2017-01-05,86,89,98,87,26,81
2017-01-06,82,87,84,78,27,71
2017-01-07,90,79,71,63,28,47
2017-01-08,96,82,70,65,0,42
2017-01-09,87,93,92,97,25,81
2017-01-10,80,92,95,92,0,83
2017-01-11,80,94,93,90,0,79
2017-01-12,83,93,91,91,100,78
2017-01-13,80,88,87,82,51,62
2017-01-14,89,82,65,65,28,43
2017-01-15,99,85,74,65,0,96
2017-01-16,92,92,90,84,25,85
2017-01-17,85,98,97,93,48,89
2017-01-18,84,100,94,94,48,66
2017-01-19,84,93,96,100,0,81
2017-01-20,81,94,83,92,25,60
2017-01-21,88,84,74,66,28,56
2017-01-22,100,87,76,68,55,54
2017-01-23,93,93,98,94,48,79
2017-01-24,89,98,100,91,24,100
2017-01-25,85,95,94,97,0,77
2017-01-26,83,96,94,94,0,59
2017-01-27,82,97,92,87,0,78
2017-01-28,89,85,69,66,0,53
2017-01-29,99,84,75,71,0,65
2017-01-30,89,94,98,92,0,61
2017-01-31,87,96,100,96,48,87
2017-02-01,85,97,90,93,0,62
2017-02-02,87,98,98,88,0,96
2017-02-03,88,95,87,82,21,66
2017-02-04,90,83,75,65,23,41
2017-02-05,94,85,69,67,23,41
2017-02-06,85,95,94,89,20,83
2017-02-07,87,98,94,93,0,100
2017-02-08,86,93,98,92,20,67
2017-02-09,84,95,91,87,0,74
2017-02-10,80,93,86,83,21,65
2017-02-11,91,87,72,65,23,57
2017-02-12,98,84,75,66,0,58
2017-02-13,85,94,89,85,20,73
2017-02-14,79,100,87,87,0,72
2017-02-15,82,95,94,91,41,70
2017-02-16,88,96,94,90,20,65
2017-02-17,83,94,88,85,0,65
2017-02-18,92,87,71,66,0,50
2017-02-19,100,82,73,68,0,59
2017-02-20,99,97,94,88,20,80
2017-02-21,93,95,99,97,60,88
2017-02-22,88,94,94,95,100,71
2017-02-23,84,90,90,95,20,66
2017-02-24,83,93,88,86,21,67
2017-02-25,92,85,71,69,0,49
2017-02-26,98,80,77,73,0,53
2017-02-27,92,86,100,96,0,85
2017-02-28,90,91,99,100,0,90
2017-03-01,79,91,94,95,0,74
2017-03-02,80,96,92,98,58,71
2017-03-03,80,92,87,86,91,77
2017-03-04,85,84,68,68,100,46
2017-03-05,100,89,77,70,0,47
2017-03-06,86,100,91,99,0,86
2017-03-07,86,94,94,96,85,91
2017-03-08,80,91,100,90,0,59
2017-03-09,84,96,91,90,29,70
2017-03-10,85,94,82,89,31,67
2017-03-11,88,85,67,65,0,49
2017-03-12,96,85,69,67,0,58
2017-03-13,87,97,92,92,0,74
2017-03-14,85,92,90,90,0,68
2017-03-15,81,97,92,91,60,100
2017-03-16,77,96,93,91,30,90
2017-03-17,79,93,82,85,95,73
2017-03-18,89,85,67,67,0,43
2017-03-19,89,81,72,65,0,58
2017-03-20,90,97,98,100,0,93
2017-03-21,84,97,91,99,60,82
2017-03-22,79,93,94,99,0,81
2017-03-23,79,94,88,96,60,74
2017-03-24,81,92,84,93,0,63
2017-03-25,86,86,69,72,0,39
2017-03-26,95,82,75,72,0,52
2017-03-27,87,96,96,96,59,73
2017-03-28,81,93,92,93,0,84
2017-03-29,85,94,97,96,30,73
2017-03-30,84,93,93,99,60,81
2017-03-31,81,90,82,88,0,68
2017-04-01,90,86,71,65,57,50
2017-04-02,99,88,71,73,0,49
2017-04-03,93,93,95,97,0,74
2017-04-04,93,100,98,97,50,98
2017-04-05,90,98,98,93,98,77
2017-04-06,90,96,95,93,0,70
2017-04-07,85,92,87,91,51,70
2017-04-08,91,85,68,70,0,47
2017-04-09,94,86,71,67,0,56
2017-04-10,95,96,98,96,100,91
2017-04-11,92,98,98,98,99,91
2017-04-12,87,97,95,95,50,75
2017-04-13,91,91,91,90,0,65
2017-04-14,89,86,82,78,0,55
2017-04-15,86,84,70,66,0,44
2017-04-16,88,81,70,63,0,53
2017-04-17,97,95,89,88,0,78
2017-04-18,90,97,96,94,96,100
2017-04-19,95,92,92,97,0,77
2017-04-20,88,92,92,99,0,86
2017-04-21,90,91,89,88,0,64
2017-04-22,93,85,70,72,0,57
2017-04-23,100,88,72,68,0,42
2017-04-24,95,95,94,95,0,87
2017-04-25,90,96,96,100,49,83
2017-04-26,89,97,100,92,0,91
2017-04-27,91,94,95,94,50,66
2017-04-28,87,89,83,83,50,77
2017-04-29,88,85,67,70,0,50
2017-04-30,99,86,69,67,0,61
2017-05-01,98,92,94,97,0,70
2017-05-02,91,91,97,98,0,100
2017-05-03,88,96,94,95,0,100
2017-05-04,86,94,92,97,0,78
2017-05-05,83,91,89,87,0,76
2017-05-06,89,86,72,71,0,56
2017-05-07,99,84,72,71,54,53
2017-05-08,89,97,100,99,0,87
2017-05-09,90,100,99,97,0,81
2017-05-10,86,97,93,93,93,82
2017-05-11,87,95,93,100,96,93
2017-05-12,83,91,87,87,0,82
2017-05-13,87,85,71,65,0,41
2017-05-14,86,82,71,67,55,76
2017-05-15,91,95,95,98,0,73
2017-05-16,90,93,94,93,50,73
2017-05-17,85,92,96,93,0,77
2017-05-18,89,90,90,89,100,66
2017-05-19,87,90,85,87,0,75
2017-05-20,91,83,67,67,0,62
2017-05-21,100,83,70,65,0,48
2017-05-22,93,91,96,90,0,78
2017-05-23,88,90,87,93,0,71
2017-05-24,88,88,95,95,0,89
2017-05-25,84,90,89,91,0,74
2017-05-26,83,90,83,81,54,57
2017-05-27,90,81,65,64,0,43
2017-05-28,95,84,71,61,0,52
2017-05-29,92,93,79,71,0,70
2017-05-30,95,97,96,96,0,92
2017-05-31,94,94,95,92,48,68
2017-06-01,83,92,97,82,0,95
2017-06-02,80,90,86,80,0,61
2017-06-03,85,84,70,65,0,69
2017-06-04,100,81,72,60,0,65
2017-06-05,88,95,93,87,43,84
2017-06-06,91,97,94,84,0,88
2017-06-07,85,96,90,85,0,92
2017-06-08,83,96,86,80,84,98
2017-06-09,77,93,87,77,0,94
2017-06-10,85,83,68,57,0,49
2017-06-11,96,83,73,59,0,79
2017-06-12,91,95,95,83,0,98
2017-06-13,86,93,93,85,42,80
2017-06-14,84,95,91,100,85,84
2017-06-15,82,86,91,94,0,61
2017-06-16,83,91,82,84,0,71
2017-06-17,86,84,65,65,0,35
2017-06-18,84,80,68,63,0,47
2017-06-19,90,94,93,90,85,100
2017-06-20,89,94,96,90,0,84
2017-06-21,87,92,96,84,83,89
2017-06-22,90,93,94,81,0,100
2017-06-23,84,86,90,77,0,71
2017-06-24,93,83,71,61,100,43
2017-06-25,97,87,74,62,0,64
2017-06-26,93,96,100,86,44,80
2017-06-27,86,100,96,82,0,85
2017-06-28,86,95,98,87,45,66
2017-06-29,81,96,93,79,0,70
2017-06-30,79,91,89,74,45,67
2017-07-01,86,84,71,59,0,40
2017-07-02,91,90,72,64,0,68
2017-07-03,84,97,90,85,0,84
2017-07-04,84,92,82,73,0,79
2017-07-05,87,98,96,89,0,92
2017-07-06,92,89,98,91,68,74
2017-07-07,91,89,91,84,35,78
2017-07-08,94,83,73,69,0,54
2017-07-09,100,87,75,70,0,59
2017-07-10,92,100,97,95,0,100
2017-07-11,88,94,93,95,0,94
2017-07-12,85,98,90,94,100,78
2017-07-13,84,96,94,88,33,78
2017-07-14,82,94,86,83,34,90
2017-07-15,93,87,72,66,0,55
2017-07-16,94,83,75,67,0,60
2017-07-17,87,94,89,92,0,84
2017-07-18,91,100,98,96,33,83
2017-07-19,91,99,95,93,68,91
2017-07-20,85,96,93,92,33,94
2017-07-21,83,92,93,80,0,78
2017-07-22,92,89,75,67,0,41
2017-07-23,93,84,73,71,0,73
2017-07-24,89,96,95,90,33,92
2017-07-25,89,94,95,100,66,70
2017-07-26,86,97,100,95,33,82
2017-07-27,86,98,95,96,0,66
2017-07-28,83,91,91,83,68,83
2017-07-29,89,86,74,68,0,77
2017-07-30,95,84,77,68,0,65
2017-07-31,88,97,98,93,0,87
2017-08-01,88,98,99,91,47,81
2017-08-02,93,100,100,90,23,86
2017-08-03,87,97,98,86,24,77
2017-08-04,87,91,90,82,100,56
2017-08-05,95,86,78,67,0,30
2017-08-06,100,86,75,68,0,56
2017-08-07,96,98,100,88,23,74
2017-08-08,92,95,98,94,0,74
2017-08-09,94,95,96,88,71,82
2017-08-10,88,98,96,87,24,53
2017-08-11,82,91,89,81,0,71
2017-08-12,92,83,68,68,0,42
2017-08-13,94,83,73,63,0,53
2017-08-14,88,92,96,89,24,74
2017-08-15,88,95,97,95,0,69
2017-08-16,86,97,96,90,24,100
2017-08-17,84,98,92,92,73,66
2017-08-18,81,92,92,82,25,68
2017-08-19,86,87,69,63,0,47
2017-08-20,91,85,71,65,27,48
2017-08-21,81,96,95,96,71,72
2017-08-22,86,97,97,98,24,73
2017-08-23,82,97,97,89,0,75
2017-08-24,80,98,95,88,0,87
2017-08-25,79,91,86,81,50,65
2017-08-26,80,83,65,64,28,39
2017-08-27,87,84,68,60,0,44
2017-08-28,81,94,93,88,0,44
2017-08-29,81,95,97,100,24,93
2017-08-30,81,99,97,93,24,69
2017-08-31,78,93,96,97,0,56
2017-09-01,84,92,89,80,36,63
2017-09-02,94,87,69,66,0,33
2017-09-03,100,86,71,64,0,46
2017-09-04,97,94,79,78,35,74
2017-09-05,91,93,96,98,99,92
2017-09-06,85,92,96,97,66,95
2017-09-07,89,90,100,95,34,89
2017-09-08,79,89,87,90,34,74
2017-09-09,82,81,64,68,0,55
2017-09-10,88,87,67,71,0,54
2017-09-11,83,96,93,98,0,76
2017-09-12,82,95,94,97,32,100
2017-09-13,86,100,94,93,0,79
2017-09-14,85,97,94,95,33,77
2017-09-15,82,91,86,89,0,70
2017-09-16,88,83,67,62,38,55
2017-09-17,96,85,71,68,0,61
2017-09-18,89,96,98,97,0,74
2017-09-19,84,93,96,100,33,84
2017-09-20,83,93,97,99,0,89
2017-09-21,83,95,96,93,0,79
2017-09-22,87,96,87,89,0,76
2017-09-23,87,86,68,69,0,35
2017-09-24,88,82,70,72,0,47
2017-09-25,92,97,96,95,0,94
2017-09-26,85,94,95,97,0,80
2017-09-27,85,98,100,92,0,84
2017-09-28,79,96,93,92,100,88
2017-09-29,84,96,88,83,35,64
2017-09-30,88,87,64,65,39,46
2017-10-01,94,85,69,68,100,62
2017-10-02,89,92,92,87,0,88
2017-10-03,90,96,94,95,29,72
2017-10-04,87,96,100,94,0,86
2017-10-05,86,98,94,92,29,72
2017-10-06,87,92,84,83,30,82
2017-10-07,87,82,65,69,67,59
2017-10-08,97,87,69,68,0,63
2017-10-09,94,95,91,93,29,83
2017-10-10,88,92,97,94,0,79
2017-10-11,91,94,95,95,29,82
2017-10-12,90,88,95,94,60,100
2017-10-13,85,88,81,81,0,79
2017-10-14,89,84,63,66,0,58
2017-10-15,100,85,69,67,33,43
2017-10-16,99,100,96,99,0,81
2017-10-17,89,95,92,98,0,78
2017-10-18,87,93,88,100,29,99
2017-10-19,85,98,94,90,30,92
2017-10-20,83,92,80,85,0,68
2017-10-21,89,85,64,64,0,54
2017-10-22,93,82,68,64,0,40
2017-10-23,92,94,90,92,28,92
2017-10-24,87,97,98,97,0,93
2017-10-25,83,96,92,94,0,70
2017-10-26,86,94,91,92,29,80
2017-10-27,80,89,84,84,0,61
2017-10-28,82,80,65,63,0,47
2017-10-29,89,83,65,61,0,48
2017-10-30,87,91,90,93,0,79
2017-10-31,78,92,87,90,0,78
2017-11-01,83,87,99,94,27,72
2017-11-02,90,85,100,93,26,100
2017-11-03,87,85,91,91,0,69
2017-11-04,93,79,72,71,0,52
2017-11-05,100,76,70,65,0,45
2017-11-06,89,86,96,100,25,78
2017-11-07,87,83,94,96,25,75
2017-11-08,85,90,98,97,0,60
2017-11-09,86,89,96,98,0,78
2017-11-10,83,85,81,86,0,51
2017-11-11,87,75,64,69,0,49
2017-11-12,96,80,67,71,0,55
2017-11-13,87,88,94,96,25,72
2017-11-14,85,86,96,94,25,69
2017-11-15,81,82,95,94,100,67
2017-11-16,81,84,91,88,50,70
2017-11-17,79,83,86,85,0,70
2017-11-18,82,80,64,67,0,42
2017-11-19,84,77,68,67,0,56
2017-11-20,82,87,90,92,25,61
2017-11-21,80,90,88,91,25,81
2017-11-22,75,91,83,82,25,62
2017-11-23,64,100,72,70,0,50
2017-11-24,67,98,63,66,0,43
2017-11-25,78,85,59,62,0,43
2017-11-26,87,83,67,65,28,38
2017-11-27,87,88,87,84,0,66
2017-11-28,81,95,92,90,0,76
2017-11-29,79,88,95,89,0,75
2017-11-30,81,89,92,87,25,57
2017-12-01,80,87,74,87,0,82
2017-12-02,78,77,58,71,0,49
2017-12-03,91,82,63,71,0,43
2017-12-04,87,96,82,99,0,87
2017-12-05,83,100,83,99,0,87
2017-12-06,83,94,81,100,50,82
2017-12-07,83,99,81,97,50,94
2017-12-08,80,84,73,84,52,75
2017-12-09,84,79,53,71,0,55
2017-12-10,81,81,59,69,0,65
2017-12-11,82,91,81,96,0,98
2017-12-12,79,92,78,95,49,68
2017-12-13,79,85,75,90,49,89
2017-12-14,79,92,75,89,100,100
2017-12-15,75,85,71,82,0,76
2017-12-16,78,76,53,65,0,40
2017-12-17,80,78,57,63,57,32
2017-12-18,78,88,74,85,0,71
2017-12-19,78,89,77,87,51,76
2017-12-20,80,85,80,88,52,58
2017-12-21,74,85,78,80,0,64
2017-12-22,72,76,67,73,0,50
2017-12-23,69,72,54,61,0,40
2017-12-24,68,64,48,50,0,34
2017-12-25,61,66,44,55,63,33
2017-12-26,86,77,65,68,0,28
2017-12-27,100,85,92,73,0,35
2017-12-28,97,82,100,76,54,57
2017-12-29,93,80,84,71,55,45
2017-12-30,94,74,65,63,0,46
2017-12-31,96,65,60,56,62,29
2018-01-01,86,73,67,57,0,58
2018-01-02,87,92,86,81,0,67
2018-01-03,87,97,89,81,51,55
2018-01-04,86,94,86,87,51,79
2018-01-05,85,97,85,80,0,63
2018-01-06,91,88,64,71,0,59
2018-01-07,96,88,74,64,0,40
2018-01-08,88,96,88,88,0,74
2018-01-09,82,98,89,92,0,92
2018-01-10,84,99,94,92,0,89
2018-01-11,81,96,87,89,100,81
2018-01-12,82,93,82,83,0,69
2018-01-13,87,87,68,67,57,40
2018-01-14,92,85,66,63,0,58
2018-01-15,89,94,84,91,50,82
2018-01-16,85,98,90,100,0,89
2018-01-17,81,92,89,90,98,96
2018-01-18,82,95,89,99,0,66
2018-01-19,81,92,84,81,0,78
2018-01-20,86,84,66,65,56,44
2018-01-21,92,88,70,65,0,50
2018-01-22,87,97,92,97,0,91
2018-01-23,81,97,93,90,0,80
2018-01-24,85,94,92,94,0,90
2018-01-25,80,98,89,90,50,70
2018-01-26,81,93,80,86,0,61
2018-01-27,89,86,70,68,0,51
2018-01-28,100,86,73,69,0,82
2018-01-29,90,100,97,93,49,73
2018-01-30,87,98,100,95,49,100
2018-01-31,81,97,94,92,0,86
2018-02-01,84,99,98,97,32,92
2018-02-02,83,94,93,89,33,77
2018-02-03,94,87,72,71,37,59
2018-02-04,92,88,73,70,36,58
2018-02-05,87,97,96,95,32,85
2018-02-06,87,98,97,99,32,87
2018-02-07,91,100,94,99,32,76
2018-02-08,83,96,94,100,64,73
2018-02-09,84,93,88,91,100,80
2018-02-10,95,85,72,67,0,44
2018-02-11,98,83,76,73,0,70
2018-02-12,92,88,97,99,32,80
2018-02-13,88,90,100,100,65,100
2018-02-14,78,95,86,94,33,74
2018-02-15,83,94,93,95,0,72
2018-02-16,85,91,86,86,0,74
2018-02-17,89,88,73,67,0,55
2018-02-18,100,88,77,73,0,60
2018-02-19,96,97,95,92,64,90
2018-02-20,89,99,100,99,64,97
2018-02-21,90,95,95,94,95,92
2018-02-22,89,97,98,100,32,73
2018-02-23,86,97,88,87,0,63
2018-02-24,94,87,73,68,0,46
2018-02-25,98,84,72,68,0,70
2018-02-26,92,98,97,97,63,94
2018-02-27,85,96,98,100,0,98
2018-02-28,86,99,95,93,0,73
2018-03-01,85,95,90,88,0,73
2018-03-02,84,90,85,82,98,63
2018-03-03,91,86,73,68,0,34
2018-03-04,96,85,72,72,53,62
2018-03-05,86,95,93,93,46,87
2018-03-06,86,96,95,93,0,100
2018-03-07,85,98,94,94,47,92
2018-03-08,88,97,92,93,0,73
2018-03-09,85,93,92,87,50,70
2018-03-10,93,88,71,69,55,64
2018-03-11,100,86,76,69,0,78
2018-03-12,90,95,100,93,94,95
2018-03-13,88,97,98,94,0,93
2018-03-14,81,98,91,95,0,92
2018-03-15,83,96,94,95,48,90
2018-03-16,81,91,83,83,49,81
2018-03-17,83,85,70,70,0,50
2018-03-18,96,84,72,71,0,69
2018-03-19,93,94,96,96,48,91
2018-03-20,88,95,96,100,47,85
2018-03-21,88,100,94,95,48,84
2018-03-22,88,96,95,92,0,91
2018-03-23,83,92,90,89,100,87
2018-03-24,91,85,74,69,0,63
2018-03-25,99,83,77,69,0,43
2018-03-26,89,100,97,96,0,97
2018-03-27,94,95,99,98,0,93
2018-03-28,87,97,95,95,0,86
2018-03-29,84,91,93,93,0,82
2018-03-30,86,88,84,82,0,65
2018-03-31,86,81,69,67,0,38
2018-04-01,90,78,65,65,0,43
2018-04-02,94,94,89,91,0,58
2018-04-03,90,94,97,94,43,72
2018-04-04,89,89,92,91,86,72
2018-04-05,86,89,93,91,88,93
2018-04-06,83,87,95,88,0,67
2018-04-07,96,81,73,71,0,49
2018-04-08,100,88,75,70,100,64
2018-04-09,93,96,95,95,0,94
2018-04-10,88,93,97,93,86,86
2018-04-11,83,91,92,90,0,62
2018-04-12,81,91,94,93,0,74
2018-04-13,82,88,84,89,45,82
2018-04-14,90,87,66,66,0,65
2018-04-15,99,86,76,68,0,71
2018-04-16,86,94,96,96,43,100
2018-04-17,88,99,97,100,0,90
2018-04-18,85,100,88,96,44,77
2018-04-19,88,97,90,100,0,91
2018-04-20,84,89,83,84,92,67
2018-04-21,90,79,65,67,0,51
2018-04-22,94,78,70,69,0,65
2018-04-23,91,90,94,94,0,69
2018-04-24,85,92,90,94,0,83
2018-04-25,86,93,90,93,0,76
2018-04-26,81,88,88,90,0,79
2018-04-27,82,89,83,87,46,87
2018-04-28,85,80,67,67,0,47
2018-04-29,92,87,67,67,50,58
2018-04-30,91,88,100,95,0,89
2018-05-01,95,93,98,100,0,80
2018-05-02,91,99,99,96,95,95
2018-05-03,90,100,92,92,48,100
2018-05-04,88,96,92,85,49,63
2018-05-05,90,86,68,66,0,48
2018-05-06,95,87,69,60,0,54
2018-05-07,89,98,93,91,0,70
2018-05-08,91,97,97,93,47,98
2018-05-09,90,97,98,92,0,87
2018-05-10,89,98,93,98,0,91
2018-05-11,84,91,90,86,49,74
2018-05-12,86,82,69,65,0,55
2018-05-13,90,84,67,65,0,51
2018-05-14,89,99,95,94,0,80
2018-05-15,86,98,96,90,0,81
2018-05-16,88,99,92,95,0,84
2018-05-17,88,95,92,92,0,66
2018-05-18,86,89,84,88,100,60
2018-05-19,81,85,60,65,0,33
2018-05-20,99,85,70,66,0,58
2018-05-21,93,97,97,94,48,68
2018-05-22,92,98,94,94,0,89
2018-05-23,85,99,92,89,48,89
2018-05-24,83,96,92,90,0,74
2018-05-25,85,94,81,81,51,80
2018-05-26,88,87,65,64,0,39
2018-05-27,100,88,68,61,0,60
2018-05-28,96,97,77,74,0,70
2018-05-29,94,95,95,96,0,71
2018-05-30,94,97,100,91,47,81
2018-05-31,91,93,98,97,49,67
2018-06-01,82,92,88,91,0,76
2018-06-02,91,89,73,71,0,53
2018-06-03,98,89,79,69,0,36
2018-06-04,92,100,96,100,34,100
2018-06-05,88,99,100,100,0,98
2018-06-06,84,97,100,98,0,83
2018-06-07,82,98,93,90,33,80
2018-06-08,82,96,86,84,0,83
2018-06-09,85,87,70,73,40,48
2018-06-10,100,86,76,67,79,57
2018-06-11,91,96,95,94,33,74
2018-06-12,87,97,96,98,0,69
2018-06-13,88,98,96,100,0,69
2018-06-14,85,95,92,96,34,73
2018-06-15,80,96,87,83,0,63
2018-06-16,85,84,69,68,0,44
2018-06-17,82,83,70,60,39,50
2018-06-18,90,93,98,89,34,90
2018-06-19,87,96,92,94,0,79
2018-06-20,86,96,95,95,0,74
2018-06-21,84,92,93,91,0,76
2018-06-22,81,90,89,85,35,64
2018-06-23,90,85,67,67,0,57
2018-06-24,95,85,71,68,0,40
2018-06-25,93,97,95,92,100,78
2018-06-26,84,98,93,93,0,62
2018-06-27,82,91,94,91,0,70
2018-06-28,82,96,93,91,34,64
2018-06-29,81,96,96,85,0,80
2018-06-30,84,89,74,64,0,38
2018-07-01,90,81,72,62,0,46
2018-07-02,87,84,92,87,0,83
2018-07-03,83,95,88,83,0,71
2018-07-04,80,96,80,78,34,80
2018-07-05,83,97,96,93,100,100
2018-07-06,85,85,84,80,33,70
2018-07-07,89,81,70,64,0,48
2018-07-08,98,82,75,67,0,59
2018-07-09,96,95,97,94,0,74
2018-07-10,83,90,92,92,62,88
2018-07-11,83,93,91,92,30,77
2018-07-12,85,92,92,91,67,92
2018-07-13,83,92,90,84,35,73
2018-07-14,91,82,71,67,0,31
2018-07-15,97,77,75,68,38,38
2018-07-16,91,100,97,95,0,87
2018-07-17,88,99,96,99,0,96
2018-07-18,86,95,95,98,0,83
2018-07-19,89,93,96,96,67,93
2018-07-20,85,94,89,89,69,70
2018-07-21,90,87,70,74,39,58
2018-07-22,100,88,76,76,0,66
2018-07-23,95,97,97,100,0,86
2018-07-24,87,99,97,97,0,77
2018-07-25,89,95,97,95,33,80
2018-07-26,81,94,92,90,33,88
2018-07-27,84,91,90,87,0,92
2018-07-28,86,83,72,70,0,45
2018-07-29,94,87,73,70,0,72
2018-07-30,93,95,99,96,65,94
2018-07-31,91,96,100,97,0,83
2018-08-01,90,100,94,89,64,72
2018-08-02,86,90,91,89,0,75
2018-08-03,87,91,91,85,0,55
2018-08-04,93,84,74,71,37,45
2018-08-05,100,86,78,70,73,53
2018-08-06,99,93,96,92,32,58
2018-08-07,92,91,93,95,31,71
2018-08-08,88,95,94,86,0,69
2018-08-09,84,93,91,87,0,77
2018-08-10,84,94,89,83,0,87
2018-08-11,94,86,71,67,0,41
2018-08-12,98,85,75,65,0,49
2018-08-13,90,94,99,91,0,75
2018-08-14,85,94,95,92,0,86
2018-08-15,85,94,94,90,0,79
2018-08-16,82,92,93,90,0,76
2018-08-17,82,93,84,87,0,85
2018-08-18,89,83,73,69,0,58
2018-08-19,96,82,75,69,0,64
2018-08-20,95,95,94,94,0,100
2018-08-21,88,94,94,95,33,76
2018-08-22,86,93,97,92,100,67
2018-08-23,83,95,92,88,0,77
2018-08-24,81,92,89,84,34,69
2018-08-25,87,82,66,60,0,32
2018-08-26,95,88,70,68,0,65
2018-08-27,87,94,93,94,0,66
2018-08-28,84,98,100,100,0,94
2018-08-29,80,96,98,96,0,85
2018-08-30,77,95,90,95,0,69
2018-08-31,77,91,88,83,0,77
2018-09-01,87,85,68,63,29,49
2018-09-02,97,88,71,66,0,64
2018-09-03,100,95,83,79,27,84
2018-09-04,92,99,96,97,25,86
2018-09-05,91,97,100,100,51,92
2018-09-06,92,95,100,94,0,83
2018-09-07,88,89,88,89,0,84
2018-09-08,90,84,74,66,0,47
2018-09-09,98,86,70,67,29,51
2018-09-10,91,95,92,91,100,100
2018-09-11,88,100,97,99,0,83
2018-09-12,85,100,97,97,0,69
2018-09-13,81,96,93,91,0,61
2018-09-14,85,96,87,89,53,80
2018-09-15,88,86,67,64,0,36
2018-09-16,96,86,69,65,0,60
2018-09-17,91,99,98,95,0,96
2018-09-18,91,96,96,96,75,90
2018-09-19,86,96,99,94,0,84
2018-09-20,81,94,88,89,50,87
2018-09-21,85,92,86,82,52,62
2018-09-22,86,83,66,66,0,73
2018-09-23,93,87,67,66,0,56
2018-09-24,90,96,93,96,51,84
2018-09-25,82,96,95,96,25,71
2018-09-26,88,95,96,96,25,96
2018-09-27,82,99,96,92,0,89
2018-09-28,79,92,84,79,26,66
2018-09-29,85,87,65,65,29,49
2018-09-30,91,84,66,64,0,59
2018-10-01,93,93,95,94,71,74
2018-10-02,89,94,100,96,23,73
2018-10-03,89,93,99,98,0,61
2018-10-04,93,100,99,93,72,92
2018-10-05,86,92,91,91,25,79
2018-10-06,89,85,66,66,0,34
2018-10-07,92,92,63,68,0,61
2018-10-08,95,95,96,96,0,97
2018-10-09,86,89,99,98,0,93
2018-10-10,93,94,96,98,24,77
2018-10-11,87,91,96,95,0,82
2018-10-12,86,85,92,89,0,81
2018-10-13,88,83,70,70,0,46
2018-10-14,99,85,76,75,0,59
2018-10-15,93,93,100,98,0,83
2018-10-16,93,98,99,100,48,100
2018-10-17,87,96,96,94,0,88
2018-10-18,84,90,91,94,24,90
2018-10-19,87,87,85,88,0,70
2018-10-20,93,84,68,66,28,52
2018-10-21,100,82,70,67,28,62
2018-10-22,91,91,97,96,24,80
2018-10-23,86,96,99,95,24,89
2018-10-24,82,94,91,96,47,96
2018-10-25,84,95,94,95,0,80
2018-10-26,81,92,83,83,100,84
2018-10-27,86,83,61,61,0,55
2018-10-28,92,85,69,61,53,46
2018-10-29,89,90,93,89,23,84
2018-10-30,86,91,94,90,47,91
2018-10-31,80,93,87,92,24,83
2018-11-01,91,96,100,97,93,88
2018-11-02,91,86,87,92,47,93
2018-11-03,97,84,72,69,51,44
2018-11-04,100,83,73,73,0,65
2018-11-05,100,95,98,96,84,86
2018-11-06,94,94,93,96,44,90
2018-11-07,88,86,93,91,0,93
2018-11-08,89,94,91,93,87,85
2018-11-09,89,88,86,86,0,62
2018-11-10,95,87,64,66,51,55
2018-11-11,95,86,68,70,0,78
2018-11-12,100,89,88,92,0,100
2018-11-13,95,94,97,96,87,90
2018-11-14,88,91,92,100,45,93
2018-11-15,85,88,93,95,89,97
2018-11-16,83,90,83,89,46,78
2018-11-17,87,93,68,67,0,60
2018-11-18,89,89,66,69,100,82
2018-11-19,89,92,97,95,0,80
2018-11-20,81,96,88,91,0,86
2018-11-21,77,93,79,80,45,98
2018-11-22,65,96,68,69,45,61
2018-11-23,70,100,65,71,0,72
2018-11-24,86,86,64,62,0,52
2018-11-25,90,93,67,69,49,77
2018-11-26,83,94,90,92,42,79
2018-11-27,85,94,96,95,43,78
2018-11-28,86,96,92,91,87,83
2018-11-29,89,95,93,97,44,53
2018-11-30,87,96,87,85,44,83
2018-12-01,78,88,69,76,0,34
2018-12-02,81,90,64,69,0,53
2018-12-03,82,97,94,100,48,100
2018-12-04,78,100,100,100,48,98
2018-12-05,80,100,90,96,0,67
2018-12-06,77,97,93,97,0,89
2018-12-07,72,94,84,92,25,71
2018-12-08,79,86,67,69,0,39
2018-12-09,85,92,67,74,0,68
2018-12-10,80,96,97,98,25,92
2018-12-11,78,97,95,89,73,85
2018-12-12,76,95,90,95,0,91
2018-12-13,78,93,90,93,50,98
2018-12-14,76,93,81,88,100,74
2018-12-15,76,87,64,72,0,38
2018-12-16,83,84,62,66,0,60
2018-12-17,79,93,87,87,46,86
2018-12-18,79,96,88,93,0,94
2018-12-19,76,94,92,87,0,75
2018-12-20,75,93,84,87,0,62
2018-12-21,72,89,71,75,27,40
2018-12-22,73,79,56,60,0,43
2018-12-23,73,81,55,61,0,42
2018-12-24,68,77,55,65,29,64
2018-12-25,66,77,47,57,0,42
2018-12-26,83,91,72,73,27,40
2018-12-27,97,92,86,79,0,39
2018-12-28,96,90,81,73,0,40
2018-12-29,100,87,73,70,0,49
2018-12-30,100,84,73,68,0,44
2018-12-31,95,77,75,74,0,36
2019-01-01,84,75,72,64,0,47
2019-01-02,89,94,89,80,51,65
2019-01-03,86,97,92,82,0,58
2019-01-04,84,94,91,85,100,72
2019-01-05,91,84,73,79,0,44
2019-01-06,95,87,73,73,27,51
2019-01-07,84,93,91,97,0,84
2019-01-08,79,96,94,96,24,84
2019-01-09,81,97,99,99,97,73
2019-01-10,85,100,96,95,24,80
2019-01-11,82,92,89,96,25,100
2019-01-12,87,84,69,65,54,60
2019-01-13,95,84,70,72,0,70
2019-01-14,86,93,92,93,0,98
2019-01-15,83,91,97,94,23,81
2019-01-16,87,92,95,96,0,81
2019-01-17,86,90,94,92,47,76
2019-01-18,86,91,91,87,0,69
2019-01-19,90,84,73,66,0,51
2019-01-20,95,83,74,71,0,54
2019-01-21,88,90,93,87,47,84
2019-01-22,87,98,94,100,0,86
2019-01-23,85,94,98,100,23,81
2019-01-24,82,96,98,94,0,85
2019-01-25,80,91,89,88,0,87
2019-01-26,88,81,68,67,27,38
2019-01-27,100,81,77,68,0,70
2019-01-28,87,94,97,93,23,73
2019-01-29,83,89,100,97,23,85
2019-01-30,82,94,98,95,23,84
2019-01-31,80,89,95,91,23,91
2019-02-01,85,95,90,87,84,79
2019-02-02,93,89,75,68,23,45
2019-02-03,97,88,74,70,0,53
2019-02-04,88,95,97,100,20,82
2019-02-05,88,98,99,97,41,84
2019-02-06,83,96,97,99,100,80
2019-02-07,84,96,94,94,20,64
2019-02-08,89,98,95,91,42,89
2019-02-09,92,85,71,69,46,58
2019-02-10,93,84,74,71,22,66
2019-02-11,92,96,97,95,20,100
2019-02-12,90,97,95,95,20,94
2019-02-13,83,98,95,92,0,95
2019-02-14,76,95,89,92,0,81
2019-02-15,80,93,84,86,0,60
2019-02-16,93,89,71,71,0,64
2019-02-17,100,91,78,74,23,65
2019-02-18,92,98,93,93,40,84
2019-02-19,90,96,97,100,40,91
2019-02-20,89,96,95,95,0,78
2019-02-21,88,100,100,90,0,88
2019-02-22,84,97,91,91,0,80
2019-02-23,95,88,77,68,0,54
2019-02-24,99,88,75,73,23,83
2019-02-25,87,93,97,97,20,65
2019-02-26,89,95,97,97,0,94
2019-02-27,83,91,100,93,0,100
2019-02-28,84,95,94,95,20,95
2019-03-01,81,89,89,87,0,83
2019-03-02,86,85,69,67,0,43
2019-03-03,98,90,72,72,54,69
2019-03-04,87,90,96,95,48,97
2019-03-05,85,89,100,96,0,72
2019-03-06,87,96,95,98,47,72
2019-03-07,84,99,91,94,48,84
2019-03-08,82,93,83,89,100,79
2019-03-09,90,86,73,74,0,55
2019-03-10,92,86,69,67,0,50
2019-03-11,93,96,94,99,0,84
2019-03-12,82,95,96,95,93,75
2019-03-13,81,99,90,94,47,69
2019-03-14,83,97,92,98,0,79
2019-03-15,79,92,82,88,97,57
2019-03-16,91,90,68,72,55,55
2019-03-17,91,90,71,69,0,63
2019-03-18,90,100,89,100,96,79
2019-03-19,85,99,97,99,46,81
2019-03-20,83,100,94,93,0,79
2019-03-21,84,94,86,94,98,84
2019-03-22,83,96,90,89,0,81
2019-03-23,91,87,69,74,0,45
2019-03-24,97,89,74,71,0,69
2019-03-25,89,95,95,97,96,93
2019-03-26,85,93,95,99,48,66
2019-03-27,87,98,98,93,0,100
2019-03-28,87,93,92,96,48,60
2019-03-29,85,90,88,91,50,70
2019-03-30,93,88,73,73,0,63
2019-03-31,100,87,73,72,0,64
2019-04-01,93,95,97,94,0,89
2019-04-02,92,100,100,100,50,100
2019-04-03,90,94,97,96,100,95
2019-04-04,86,92,98,96,0,83
2019-04-05,82,95,92,92,52,78
2019-04-06,88,88,69,73,0,60
2019-04-07,100,88,75,73,29,72
2019-04-08,92,95,97,95,50,87
2019-04-09,86,95,92,97,0,96
2019-04-10,90,100,98,92,0,85
2019-04-11,88,99,95,92,25,72
2019-04-12,84,91,89,86,0,70
2019-04-13,89,82,73,65,0,52
2019-04-14,95,87,71,66,0,65
2019-04-15,87,95,95,99,0,61
2019-04-16,86,97,93,96,0,90
2019-04-17,87,96,89,93,26,86
2019-04-18,86,90,85,88,53,84
2019-04-19,86,86,75,76,0,62
2019-04-20,84,82,65,66,0,48
2019-04-21,88,84,65,59,0,44
2019-04-22,92,99,88,90,0,77
2019-04-23,90,99,91,97,50,75
2019-04-24,89,98,95,96,0,100
2019-04-25,87,97,90,93,50,82
2019-04-26,87,94,86,84,26,77
2019-04-27,89,86,71,68,28,51
2019-04-28,98,89,69,68,0,70
2019-04-29,87,98,94,94,24,72
2019-04-30,95,97,98,94,0,80
2019-05-01,100,96,100,100,0,70
2019-05-02,93,97,96,96,50,72
2019-05-03,94,92,91,88,0,74
2019-05-04,94,88,73,72,0,65
2019-05-05,97,85,77,67,55,41
2019-05-06,96,91,94,84,99,85
2019-05-07,89,94,95,93,0,73
2019-05-08,89,99,99,94,0,88
2019-05-09,90,96,95,96,0,90
2019-05-10,87,94,87,85,0,76
2019-05-11,89,90,69,65,0,37
2019-05-12,92,85,69,65,0,58
2019-05-13,88,97,97,88,50,81
2019-05-14,90,100,97,90,50,94
2019-05-15,90,96,96,89,100,68
2019-05-16,91,96,94,92,0,75
2019-05-17,88,92,87,87,51,60
2019-05-18,90,86,69,64,0,45
2019-05-19,99,86,75,65,0,61
2019-05-20,94,95,93,88,99,100
2019-05-21,92,99,96,95,0,61
2019-05-22,90,94,93,93,49,66
2019-05-23,83,96,86,87,0,72
2019-05-24,89,98,88,81,0,69
2019-05-25,90,89,67,64,0,31
2019-05-26,98,91,70,63,0,49
2019-05-27,90,99,78,77,50,52
2019-05-28,94,99,98,88,48,74
2019-05-29,97,96,94,95,48,62
2019-05-30,93,99,92,96,0,82
2019-05-31,91,93,91,89,0,69
2019-06-01,93,83,72,68,0,37
2019-06-02,98,86,74,66,37,59
2019-06-03,92,94,97,92,33,63
2019-06-04,90,98,97,96,0,69
2019-06-05,89,100,92,92,0,81
2019-06-06,85,98,92,92,34,74
2019-06-07,89,98,86,88,0,64
2019-06-08,88,87,68,69,0,42
2019-06-09,94,86,71,72,0,47
2019-06-10,90,98,95,97,0,78
2019-06-11,86,99,98,96,33,88
2019-06-12,88,99,96,100,34,85
2019-06-13,86,95,91,92,100,83
2019-06-14,86,93,91,83,0,58
2019-06-15,87,87,74,65,39,61
2019-06-16,92,83,68,65,0,53
2019-06-17,96,98,98,94,68,100
2019-06-18,93,98,98,95,0,87
2019-06-19,92,97,98,96,34,69
2019-06-20,92,93,100,94,34,71
2019-06-21,91,93,91,85,0,72
2019-06-22,93,85,69,63,0,48
2019-06-23,100,84,79,71,39,48
2019-06-24,97,99,99,95,34,94
2019-06-25,90,97,97,96,34,80
2019-06-26,89,100,98,94,0,81
2019-06-27,88,99,90,93,66,67
2019-06-28,86,93,90,86,36,74
2019-06-29,89,83,74,70,0,58
2019-06-30,98,84,75,66,0,76
2019-07-01,85,95,92,89,0,84
2019-07-02,81,93,89,89,32,92
2019-07-03,79,97,86,84,0,74
2019-07-04,77,92,76,72,0,71
2019-07-05,81,91,76,75,0,86
2019-07-06,92,83,65,68,38,54
2019-07-07,93,80,68,65,0,65
2019-07-08,91,92,92,96,0,78
2019-07-09,88,95,100,93,0,76
2019-07-10,89,96,89,90,0,100
2019-07-11,87,96,89,90,64,70
2019-07-12,85,91,85,85,0,62
2019-07-13,89,86,68,66,0,55
2019-07-14,92,83,71,68,0,58
2019-07-15,87,91,92,94,65,98
2019-07-16,85,100,92,100,33,83
2019-07-17,88,97,91,97,33,69
2019-07-18,90,93,89,89,34,75
2019-07-19,83,86,83,83,0,72
2019-07-20,91,84,70,67,77,65
2019-07-21,100,84,67,65,39,68
2019-07-22,93,91,89,87,33,77
2019-07-23,86,94,90,89,0,66
2019-07-24,83,93,86,85,0,67
2019-07-25,87,91,88,86,0,69
2019-07-26,81,86,81,82,0,80
2019-07-27,87,82,68,69,0,38
2019-07-28,99,85,72,69,76,68
2019-07-29,89,90,94,90,34,83
2019-07-30,88,89,89,88,100,89
2019-07-31,81,91,91,88,0,85
2019-08-01,83,90,88,83,0,87
2019-08-02,83,90,86,81,100,67
2019-08-03,89,84,74,65,0,62
2019-08-04,92,86,73,61,0,71
2019-08-05,89,89,92,83,0,71
2019-08-06,83,88,92,84,47,77
2019-08-07,84,93,92,85,48,79
2019-08-08,83,92,88,87,0,71
2019-08-09,87,88,90,82,99,54
2019-08-10,94,81,73,64,0,63
2019-08-11,100,80,74,62,55,60
2019-08-12,90,94,92,87,47,89
2019-08-13,92,96,99,91,95,87
2019-08-14,88,100,97,89,45,77
2019-08-15,90,92,95,84,0,72
2019-08-16,89,92,87,84,0,85
2019-08-17,90,88,70,64,0,62
2019-08-18,98,88,79,68,54,50
2019-08-19,92,97,97,95,0,93
2019-08-20,88,95,100,95,0,100
2019-08-21,86,94,96,97,47,93
2019-08-22,83,93,99,94,0,74
2019-08-23,88,93,89,85,0,87
2019-08-24,86,88,72,65,0,35
2019-08-25,94,87,69,62,0,52
2019-08-26,89,96,93,100,0,91
2019-08-27,88,94,98,99,0,84
2019-08-28,83,99,98,96,46,77
2019-08-29,82,94,94,89,0,92
2019-08-30,79,92,90,80,47,99
2019-08-31,86,85,66,66,52,57
2019-09-01,92,84,63,62,0,67
2019-09-02,96,96,76,75,0,60
2019-09-03,88,93,90,100,0,81
2019-09-04,92,96,92,92,67,81
2019-09-05,87,97,89,93,34,76
2019-09-06,91,94,88,88,35,80
2019-09-07,91,83,62,66,0,47
2019-09-08,97,81,68,65,0,72
2019-09-09,92,93,96,100,34,92
2019-09-10,88,97,96,96,0,83
2019-09-11,86,100,93,98,0,77
2019-09-12,88,93,90,100,0,77
2019-09-13,88,93,81,88,0,57
2019-09-14,92,85,64,68,0,52
2019-09-15,100,92,70,72,39,76
2019-09-16,95,91,95,98,67,84
2019-09-17,86,97,100,94,0,90
2019-09-18,84,97,91,99,67,71
2019-09-19,82,95,88,90,67,90
2019-09-20,87,93,84,89,0,72
2019-09-21,85,86,63,70,0,55
2019-09-22,96,88,67,70,0,47
2019-09-23,88,92,87,92,32,87
2019-09-24,84,96,90,95,66,83
2019-09-25,81,95,90,93,65,88
2019-09-26,83,97,89,95,0,100
2019-09-27,87,95,87,84,70,68
2019-09-28,84,87,67,68,0,46
2019-09-29,98,91,68,68,0,74
2019-09-30,87,97,91,96,100,89
2019-10-01,91,96,96,94,0,81
2019-10-02,90,100,100,92,0,81
2019-10-03,89,97,96,94,25,89
2019-10-04,91,93,88,86,0,77
2019-10-05,95,91,70,69,29,55
2019-10-06,98,89,73,68,0,67
2019-10-07,90,98,97,97,25,90
2019-10-08,87,100,98,94,25,90
2019-10-09,87,96,97,98,50,96
2019-10-10,88,96,97,91,100,91
2019-10-11,87,91,89,90,25,86
2019-10-12,86,86,69,71,0,56
2019-10-13,97,86,72,71,28,65
2019-10-14,89,97,95,95,0,81
2019-10-15,87,96,96,100,49,100
2019-10-16,91,94,99,100,74,98
2019-10-17,86,93,91,91,25,92
2019-10-18,85,95,83,94,26,63
2019-10-19,92,84,67,64,28,45
2019-10-20,100,86,71,67,0,66
2019-10-21,91,97,95,98,0,82
2019-10-22,87,98,94,96,24,81
2019-10-23,92,97,98,98,0,93
2019-10-24,82,97,92,94,0,85
2019-10-25,85,92,84,83,26,71
2019-10-26,87,84,62,63,0,64
2019-10-27,96,84,66,64,0,62
2019-10-28,89,94,89,90,24,85
2019-10-29,89,98,95,91,0,89
2019-10-30,84,93,91,91,24,97
2019-10-31,80,96,89,89,25,84
2019-11-01,84,95,89,86,37,76
2019-11-02,89,82,68,66,0,37
2019-11-03,100,85,72,65,0,73
2019-11-04,93,96,99,97,34,98
2019-11-05,89,93,95,97,33,97
2019-11-06,88,94,100,97,0,100
2019-11-07,86,92,93,94,0,81
2019-11-08,88,94,87,90,69,94
2019-11-09,84,82,64,67,0,49
2019-11-10,92,81,68,67,0,69
2019-11-11,87,93,91,88,0,96
2019-11-12,89,91,90,97,100,95
2019-11-13,87,96,95,91,0,85
2019-11-14,82,90,90,95,0,89
2019-11-15,86,87,89,87,35,75
2019-11-16,85,83,69,68,39,45
2019-11-17,93,87,70,73,0,66
2019-11-18,89,96,95,100,34,98
2019-11-19,90,95,93,99,68,88
2019-11-20,85,94,92,97,0,90
2019-11-21,81,94,90,95,69,83
2019-11-22,85,90,87,86,35,81
2019-11-23,85,84,62,66,0,61
2019-11-24,95,82,66,68,0,64
2019-11-25,82,96,87,100,34,87
2019-11-26,78,100,87,89,0,69
2019-11-27,73,93,77,86,0,75
2019-11-28,68,94,69,72,0,76
2019-11-29,69,98,64,67,0,55
2019-11-30,77,85,59,65,0,43
2019-12-01,79,99,70,68,37,51
2019-12-02,72,97,97,95,33,66
2019-12-03,77,99,96,97,66,95
2019-12-04,74,99,94,100,67,68
2019-12-05,79,100,100,100,34,94
2019-12-06,74,99,93,95,35,68
2019-12-07,74,88,71,67,0,48
2019-12-08,86,86,67,70,39,67
2019-12-09,73,95,91,93,0,100
2019-12-10,73,97,94,93,0,86
2019-12-11,76,99,96,96,0,88
2019-12-12,74,97,93,94,0,75
2019-12-13,75,95,84,89,70,73
2019-12-14,76,89,67,73,77,77
2019-12-15,83,88,69,70,38,53
2019-12-16,75,100,91,93,100,68
2019-12-17,77,100,95,96,0,83
2019-12-18,70,94,85,87,33,92
2019-12-19,72,94,84,91,0,79
2019-12-20,71,90,81,82,0,58
2019-12-21,72,86,60,60,39,38
2019-12-22,74,84,57,62,0,45
2019-12-23,78,85,75,74,0,74
2019-12-24,70,78,65,66,0,50
2019-12-25,66,77,54,60,0,39
2019-12-26,83,92,73,69,0,44
2019-12-27,91,96,84,73,73,45
2019-12-28,94,89,72,70,0,42
2019-12-29,100,85,72,70,0,40
2019-12-30,93,90,91,81,36,51
2019-12-31,90,80,79,76,39,60
2020-01-01,86,74,69,61,0,34
2020-01-02,90,92,89,79,38,62
2020-01-03,89,91,91,80,0,66
2020-01-04,86,86,73,68,0,43
2020-01-05,99,88,78,65,41,40
2020-01-06,87,91,96,91,37,79
2020-01-07,85,95,97,93,36,85
2020-01-08,84,96,97,93,36,69
2020-01-09,84,93,99,90,36,85
2020-01-10,80,92,89,88,0,69
2020-01-11,95,87,74,68,0,52
2020-01-12,94,82,76,69,40,52
2020-01-13,89,95,96,97,100,91
2020-01-14,82,92,95,98,32,68
2020-01-15,88,95,97,90,70,89
2020-01-16,85,91,96,92,36,89
2020-01-17,81,93,89,86,0,68
2020-01-18,94,83,75,66,40,61
2020-01-19,100,82,74,63,0,55
2020-01-20,89,95,91,84,36,78
2020-01-21,86,97,100,99,0,94
2020-01-22,84,92,99,100,0,100
2020-01-23,86,93,94,93,0,83
2020-01-24,85,90,88,87,37,68
2020-01-25,93,85,73,68,0,59
2020-01-26,93,83,71,65,0,53
2020-01-27,86,97,93,94,0,65
2020-01-28,83,100,99,97,70,92
2020-01-29,83,96,100,94,70,83
2020-01-30,84,93,94,95,72,68
2020-01-31,82,93,96,86,0,70
2020-02-01,90,86,72,67,25,43
2020-02-02,94,86,68,64,24,43
2020-02-03,81,91,90,93,100,85
2020-02-04,86,95,94,92,0,100
2020-02-05,86,95,94,93,66,70
2020-02-06,89,95,90,92,0,83
2020-02-07,81,92,88,87,45,66
2020-02-08,94,84,69,70,0,68
2020-02-09,100,87,69,68,49,46
2020-02-10,89,92,91,93,0,80
2020-02-11,86,98,91,93,21,84
2020-02-12,84,94,94,98,0,71
2020-02-13,86,97,90,94,0,61
2020-02-14,78,96,83,88,0,62
2020-02-15,93,88,72,68,24,48
2020-02-16,99,84,74,72,0,69
2020-02-17,95,93,90,87,0,86
2020-02-18,91,94,96,95,63,87
2020-02-19,91,100,96,99,43,85
2020-02-20,87,94,92,97,21,91
2020-02-21,90,93,94,89,90,67
2020-02-22,93,80,72,69,0,56
2020-02-23,100,78,75,70,0,59
2020-02-24,91,90,100,98,0,69
2020-02-25,91,91,99,100,0,74
2020-02-26,85,92,94,92,41,84
2020-02-27,83,97,93,91,41,74
2020-02-28,83,94,89,89,65,67
2020-02-29,93,89,74,66,0,48
2020-03-01,99,66,76,69,0,68
2020-03-02,88,72,100,99,25,92
2020-03-03,86,73,100,99,0,100
2020-03-04,87,70,96,100,50,97
2020-03-05,87,72,98,100,51,82
2020-03-06,87,69,92,91,26,90
2020-03-07,92,66,75,73,0,54
2020-03-08,100,63,72,73,0,65
2020-03-09,91,71,98,95,25,85
2020-03-10,89,72,92,96,100,96
2020-03-11,86,71,91,96,25,68
2020-03-12,74,68,82,88,74,91
2020-03-13,74,71,75,74,0,62
2020-03-14,83,65,67,62,0,49
2020-03-15,86,68,66,66,0,66
2020-03-16,74,74,78,78,74,76
2020-03-17,70,78,75,75,49,65
2020-03-18,69,75,81,79,50,76
2020-03-19,67,75,73,76,25,71
2020-03-20,63,73,72,69,0,63
2020-03-21,75,71,63,64,0,34
2020-03-22,79,70,59,63,0,38
2020-03-23,68,79,72,85,23,57
2020-03-24,71,77,70,82,24,57
2020-03-25,67,79,67,77,49,59
2020-03-26,69,79,73,74,50,54
2020-03-27,68,78,69,75,47,52
2020-03-28,79,100,62,64,0,47
2020-03-29,80,86,60,65,0,48
2020-03-30,68,82,76,78,23,72
2020-03-31,68,86,75,83,23,73
2020-04-01,67,68,88,90,49,83
2020-04-02,67,69,88,86,25,99
2020-04-03,70,66,81,82,25,77
2020-04-04,74,61,70,71,0,53
2020-04-05,79,61,71,76,0,65
2020-04-06,71,73,90,84,24,62
2020-04-07,72,100,89,90,76,82
2020-04-08,74,82,88,86,25,79
2020-04-09,76,81,88,86,26,67
2020-04-10,79,72,82,79,27,45
2020-04-11,84,69,73,74,28,63
2020-04-12,86,63,73,73,29,47
2020-04-13,83,79,92,88,25,65
2020-04-14,80,76,96,90,0,77
2020-04-15,84,75,93,93,50,80
2020-04-16,86,75,91,86,49,82
2020-04-17,86,75,90,90,0,75
2020-04-18,94,65,78,82,0,78
2020-04-19,94,65,79,79,0,71
2020-04-20,83,72,91,95,73,100
2020-04-21,86,70,91,93,24,90
2020-04-22,87,71,92,91,0,82
2020-04-23,83,71,90,91,0,73
2020-04-24,87,68,84,85,25,70
2020-04-25,92,62,79,74,28,69
2020-04-26,100,63,81,79,0,56
2020-04-27,92,67,100,100,100,97
2020-04-28,87,72,97,95,49,77
2020-04-29,92,71,100,91,49,75
2020-04-30,84,66,98,98,24,89
2020-05-01,80,89,89,95,26,71
2020-05-02,83,82,75,77,0,52
2020-05-03,85,82,73,80,0,70
2020-05-04,80,96,91,91,48,88
2020-05-05,78,98,91,97,45,79
2020-05-06,75,100,88,94,24,91
2020-05-07,77,99,88,91,25,79
2020-05-08,80,93,82,86,25,64
2020-05-09,84,86,78,76,0,62
2020-05-10,87,82,75,75,28,60
2020-05-11,79,97,90,95,24,75
2020-05-12,78,93,91,90,24,78
2020-05-13,82,94,95,92,24,100
2020-05-14,81,92,95,90,24,86
2020-05-15,79,96,93,89,50,65
2020-05-16,91,86,82,77,0,65
2020-05-17,100,82,83,82,0,77
2020-05-18,88,89,100,98,0,87
2020-05-19,82,89,100,95,24,95
2020-05-20,82,90,95,95,24,87
2020-05-21,83,91,90,95,25,93
2020-05-22,81,88,93,86,25,73
2020-05-23,90,86,83,78,0,53
2020-05-24,95,84,81,76,0,61
2020-05-25,90,90,83,79,0,77
2020-05-26,85,89,100,90,98,87
2020-05-27,90,91,99,100,0,77
2020-05-28,86,87,100,96,100,86
2020-05-29,81,85,95,94,51,78
2020-05-30,83,77,81,85,0,52
2020-05-31,89,82,86,85,0,74
2020-06-01,74,95,83,97,33,83
2020-06-02,74,92,86,96,0,86
2020-06-03,77,95,84,100,31,94
2020-06-04,80,92,79,94,0,100
2020-06-05,80,90,79,90,0,77
2020-06-06,90,87,73,81,0,81
2020-06-07,94,85,72,81,0,63
2020-06-08,83,94,86,98,31,87
2020-06-09,81,99,85,97,62,87
2020-06-10,86,95,83,98,100,75
2020-06-11,86,92,86,95,0,89
2020-06-12,83,90,81,87,0,93
2020-06-13,93,89,69,77,0,63
2020-06-14,97,85,71,76,0,62
2020-06-15,87,98,88,93,34,86
2020-06-16,88,100,89,97,0,94
2020-06-17,83,97,88,98,34,99
2020-06-18,85,95,83,93,68,98
2020-06-19,81,91,80,93,35,87
2020-06-20,91,80,72,77,39,71
2020-06-21,95,82,69,74,0,80
2020-06-22,89,89,90,93,69,99
2020-06-23,86,91,90,97,69,97
2020-06-24,87,95,90,97,0,91
2020-06-25,85,95,89,96,35,94
2020-06-26,83,92,84,91,36,81
2020-06-27,93,84,76,81,0,73
2020-06-28,100,84,80,79,77,89
2020-06-29,91,94,98,98,70,88
2020-06-30,89,97,100,95,35,86
2020-07-01,83,91,95,92,32,68
2020-07-02,83,89,93,90,0,100
2020-07-03,84,87,82,76,33,77
2020-07-04,85,81,76,74,0,65
2020-07-05,99,86,78,78,74,63
2020-07-06,92,90,99,94,32,91
2020-07-07,91,91,94,89,94,84
2020-07-08,90,90,96,98,32,89
2020-07-09,87,90,97,90,32,81
2020-07-10,84,90,91,86,34,72
2020-07-11,97,85,80,75,37,75
2020-07-12,100,82,80,74,0,69
2020-07-13,90,89,92,97,0,93
2020-07-14,88,92,100,96,0,83
2020-07-15,84,100,95,90,33,77
2020-07-16,83,90,90,90,33,89
2020-07-17,85,89,85,89,0,74
2020-07-18,93,80,77,73,38,67
2020-07-19,96,81,75,73,0,48
2020-07-20,89,87,93,94,0,77
2020-07-21,91,92,95,100,0,92
2020-07-22,87,92,91,93,0,87
2020-07-23,90,91,92,92,0,91
2020-07-24,83,89,87,86,34,74
2020-07-25,93,85,72,78,38,63
2020-07-26,96,83,78,76,38,66
2020-07-27,92,88,97,93,0,86
2020-07-28,88,90,93,94,0,79
2020-07-29,87,88,93,96,100,72
2020-07-30,91,84,93,93,33,87
2020-07-31,90,87,84,82,0,63
2020-08-01,91,84,76,71,29,74
2020-08-02,100,90,76,76,0,73
2020-08-03,89,95,93,94,51,87
2020-08-04,88,93,94,98,0,96
2020-08-05,87,95,91,95,24,83
2020-08-06,87,95,95,92,100,71
2020-08-07,82,89,85,86,51,65
2020-08-08,89,83,76,75,0,52
2020-08-09,97,85,78,76,0,49
2020-08-10,86,95,97,95,49,73
2020-08-11,87,95,97,92,25,62
2020-08-12,82,95,92,88,49,75
2020-08-13,87,94,95,93,50,99
2020-08-14,80,95,88,84,25,77
2020-08-15,95,89,76,73,28,51
2020-08-16,95,92,80,74,0,67
2020-08-17,86,98,95,96,25,96
2020-08-18,84,100,96,93,0,100
2020-08-19,82,96,95,91,0,85
2020-08-20,81,93,92,95,25,77
2020-08-21,82,91,90,90,51,71
2020-08-22,90,85,76,73,0,53
2020-08-23,94,90,78,75,28,64
2020-08-24,82,90,97,100,0,91
2020-08-25,81,94,95,98,0,84
2020-08-26,81,97,94,99,0,77
2020-08-27,82,94,100,95,0,96
2020-08-28,74,90,92,87,0,83
2020-08-29,87,86,76,73,28,65
2020-08-30,95,87,79,74,0,56
2020-08-31,81,98,95,95,0,93
2020-09-01,87,96,96,90,73,85
2020-09-02,87,96,100,96,48,90
2020-09-03,87,97,94,95,24,77
2020-09-04,87,93,87,84,100,67
2020-09-05,91,86,74,71,28,67
2020-09-06,99,85,71,74,0,65
2020-09-07,96,89,81,83,0,88
2020-09-08,85,97,95,99,0,100
2020-09-09,84,95,97,96,48,85
2020-09-10,89,99,93,95,48,88
2020-09-11,81,95,90,96,49,77
2020-09-12,95,88,73,85,28,77
2020-09-13,100,90,76,80,0,40
2020-09-14,90,95,97,97,0,92
2020-09-15,84,100,93,98,0,83
2020-09-16,84,98,97,98,24,87
2020-09-17,84,92,93,100,24,96
2020-09-18,83,92,96,89,0,75
2020-09-19,85,88,72,73,0,57
2020-09-20,91,85,73,73,0,65
2020-09-21,79,93,93,94,23,94
2020-09-22,83,97,93,97,23,76
2020-09-23,81,91,92,99,24,82
2020-09-24,86,95,91,99,48,88
2020-09-25,80,88,87,91,0,88
2020-09-26,84,82,70,72,28,57
2020-09-27,90,82,72,70,0,55
2020-09-28,83,92,93,93,0,90
2020-09-29,83,94,93,91,49,72
2020-09-30,79,94,90,90,24,72
2020-10-01,87,96,95,89,95,87
2020-10-02,87,95,89,85,33,76
2020-10-03,92,88,75,69,0,59
2020-10-04,98,89,72,69,36,55
2020-10-05,90,97,100,97,63,84
2020-10-06,87,96,94,98,31,84
2020-10-07,91,98,97,100,0,96
2020-10-08,88,95,95,92,32,83
2020-10-09,84,94,89,86,35,76
2020-10-10,98,84,75,71,38,55
2020-10-11,98,84,74,68,0,69
2020-10-12,93,88,92,89,34,87
2020-10-13,88,95,92,92,0,77
2020-10-14,86,98,91,89,67,77
2020-10-15,87,97,88,88,0,83
2020-10-16,85,94,85,82,35,60
2020-10-17,90,87,68,68,0,55
2020-10-18,100,93,74,70,0,55
2020-10-19,87,95,90,93,0,74
2020-10-20,88,98,92,91,0,84
2020-10-21,88,95,87,88,33,82
2020-10-22,87,94,90,90,34,79
2020-10-23,87,93,81,82,70,84
2020-10-24,92,85,67,68,0,48
2020-10-25,95,89,66,68,37,48
2020-10-26,86,94,86,90,100,72
2020-10-27,84,93,89,84,0,100
2020-10-28,81,91,87,85,100,77
2020-10-29,82,100,90,85,0,96
2020-10-30,79,96,82,82,0,85
2020-10-31,80,85,63,69,75,66
2020-11-01,96,79,74,68,0,48
2020-11-02,94,82,100,99,0,81
2020-11-03,87,88,93,95,0,73
2020-11-04,71,78,74,76,41,64
2020-11-05,80,83,87,84,0,73
2020-11-06,80,81,84,78,0,80
2020-11-07,91,80,73,66,0,56
2020-11-08,100,86,77,72,0,65
2020-11-09,92,93,95,95,47,81
2020-11-10,86,91,98,91,94,91
2020-11-11,93,94,95,93,0,87
2020-11-12,94,96,94,91,48,83
2020-11-13,91,91,89,89,100,84
2020-11-14,94,85,70,69,0,65
2020-11-15,97,100,77,75,0,55
2020-11-16,92,97,100,93,95,82
2020-11-17,89,91,100,100,0,74
2020-11-18,88,93,100,96,0,82
2020-11-19,87,92,95,93,48,100
2020-11-20,88,88,87,86,0,69
2020-11-21,91,84,75,73,0,48
2020-11-22,94,87,78,77,0,38
2020-11-23,88,90,92,95,97,81
2020-11-24,83,92,91,90,47,75
2020-11-25,80,90,82,84,0,82
2020-11-26,74,91,73,75,0,71
2020-11-27,81,91,73,72,48,52
2020-11-28,95,90,72,68,52,51
2020-11-29,92,83,70,75,0,68
2020-11-30,88,90,92,92,47,68
2020-12-01,82,98,100,98,0,66
2020-12-02,85,92,99,98,0,75
2020-12-03,84,98,98,100,45,74
2020-12-04,81,97,96,94,46,72
2020-12-05,91,87,76,81,0,50
2020-12-06,92,88,77,79,0,69
2020-12-07,84,98,99,95,44,73
2020-12-08,82,94,96,99,0,67
2020-12-09,81,98,97,98,45,64
2020-12-10,83,95,97,98,0,75
2020-12-11,83,96,92,97,46,78
2020-12-12,86,85,76,78,0,54
2020-12-13,89,88,78,81,0,66
2020-12-14,81,98,98,96,0,100
2020-12-15,82,100,98,94,0,74
2020-12-16,81,95,94,98,45,84
2020-12-17,80,92,93,97,45,74
2020-12-18,81,90,89,89,48,63
2020-12-19,86,86,71,75,0,55
2020-12-20,92,81,71,69,51,49
2020-12-21,85,89,87,91,0,59
2020-12-22,79,87,88,79,0,54
2020-12-23,76,87,80,79,48,63
2020-12-24,73,74,67,68,0,45
2020-12-25,68,77,55,69,0,38
2020-12-26,85,83,71,75,0,44
2020-12-27,100,85,77,89,100,51
2020-12-28,99,90,93,88,0,54
2020-12-29,93,91,93,89,95,69
2020-12-30,96,87,90,88,0,52
2020-12-31,97,79,80,76,0,33
2021-01-01,84,77,71,28,0,60
2021-01-02,92,84,77,29,0,40
2021-01-03,93,83,83,31,0,55
2021-01-04,84,94,95,38,91,84
2021-01-05,82,95,94,40,0,67
2021-01-06,77,94,92,100,45,82
2021-01-07,77,93,91,93,0,71
2021-01-08,79,92,92,54,46,67
2021-01-09,88,85,83,40,0,60
2021-01-10,91,86,81,39,49,58
2021-01-11,82,92,96,44,43,69
2021-01-12,82,100,91,45,0,88
2021-01-13,81,98,97,45,91,91
2021-01-14,83,93,94,42,0,90
2021-01-15,85,91,92,42,92,72
2021-01-16,96,84,81,35,0,54
2021-01-17,100,82,78,34,49,46
2021-01-18,91,92,93,42,0,86
2021-01-19,88,97,99,45,44,86
2021-01-20,80,91,95,45,0,76
2021-01-21,82,92,97,42,89,83
2021-01-22,85,91,99,43,46,76
2021-01-23,95,85,81,32,0,45
2021-01-24,97,87,80,32,0,51
2021-01-25,86,91,99,41,0,91
2021-01-26,87,97,97,40,0,80
2021-01-27,87,96,99,40,0,72
2021-01-28,86,97,100,40,45,84
2021-01-29,80,92,95,40,0,100
2021-01-30,91,88,82,32,50,57
2021-01-31,96,86,83,31,100,71
2021-02-01,84,95,100,91,90,90
2021-02-02,86,97,97,95,45,72
2021-02-03,89,94,95,97,45,91
2021-02-04,86,93,100,100,0,83
2021-02-05,88,92,89,90,94,83
2021-02-06,92,82,81,76,0,70
2021-02-07,92,85,77,72,100,72
2021-02-08,85,91,91,93,89,89
2021-02-09,84,94,98,95,45,100
2021-02-10,86,92,94,93,45,84
2021-02-11,82,95,91,92,46,82
2021-02-12,85,88,86,89,48,66
2021-02-13,90,81,75,71,51,61
2021-02-14,93,80,74,72,51,61
2021-02-15,89,92,94,87,0,95
2021-02-16,86,90,94,89,0,73
2021-02-17,88,95,92,96,0,99
2021-02-18,87,97,91,97,46,85
2021-02-19,90,91,91,90,47,82
2021-02-20,96,87,78,76,51,77
2021-02-21,98,87,83,75,0,80
2021-02-22,91,98,93,97,44,84
2021-02-23,86,100,97,95,91,85
2021-02-24,86,91,98,96,0,91
2021-02-25,89,93,99,95,0,99
2021-02-26,87,91,95,87,47,78
2021-02-27,96,83,84,75,52,79
2021-02-28,100,82,82,76,0,78
2021-03-01,88,93,96,97,0,94
2021-03-02,87,95,95,99,60,75
2021-03-03,88,95,100,96,100,88
2021-03-04,86,90,96,94,0,86
2021-03-05,85,89,92,93,21,83
2021-03-06,91,83,79,77,0,58
2021-03-07,97,83,78,78,23,65
2021-03-08,89,92,92,94,20,99
2021-03-09,86,92,100,99,0,79
2021-03-10,86,93,97,93,39,87
2021-03-11,88,94,95,93,41,76
2021-03-12,82,89,92,89,0,77
2021-03-13,96,85,84,76,68,59
2021-03-14,98,87,78,80,22,70
2021-03-15,84,90,90,94,0,90
2021-03-16,90,100,95,100,0,79
2021-03-17,84,92,90,97,0,78
2021-03-18,88,91,89,92,20,73
2021-03-19,85,89,87,88,0,71
2021-03-20,95,85,80,82,23,65
2021-03-21,97,89,77,79,45,61
2021-03-22,90,96,98,96,20,79
2021-03-23,86,93,99,96,0,71
2021-03-24,89,89,96,100,0,86
2021-03-25,88,92,97,99,20,100
2021-03-26,88,89,90,91,42,81
2021-03-27,92,84,78,78,0,62
2021-03-28,100,79,77,79,0,78
2021-03-29,88,95,91,95,41,71
2021-03-30,86,96,97,97,21,78
2021-03-31,92,97,99,99,42,77
2021-04-01,86,97,94,96,0,77
2021-04-02,90,98,78,91,38,55
2021-04-03,88,96,75,78,0,65
2021-04-04,89,86,74,70,80,60
2021-04-05,92,100,97,93,0,86
2021-04-06,91,100,99,100,0,67
2021-04-07,86,97,100,97,33,67
2021-04-08,88,98,94,99,0,86
2021-04-09,85,93,89,87,0,76
2021-04-10,94,83,77,75,0,49
2021-04-11,100,82,76,79,0,65
2021-04-12,87,96,97,99,33,93
2021-04-13,84,89,90,94,67,100
2021-04-14,91,88,92,91,33,82
2021-04-15,88,90,92,94,34,96
2021-04-16,91,89,88,89,0,77
2021-04-17,90,83,72,75,0,63
2021-04-18,93,82,75,74,38,71
2021-04-19,87,93,93,96,34,80
2021-04-20,87,91,93,93,66,85
2021-04-21,88,85,91,97,0,89
2021-04-22,88,92,90,95,33,97
2021-04-23,86,83,83,93,35,70
2021-04-24,95,83,72,74,0,47
2021-04-25,94,79,72,74,0,61
2021-04-26,88,90,91,96,100,98
2021-04-27,88,92,96,97,33,86
2021-04-28,86,93,93,92,33,81
2021-04-29,86,88,94,93,0,97
2021-04-30,84,85,88,86,0,70
2021-05-01,95,79,72,68,37,48
2021-05-02,98,83,73,72,0,51
2021-05-03,100,89,99,92,0,75
2021-05-04,95,97,97,94,32,82
2021-05-05,94,93,97,94,33,90
2021-05-06,93,92,96,98,33,92
2021-05-07,92,88,92,90,0,78
2021-05-08,98,83,81,74,0,54
2021-05-09,93,80,74,70,0,45
2021-05-10,95,90,100,94,34,72
2021-05-11,93,92,94,91,0,65
2021-05-12,94,91,93,94,0,100
2021-05-13,98,89,92,96,34,65
2021-05-14,91,91,93,90,36,78
2021-05-15,92,87,74,78,0,46
2021-05-16,95,85,76,72,0,72
2021-05-17,92,91,99,97,100,91
2021-05-18,93,98,94,93,33,81
2021-05-19,94,100,92,100,0,91
2021-05-20,91,93,94,96,34,89
2021-05-21,86,91,85,86,34,68
2021-05-22,89,86,72,70,0,50
2021-05-23,99,80,75,73,0,49
2021-05-24,93,92,96,94,0,76
2021-05-25,92,91,97,98,34,83
2021-05-26,94,93,93,96,0,71
2021-05-27,93,87,91,92,33,76
2021-05-28,91,86,85,89,0,56
2021-05-29,93,81,73,69,0,48
2021-05-30,99,82,74,69,39,64
2021-05-31,86,90,81,78,0,60
2021-06-01,89,98,92,31,0,98
2021-06-02,95,95,95,33,0,91
2021-06-03,91,91,93,33,0,99
2021-06-04,91,94,89,31,0,61
2021-06-05,94,85,76,26,37,68
2021-06-06,95,81,74,24,0,85
2021-06-07,87,93,90,32,0,82
2021-06-08,86,95,90,33,0,80
2021-06-09,89,94,92,32,0,75
2021-06-10,91,96,92,32,33,97
2021-06-11,88,89,88,29,100,79
2021-06-12,86,84,69,24,0,67
2021-06-13,100,82,74,25,0,64
2021-06-14,89,100,89,32,0,79
2021-06-15,91,98,91,32,32,91
2021-06-16,89,95,86,33,0,93
2021-06-17,83,95,92,33,0,83
2021-06-18,86,93,87,29,0,76
2021-06-19,90,86,73,24,0,51
2021-06-20,91,86,70,25,0,50
2021-06-21,87,97,92,32,0,65
2021-06-22,88,97,95,31,33,93
2021-06-23,86,99,90,32,0,100
2021-06-24,92,96,91,96,0,85
2021-06-25,88,91,88,100,34,71
2021-06-26,91,90,76,64,0,55
2021-06-27,91,94,77,53,0,63
2021-06-28,89,98,92,52,0,84
2021-06-29,87,94,93,47,33,80
2021-06-30,90,100,100,45,0,80
