Date,property,portfolio,WPG,investment,securities,Land Securities Group
2017-01-01,60,46,79,46,21,0.0
2017-01-02,74,77,37,63,52,0.0
2017-01-03,89,87,99,77,73,0.0
2017-01-04,96,89,49,83,73,0.0
2017-01-05,98,96,77,89,78,0.0
2017-01-06,84,79,71,82,77,0.0
2017-01-07,71,57,25,58,29,0.0
2017-01-08,70,61,40,58,17,0.0
2017-01-09,92,83,35,87,81,0.0
2017-01-10,95,86,43,89,93,0.0
2017-01-11,93,85,82,90,78,0.0
2017-01-12,91,91,84,93,91,0.0
2017-01-13,87,80,63,78,66,0.0
2017-01-14,65,55,100,51,33,58.0
2017-01-15,74,60,54,58,30,0.0
2017-01-16,90,87,56,84,76,100.0
2017-01-17,97,100,77,93,96,0.0
2017-01-18,94,92,81,95,87,49.0
2017-01-19,96,90,77,98,84,0.0
2017-01-20,83,85,76,89,86,52.0
2017-01-21,74,60,69,54,34,0.0
2017-01-22,76,70,78,62,39,0.0
2017-01-23,98,98,72,89,91,0.0
2017-01-24,100,99,68,100,83,0.0
2017-01-25,94,96,69,89,100,0.0
2017-01-26,94,92,56,82,79,0.0
2017-01-27,92,94,86,89,80,0.0
2017-01-28,69,56,59,56,34,0.0
2017-01-29,75,63,29,61,48,0.0
2017-01-30,98,92,72,88,82,0.0
2017-01-31,100,98,60,98,93,49.0
2017-02-01,90,90,54,90,84,0.0
2017-02-02,98,92,72,84,93,52.0
2017-02-03,87,84,95,83,89,0.0
2017-02-04,75,59,53,63,42,0.0
2017-02-05,69,56,96,62,41,0.0
2017-02-06,94,89,94,89,87,0.0
2017-02-07,94,94,75,85,98,0.0
2017-02-08,98,84,60,91,96,0.0
2017-02-09,91,93,66,82,91,0.0
2017-02-10,86,71,78,77,83,0.0
2017-02-11,72,47,58,57,32,0.0
2017-02-12,75,68,80,64,37,0.0
2017-02-13,89,81,69,89,96,100.0
2017-02-14,87,84,91,90,93,51.0
2017-02-15,94,95,91,100,89,0.0
2017-02-16,94,93,87,98,82,0.0
2017-02-17,88,90,76,83,85,0.0
2017-02-18,71,59,69,57,34,0.0
2017-02-19,73,60,58,59,39,0.0
2017-02-20,94,90,87,89,79,52.0
2017-02-21,99,94,50,92,95,0.0
2017-02-22,94,100,100,98,100,0.0
2017-02-23,90,96,81,88,91,0.0
2017-02-24,88,84,53,81,70,0.0
2017-02-25,71,63,70,57,40,0.0
2017-02-26,77,64,68,63,25,57.0
2017-02-27,100,91,74,94,90,0.0
2017-02-28,99,97,93,94,85,0.0
2017-03-01,94,90,91,88,92,0.0
2017-03-02,92,85,80,92,86,0.0
2017-03-03,87,80,92,80,82,0.0
2017-03-04,68,65,50,59,38,0.0
2017-03-05,77,55,51,70,41,0.0
2017-03-06,91,100,20,85,87,0.0
2017-03-07,94,80,82,95,92,0.0
2017-03-08,100,88,49,93,91,0.0
2017-03-09,91,90,73,88,94,0.0
2017-03-10,82,77,93,81,81,0.0
2017-03-11,67,43,42,53,37,100.0
2017-03-12,69,62,62,56,40,0.0
2017-03-13,92,75,76,88,74,0.0
2017-03-14,90,78,60,84,91,0.0
2017-03-15,92,92,82,90,93,87.0
2017-03-16,93,91,87,87,90,0.0
2017-03-17,82,78,100,82,82,93.0
2017-03-18,67,51,62,56,27,0.0
2017-03-19,72,50,46,62,37,0.0
2017-03-20,98,95,62,97,92,0.0
2017-03-21,91,97,58,92,88,0.0
2017-03-22,94,91,81,100,91,0.0
2017-03-23,88,92,62,89,84,0.0
2017-03-24,84,76,64,79,90,0.0
2017-03-25,69,48,72,57,37,0.0
2017-03-26,75,60,52,65,32,0.0
2017-03-27,96,82,61,89,88,0.0
2017-03-28,92,81,41,98,96,0.0
2017-03-29,97,89,58,87,100,0.0
2017-03-30,93,74,42,89,94,0.0
2017-03-31,82,78,55,75,67,0.0
2017-04-01,71,54,36,53,38,0.0
2017-04-02,71,67,88,60,34,0.0
2017-04-03,95,83,44,91,97,0.0
2017-04-04,98,88,76,94,76,0.0
2017-04-05,98,100,80,100,87,0.0
2017-04-06,95,82,99,95,86,0.0
2017-04-07,87,73,83,78,87,0.0
2017-04-08,68,57,68,59,39,0.0
2017-04-09,71,57,42,63,33,0.0
2017-04-10,98,91,32,97,90,0.0
2017-04-11,98,82,95,95,73,0.0
2017-04-12,95,78,46,89,77,0.0
2017-04-13,91,79,100,86,80,0.0
2017-04-14,82,62,61,66,44,0.0
2017-04-15,70,51,53,51,32,0.0
2017-04-16,70,58,70,60,32,0.0
2017-04-17,89,70,56,83,72,0.0
2017-04-18,96,89,74,95,90,0.0
2017-04-19,92,89,79,87,78,0.0
2017-04-20,92,82,63,98,97,0.0
2017-04-21,89,75,61,77,74,0.0
2017-04-22,70,59,72,48,38,0.0
2017-04-23,72,55,56,64,43,0.0
2017-04-24,94,82,80,96,100,0.0
2017-04-25,96,83,93,88,97,0.0
2017-04-26,100,96,52,89,94,100.0
2017-04-27,95,84,58,90,85,0.0
2017-04-28,83,74,82,81,72,0.0
2017-04-29,67,60,58,54,35,0.0
2017-04-30,69,62,68,56,41,0.0
2017-05-01,94,93,48,85,64,0.0
2017-05-02,97,100,70,97,99,0.0
2017-05-03,94,93,74,93,83,0.0
2017-05-04,92,93,37,96,82,0.0
2017-05-05,89,85,31,84,88,100.0
2017-05-06,72,64,100,57,37,0.0
2017-05-07,72,63,47,63,34,0.0
2017-05-08,100,91,82,91,95,0.0
2017-05-09,99,99,62,100,100,95.0
2017-05-10,93,94,52,93,89,0.0
2017-05-11,93,81,57,96,87,0.0
2017-05-12,87,73,78,83,86,0.0
2017-05-13,71,50,52,55,33,0.0
2017-05-14,71,56,78,57,42,0.0
2017-05-15,95,86,78,90,83,0.0
2017-05-16,94,84,39,92,94,0.0
2017-05-17,96,85,31,93,75,0.0
2017-05-18,90,76,56,87,80,0.0
2017-05-19,85,76,58,83,89,0.0
2017-05-20,67,58,28,59,30,0.0
2017-05-21,70,55,55,58,29,0.0
2017-05-22,96,81,48,85,84,0.0
2017-05-23,87,79,39,86,80,100.0
2017-05-24,95,88,88,86,86,0.0
2017-05-25,89,84,89,84,75,0.0
2017-05-26,83,65,85,72,73,0.0
2017-05-27,65,56,48,50,30,0.0
2017-05-28,71,47,67,53,34,0.0
2017-05-29,79,64,37,75,61,0.0
2017-05-30,96,77,39,82,75,0.0
2017-05-31,95,84,31,92,68,0.0
2017-06-01,97,86,45,87,97,0.0
2017-06-02,86,89,75,83,94,0.0
2017-06-03,70,58,57,58,34,0.0
2017-06-04,72,56,51,60,32,0.0
2017-06-05,93,96,80,95,75,0.0
2017-06-06,94,100,77,93,79,0.0
2017-06-07,90,97,52,90,81,0.0
2017-06-08,86,92,65,83,88,0.0
2017-06-09,87,81,73,82,83,0.0
2017-06-10,68,49,100,56,31,0.0
2017-06-11,73,59,37,62,31,0.0
2017-06-12,95,90,39,100,84,0.0
2017-06-13,93,90,60,98,72,0.0
2017-06-14,91,79,70,91,89,96.0
2017-06-15,91,84,68,88,91,0.0
2017-06-16,82,79,60,81,83,0.0
2017-06-17,65,55,42,61,37,0.0
2017-06-18,68,55,16,68,27,0.0
2017-06-19,93,80,100,96,69,0.0
2017-06-20,96,88,72,96,100,0.0
2017-06-21,96,84,80,93,83,0.0
2017-06-22,94,81,34,97,88,0.0
2017-06-23,90,80,49,75,59,0.0
2017-06-24,71,57,67,54,34,0.0
2017-06-25,74,53,53,56,32,0.0
2017-06-26,100,79,50,85,61,100.0
2017-06-27,96,83,63,93,81,0.0
2017-06-28,98,87,73,98,80,0.0
2017-06-29,93,89,59,89,89,0.0
2017-06-30,89,75,84,87,65,0.0
2017-07-01,71,56,56,54,34,0.0
2017-07-02,72,45,66,53,35,0.0
2017-07-03,90,79,67,79,70,0.0
2017-07-04,82,84,63,80,77,0.0
2017-07-05,96,98,72,98,79,0.0
2017-07-06,98,86,57,98,100,0.0
2017-07-07,91,80,46,85,72,0.0
2017-07-08,73,57,56,58,45,0.0
2017-07-09,75,60,36,65,34,0.0
2017-07-10,97,77,39,92,77,0.0
2017-07-11,93,82,65,100,94,98.0
2017-07-12,90,100,100,91,96,0.0
2017-07-13,94,84,57,88,89,0.0
2017-07-14,86,79,58,92,74,0.0
2017-07-15,72,51,31,59,36,0.0
2017-07-16,75,56,66,60,25,0.0
2017-07-17,89,77,39,96,93,0.0
2017-07-18,98,92,70,89,87,0.0
2017-07-19,95,88,66,92,93,100.0
2017-07-20,93,92,57,99,91,0.0
2017-07-21,93,72,100,85,79,0.0
2017-07-22,75,64,76,65,39,0.0
2017-07-23,73,51,30,59,32,0.0
2017-07-24,95,85,98,93,75,0.0
2017-07-25,95,86,73,100,100,0.0
2017-07-26,100,89,90,100,91,0.0
2017-07-27,95,89,93,96,84,0.0
2017-07-28,91,77,40,89,74,0.0
2017-07-29,74,63,65,57,45,0.0
2017-07-30,77,60,50,61,36,0.0
2017-07-31,98,88,64,93,93,0.0
2017-08-01,99,83,37,98,83,0.0
2017-08-02,100,95,39,100,100,0.0
2017-08-03,98,90,34,96,83,100.0
2017-08-04,90,80,54,91,74,0.0
2017-08-05,78,57,48,60,33,0.0
2017-08-06,75,61,17,69,29,0.0
2017-08-07,100,84,40,95,72,0.0
2017-08-08,98,100,39,99,92,0.0
2017-08-09,96,100,46,92,82,0.0
2017-08-10,96,92,35,97,86,0.0
2017-08-11,89,87,43,86,82,0.0
2017-08-12,68,65,44,64,45,0.0
2017-08-13,73,65,37,61,30,0.0
2017-08-14,96,87,41,86,75,0.0
2017-08-15,97,86,42,95,62,0.0
2017-08-16,96,94,32,90,88,0.0
2017-08-17,92,98,35,91,91,0.0
2017-08-18,92,93,66,84,73,0.0
2017-08-19,69,54,43,63,42,0.0
2017-08-20,71,60,30,65,26,0.0
2017-08-21,95,81,100,90,70,0.0
2017-08-22,97,90,43,100,74,0.0
2017-08-23,97,86,67,97,76,0.0
2017-08-24,95,86,41,95,96,52.0
2017-08-25,86,72,46,74,58,0.0
2017-08-26,65,51,14,53,40,0.0
2017-08-27,68,53,26,64,26,0.0
2017-08-28,93,86,35,88,82,0.0
2017-08-29,97,90,31,95,75,0.0
2017-08-30,97,88,58,100,77,0.0
2017-08-31,96,87,32,94,77,0.0
2017-09-01,89,69,77,71,66,0.0
2017-09-02,69,59,45,54,41,0.0
2017-09-03,71,69,34,54,31,0.0
2017-09-04,79,60,35,69,68,0.0
2017-09-05,96,94,88,80,80,0.0
2017-09-06,96,83,58,85,72,94.0
2017-09-07,100,90,78,89,75,0.0
2017-09-08,87,70,48,82,83,0.0
2017-09-09,64,51,48,54,38,0.0
2017-09-10,67,58,48,59,32,0.0
2017-09-11,93,80,62,78,94,0.0
2017-09-12,94,87,57,90,87,0.0
2017-09-13,94,90,70,91,83,0.0
2017-09-14,94,89,80,86,91,95.0
2017-09-15,86,81,66,74,75,0.0
2017-09-16,67,60,73,55,43,0.0
2017-09-17,71,60,24,59,32,0.0
2017-09-18,98,81,71,93,100,95.0
2017-09-19,96,100,83,93,93,0.0
2017-09-20,97,89,62,88,87,0.0
2017-09-21,96,86,89,81,91,0.0
2017-09-22,87,71,88,76,78,100.0
2017-09-23,68,54,44,59,33,0.0
2017-09-24,70,61,57,57,35,0.0
2017-09-25,96,79,87,90,72,94.0
2017-09-26,95,87,49,100,97,0.0
2017-09-27,100,87,100,85,79,95.0
2017-09-28,93,92,42,85,83,0.0
2017-09-29,88,79,44,76,76,0.0
2017-09-30,64,60,54,49,29,0.0
2017-10-01,69,59,77,56,29,0.0
2017-10-02,92,91,50,80,58,0.0
2017-10-03,94,92,55,91,88,0.0
2017-10-04,100,91,55,88,100,97.0
2017-10-05,94,92,43,84,77,0.0
2017-10-06,84,81,48,83,71,0.0
2017-10-07,65,65,78,55,40,0.0
2017-10-08,69,62,77,67,44,0.0
2017-10-09,91,85,37,91,93,95.0
2017-10-10,97,90,90,97,88,0.0
2017-10-11,95,96,37,89,82,0.0
2017-10-12,95,97,52,94,83,0.0
2017-10-13,81,86,65,82,73,100.0
2017-10-14,63,61,63,57,34,0.0
2017-10-15,69,61,100,67,33,0.0
2017-10-16,96,95,46,98,86,0.0
2017-10-17,92,94,41,94,83,0.0
2017-10-18,88,100,67,88,84,0.0
2017-10-19,94,95,77,87,80,0.0
2017-10-20,80,78,39,77,57,100.0
2017-10-21,64,49,34,57,29,0.0
2017-10-22,68,65,55,59,35,0.0
2017-10-23,90,85,40,91,77,0.0
2017-10-24,98,91,61,94,91,0.0
2017-10-25,92,94,57,100,100,0.0
2017-10-26,91,90,54,88,79,0.0
2017-10-27,84,86,69,76,78,100.0
2017-10-28,65,60,67,58,39,0.0
2017-10-29,65,59,61,60,37,0.0
2017-10-30,90,98,75,97,82,0.0
2017-10-31,87,89,54,93,91,0.0
2017-11-01,99,91,33,98,87,0.0
2017-11-02,100,94,52,100,81,0.0
2017-11-03,91,81,63,85,76,0.0
2017-11-04,72,68,82,57,36,0.0
2017-11-05,70,61,48,65,31,0.0
2017-11-06,96,89,70,93,80,0.0
2017-11-07,94,100,84,94,96,0.0
2017-11-08,98,100,60,96,88,0.0
2017-11-09,96,89,50,92,85,0.0
2017-11-10,81,88,44,82,87,0.0
2017-11-11,64,58,73,56,33,0.0
2017-11-12,67,57,100,63,34,0.0
2017-11-13,94,100,52,92,74,0.0
2017-11-14,96,90,70,95,79,0.0
2017-11-15,95,94,49,91,100,88.0
2017-11-16,91,95,63,89,93,0.0
2017-11-17,86,78,51,81,89,93.0
2017-11-18,64,54,41,57,40,0.0
2017-11-19,68,63,47,60,29,100.0
2017-11-20,90,99,52,91,76,0.0
2017-11-21,88,92,56,93,77,0.0
2017-11-22,83,92,42,83,77,0.0
2017-11-23,72,69,51,75,71,0.0
2017-11-24,63,69,55,64,55,0.0
2017-11-25,59,62,68,54,39,0.0
2017-11-26,67,64,43,63,36,0.0
2017-11-27,87,95,48,93,83,0.0
2017-11-28,92,99,72,92,84,0.0
2017-11-29,95,97,35,99,81,0.0
2017-11-30,92,100,71,97,84,0.0
2017-12-01,74,82,68,72,76,0.0
2017-12-02,58,64,48,55,39,0.0
2017-12-03,63,67,58,61,28,0.0
2017-12-04,82,97,64,90,95,0.0
2017-12-05,83,90,46,89,95,0.0
2017-12-06,81,89,57,95,96,0.0
2017-12-07,81,96,52,93,92,0.0
2017-12-08,73,79,64,82,84,0.0
2017-12-09,53,59,60,60,43,0.0
2017-12-10,59,62,53,60,33,0.0
2017-12-11,81,82,78,100,90,100.0
2017-12-12,78,100,83,96,79,0.0
2017-12-13,75,91,55,91,79,0.0
2017-12-14,75,96,57,83,85,0.0
2017-12-15,71,84,39,77,62,0.0
2017-12-16,53,57,55,52,41,0.0
2017-12-17,57,52,76,62,29,0.0
2017-12-18,74,91,66,83,97,0.0
2017-12-19,77,77,72,94,100,0.0
2017-12-20,80,90,79,83,91,0.0
2017-12-21,78,76,56,75,83,0.0
2017-12-22,67,60,64,71,83,0.0
2017-12-23,54,46,41,52,38,0.0
2017-12-24,48,44,42,44,20,0.0
2017-12-25,44,40,42,52,28,0.0
2017-12-26,65,61,58,58,78,0.0
2017-12-27,92,69,61,72,78,0.0
2017-12-28,100,69,56,79,86,0.0
2017-12-29,84,69,63,64,73,0.0
2017-12-30,65,54,61,50,36,0.0
2017-12-31,60,49,100,53,18,0.0
2018-01-01,67,58,70,56,53,0.0
2018-01-02,86,82,54,84,79,0.0
2018-01-03,89,89,69,94,91,0.0
2018-01-04,86,83,73,93,91,100.0
2018-01-05,85,87,100,91,76,0.0
2018-01-06,64,64,68,59,49,0.0
2018-01-07,74,66,50,69,36,0.0
2018-01-08,88,94,71,96,91,0.0
2018-01-09,89,91,48,97,90,98.0
2018-01-10,94,95,96,96,98,99.0
2018-01-11,87,95,83,98,95,98.0
2018-01-12,82,84,49,90,75,0.0
2018-01-13,68,67,77,58,42,0.0
2018-01-14,66,56,57,62,30,0.0
2018-01-15,84,85,36,89,85,0.0
2018-01-16,90,97,71,100,86,0.0
2018-01-17,89,91,66,99,86,0.0
2018-01-18,89,91,47,90,100,0.0
2018-01-19,84,79,41,83,83,0.0
2018-01-20,66,60,54,58,51,0.0
2018-01-21,70,58,40,61,36,0.0
2018-01-22,92,84,85,91,91,0.0
2018-01-23,93,94,46,95,98,0.0
2018-01-24,92,84,97,96,94,0.0
2018-01-25,89,85,71,83,91,0.0
2018-01-26,80,77,82,79,59,0.0
2018-01-27,70,57,45,59,43,0.0
2018-01-28,73,57,36,66,38,0.0
2018-01-29,97,89,82,89,90,0.0
2018-01-30,100,100,58,99,83,0.0
2018-01-31,94,97,74,92,86,0.0
2018-02-01,98,89,38,97,79,0.0
2018-02-02,93,87,63,94,74,100.0
2018-02-03,72,59,66,63,38,0.0
2018-02-04,73,64,77,65,38,0.0
2018-02-05,96,91,69,100,85,0.0
2018-02-06,97,94,61,99,100,0.0
2018-02-07,94,100,64,90,82,0.0
2018-02-08,94,89,100,95,85,0.0
2018-02-09,88,87,44,85,86,0.0
2018-02-10,72,53,61,59,36,0.0
2018-02-11,76,52,39,66,37,0.0
2018-02-12,97,90,50,89,78,0.0
2018-02-13,100,84,66,91,77,0.0
2018-02-14,86,78,66,90,81,0.0
2018-02-15,93,86,19,89,80,0.0
2018-02-16,86,82,59,75,65,0.0
2018-02-17,73,49,87,54,36,0.0
2018-02-18,77,56,62,68,25,0.0
2018-02-19,95,83,38,89,65,0.0
2018-02-20,100,87,49,93,83,0.0
2018-02-21,95,83,30,85,74,95.0
2018-02-22,98,91,49,90,84,0.0
2018-02-23,88,72,63,83,73,0.0
2018-02-24,73,60,52,57,40,0.0
2018-02-25,72,60,55,61,30,0.0
2018-02-26,97,88,52,89,80,0.0
2018-02-27,98,92,85,98,87,0.0
2018-02-28,95,91,44,82,73,0.0
2018-03-01,90,92,59,89,63,0.0
2018-03-02,85,73,71,78,57,0.0
2018-03-03,73,60,48,57,28,0.0
2018-03-04,72,60,42,64,28,0.0
2018-03-05,93,80,100,88,77,0.0
2018-03-06,95,84,48,94,66,100.0
2018-03-07,94,100,68,89,71,0.0
2018-03-08,92,96,84,95,71,0.0
2018-03-09,92,96,76,84,54,0.0
2018-03-10,71,59,57,58,28,0.0
2018-03-11,76,66,90,62,25,0.0
2018-03-12,100,81,41,94,73,0.0
2018-03-13,98,94,64,100,76,0.0
2018-03-14,91,91,71,94,76,0.0
2018-03-15,94,89,34,91,69,0.0
2018-03-16,83,79,83,75,65,0.0
2018-03-17,70,55,73,53,37,0.0
2018-03-18,72,55,34,65,27,0.0
2018-03-19,96,93,49,94,82,0.0
2018-03-20,96,95,45,92,71,0.0
2018-03-21,94,89,84,92,72,0.0
2018-03-22,95,90,50,95,100,0.0
2018-03-23,90,81,72,77,76,0.0
2018-03-24,74,58,93,58,33,0.0
2018-03-25,77,60,89,62,33,0.0
2018-03-26,97,78,42,92,98,0.0
2018-03-27,99,89,54,96,79,0.0
2018-03-28,95,83,59,93,64,0.0
2018-03-29,93,82,73,90,61,0.0
2018-03-30,84,63,65,68,42,0.0
2018-03-31,69,45,45,55,30,0.0
2018-04-01,65,56,67,62,29,0.0
2018-04-02,89,78,77,83,81,0.0
2018-04-03,97,93,53,99,81,0.0
2018-04-04,92,89,72,86,100,0.0
2018-04-05,93,95,61,85,91,0.0
2018-04-06,95,77,77,86,71,0.0
2018-04-07,73,59,91,59,44,0.0
2018-04-08,75,57,34,65,33,0.0
2018-04-09,95,88,50,92,80,0.0
2018-04-10,97,93,36,91,77,0.0
2018-04-11,92,100,62,84,84,0.0
2018-04-12,94,95,73,86,90,0.0
2018-04-13,84,81,83,80,74,0.0
2018-04-14,66,52,70,55,35,0.0
2018-04-15,76,61,46,63,36,0.0
2018-04-16,96,98,73,100,73,94.0
2018-04-17,97,98,47,100,83,0.0
2018-04-18,88,93,100,96,66,0.0
2018-04-19,90,85,80,88,86,0.0
2018-04-20,83,76,49,77,74,0.0
2018-04-21,65,58,90,60,35,0.0
2018-04-22,70,62,50,62,24,0.0
2018-04-23,94,91,58,90,71,0.0
2018-04-24,90,98,62,96,76,0.0
2018-04-25,90,100,46,85,74,0.0
2018-04-26,88,92,50,86,75,0.0
2018-04-27,83,84,49,79,67,100.0
2018-04-28,67,63,91,53,34,0.0
2018-04-29,67,58,69,61,35,0.0
2018-04-30,100,97,75,89,72,97.0
2018-05-01,98,95,59,93,68,0.0
2018-05-02,99,100,59,100,85,0.0
2018-05-03,92,92,90,96,88,0.0
2018-05-04,92,85,85,88,92,0.0
2018-05-05,68,53,51,64,44,0.0
2018-05-06,69,56,65,63,33,0.0
2018-05-07,93,92,59,98,82,0.0
2018-05-08,97,91,100,99,88,0.0
2018-05-09,98,98,38,95,99,0.0
2018-05-10,93,88,51,96,100,0.0
2018-05-11,90,75,76,89,85,0.0
2018-05-12,69,53,85,62,46,0.0
2018-05-13,67,54,68,59,31,100.0
2018-05-14,95,98,50,99,87,0.0
2018-05-15,96,93,88,98,85,0.0
2018-05-16,92,88,44,96,91,0.0
2018-05-17,92,98,95,90,88,0.0
2018-05-18,84,85,43,84,72,0.0
2018-05-19,60,52,82,53,39,0.0
2018-05-20,70,56,87,67,26,0.0
2018-05-21,97,84,45,95,91,0.0
2018-05-22,94,91,47,93,90,0.0
2018-05-23,92,95,50,97,81,87.0
2018-05-24,92,89,33,87,81,0.0
2018-05-25,81,76,57,80,70,0.0
2018-05-26,65,57,31,53,36,0.0
2018-05-27,68,65,42,62,34,0.0
2018-05-28,77,76,45,81,69,0.0
2018-05-29,95,87,38,86,89,0.0
2018-05-30,100,85,62,92,94,0.0
2018-05-31,98,89,39,88,87,0.0
2018-06-01,88,79,66,82,85,0.0
2018-06-02,73,52,100,66,40,0.0
2018-06-03,79,57,54,70,37,0.0
2018-06-04,96,92,46,96,81,0.0
2018-06-05,100,94,71,100,86,0.0
2018-06-06,100,100,42,97,98,0.0
2018-06-07,93,80,83,98,94,0.0
2018-06-08,86,85,93,87,66,0.0
2018-06-09,70,53,64,60,47,0.0
2018-06-10,76,56,74,66,33,0.0
2018-06-11,95,80,61,92,91,93.0
2018-06-12,96,90,62,97,100,0.0
2018-06-13,96,78,43,96,84,0.0
2018-06-14,92,78,54,92,82,0.0
2018-06-15,87,71,58,90,80,0.0
2018-06-16,69,52,30,54,27,0.0
2018-06-17,70,47,68,58,34,0.0
2018-06-18,98,79,50,93,85,95.0
2018-06-19,92,83,66,94,79,0.0
2018-06-20,95,81,55,96,97,0.0
2018-06-21,93,77,63,96,75,96.0
2018-06-22,89,65,52,84,80,100.0
2018-06-23,67,48,82,57,36,0.0
2018-06-24,71,51,58,59,27,0.0
2018-06-25,95,80,70,90,85,0.0
2018-06-26,93,74,62,100,90,94.0
2018-06-27,94,82,50,89,84,0.0
2018-06-28,93,81,76,89,86,96.0
2018-06-29,96,67,76,84,74,0.0
2018-06-30,74,50,39,51,37,0.0
2018-07-01,72,58,34,55,26,0.0
2018-07-02,92,88,56,86,74,0.0
2018-07-03,88,83,69,78,72,84.0
2018-07-04,80,91,49,73,75,0.0
2018-07-05,96,93,80,82,74,87.0
2018-07-06,84,69,44,73,78,0.0
2018-07-07,70,53,39,46,28,0.0
2018-07-08,75,66,50,61,30,0.0
2018-07-09,97,94,69,95,81,0.0
2018-07-10,92,88,58,81,94,0.0
2018-07-11,91,88,100,75,74,0.0
2018-07-12,92,85,45,85,88,0.0
2018-07-13,90,86,87,74,80,0.0
2018-07-14,71,61,61,58,35,0.0
2018-07-15,75,65,41,60,33,0.0
2018-07-16,97,82,84,86,69,0.0
2018-07-17,96,87,66,92,87,0.0
2018-07-18,95,100,53,100,89,0.0
2018-07-19,96,87,49,91,86,0.0
2018-07-20,89,80,69,75,79,0.0
2018-07-21,70,59,67,55,32,100.0
2018-07-22,76,56,41,64,34,0.0
2018-07-23,97,86,79,85,85,0.0
2018-07-24,97,95,48,90,90,0.0
2018-07-25,97,92,62,85,95,0.0
2018-07-26,92,91,75,81,100,0.0
2018-07-27,90,89,63,70,81,0.0
2018-07-28,72,52,79,57,33,0.0
2018-07-29,73,61,55,58,34,0.0
2018-07-30,99,98,44,85,76,0.0
2018-07-31,100,99,60,89,86,0.0
2018-08-01,94,83,49,91,92,0.0
2018-08-02,91,100,51,95,100,0.0
2018-08-03,91,85,56,79,91,0.0
2018-08-04,74,55,38,68,33,0.0
2018-08-05,78,63,65,61,38,0.0
2018-08-06,96,86,37,94,99,99.0
2018-08-07,93,90,100,100,84,0.0
2018-08-08,94,90,49,86,91,0.0
2018-08-09,91,97,57,83,95,0.0
2018-08-10,89,79,59,73,73,0.0
2018-08-11,71,59,38,59,37,0.0
2018-08-12,75,69,51,61,32,0.0
2018-08-13,99,85,49,94,81,0.0
2018-08-14,95,90,57,93,77,0.0
2018-08-15,94,80,93,77,65,0.0
2018-08-16,93,90,67,82,77,100.0
2018-08-17,84,79,47,79,81,51.0
2018-08-18,73,52,97,64,36,0.0
2018-08-19,75,56,53,59,29,0.0
2018-08-20,94,78,89,84,82,0.0
2018-08-21,94,100,42,88,96,0.0
2018-08-22,97,87,51,89,70,0.0
2018-08-23,92,86,42,88,93,0.0
2018-08-24,89,77,51,78,78,0.0
2018-08-25,66,52,47,59,34,0.0
2018-08-26,70,52,53,54,32,0.0
2018-08-27,93,79,58,97,78,0.0
2018-08-28,100,89,45,88,83,0.0
2018-08-29,98,92,49,95,94,0.0
2018-08-30,90,90,82,95,86,0.0
2018-08-31,88,79,59,78,77,0.0
2018-09-01,68,58,42,53,35,0.0
2018-09-02,71,64,47,62,40,0.0
2018-09-03,83,66,55,74,74,0.0
2018-09-04,96,87,28,89,92,0.0
2018-09-05,100,99,100,92,97,0.0
2018-09-06,100,94,48,91,91,0.0
2018-09-07,88,86,60,83,85,0.0
2018-09-08,74,60,89,58,36,0.0
2018-09-09,70,59,69,63,38,0.0
2018-09-10,92,90,55,90,93,96.0
2018-09-11,97,87,60,91,94,96.0
2018-09-12,97,86,76,90,100,0.0
2018-09-13,93,86,44,85,59,0.0
2018-09-14,87,87,58,79,84,0.0
2018-09-15,67,65,65,53,44,0.0
2018-09-16,69,63,50,65,42,0.0
2018-09-17,98,96,53,91,97,0.0
2018-09-18,96,100,56,88,89,0.0
2018-09-19,99,95,56,86,100,0.0
2018-09-20,88,98,91,84,85,0.0
2018-09-21,86,78,70,85,73,0.0
2018-09-22,66,59,70,59,38,0.0
2018-09-23,67,71,59,66,33,0.0
2018-09-24,93,96,40,100,93,0.0
2018-09-25,95,90,32,98,83,0.0
2018-09-26,96,98,64,96,91,0.0
2018-09-27,96,93,81,86,96,0.0
2018-09-28,84,92,91,82,87,100.0
2018-09-29,65,60,97,60,51,0.0
2018-09-30,66,64,59,61,38,0.0
2018-10-01,95,89,66,85,90,0.0
2018-10-02,100,95,54,89,71,0.0
2018-10-03,99,90,73,89,86,0.0
2018-10-04,99,92,55,93,87,0.0
2018-10-05,91,81,49,80,82,0.0
2018-10-06,66,60,76,50,39,97.0
2018-10-07,63,63,52,61,43,0.0
2018-10-08,96,97,47,85,83,86.0
2018-10-09,99,92,52,89,100,0.0
2018-10-10,96,92,59,90,91,0.0
2018-10-11,96,94,56,95,78,0.0
2018-10-12,92,90,71,88,85,0.0
2018-10-13,70,58,55,61,37,0.0
2018-10-14,76,59,92,67,35,0.0
2018-10-15,100,98,100,96,87,87.0
2018-10-16,99,95,55,98,96,0.0
2018-10-17,96,88,63,91,90,0.0
2018-10-18,91,100,60,81,66,0.0
2018-10-19,85,84,63,76,74,0.0
2018-10-20,68,65,37,56,42,100.0
2018-10-21,70,64,63,64,44,0.0
2018-10-22,97,88,71,100,87,0.0
2018-10-23,99,95,43,94,90,0.0
2018-10-24,91,88,65,95,88,0.0
2018-10-25,94,94,83,88,87,0.0
2018-10-26,83,83,49,76,75,0.0
2018-10-27,61,58,70,57,39,0.0
2018-10-28,69,51,70,54,35,0.0
2018-10-29,93,95,75,93,68,0.0
2018-10-30,94,96,85,91,98,84.0
2018-10-31,87,99,56,83,81,0.0
2018-11-01,100,82,68,86,85,0.0
2018-11-02,87,77,56,84,80,0.0
2018-11-03,72,62,56,57,45,0.0
2018-11-04,73,64,53,61,36,0.0
2018-11-05,98,88,96,96,98,0.0
2018-11-06,93,83,56,83,90,0.0
2018-11-07,93,84,39,81,73,0.0
2018-11-08,91,90,67,84,65,0.0
2018-11-09,86,76,63,78,87,0.0
2018-11-10,64,59,69,58,45,58.0
2018-11-11,68,56,77,64,36,0.0
2018-11-12,88,89,71,81,82,0.0
2018-11-13,97,88,68,97,94,0.0
2018-11-14,92,99,81,100,80,0.0
2018-11-15,93,85,81,86,79,0.0
2018-11-16,83,84,62,75,72,53.0
2018-11-17,68,57,98,61,41,0.0
2018-11-18,66,65,100,66,38,0.0
2018-11-19,97,94,60,94,84,0.0
2018-11-20,88,92,60,88,77,0.0
2018-11-21,79,82,61,80,84,0.0
2018-11-22,68,67,82,68,73,0.0
2018-11-23,65,64,99,62,48,0.0
2018-11-24,64,56,49,53,26,0.0
2018-11-25,67,57,80,56,43,0.0
2018-11-26,90,93,46,92,78,0.0
2018-11-27,96,95,35,97,94,100.0
2018-11-28,92,97,36,95,100,0.0
2018-11-29,93,100,65,96,75,0.0
2018-11-30,87,89,57,85,86,0.0
2018-12-01,69,71,33,56,31,0.0
2018-12-02,64,62,32,59,32,0.0
2018-12-03,94,88,31,97,90,0.0
2018-12-04,100,93,49,89,100,0.0
2018-12-05,90,89,46,100,90,0.0
2018-12-06,93,91,56,91,89,0.0
2018-12-07,84,76,48,82,73,0.0
2018-12-08,67,57,44,58,38,0.0
2018-12-09,67,60,49,60,40,0.0
2018-12-10,97,100,56,87,95,0.0
2018-12-11,95,84,20,93,84,0.0
2018-12-12,90,87,38,88,90,0.0
2018-12-13,90,92,51,91,89,0.0
2018-12-14,81,76,65,73,68,0.0
2018-12-15,64,53,100,54,47,0.0
2018-12-16,62,49,37,51,29,0.0
2018-12-17,87,79,38,79,78,100.0
2018-12-18,88,87,48,84,92,0.0
2018-12-19,92,84,52,89,78,0.0
2018-12-20,84,78,47,73,98,0.0
2018-12-21,71,63,85,69,77,0.0
2018-12-22,56,40,24,44,34,0.0
2018-12-23,55,44,36,48,21,0.0
2018-12-24,55,50,25,52,66,0.0
2018-12-25,47,42,18,49,29,0.0
2018-12-26,72,54,42,60,50,0.0
2018-12-27,86,59,44,68,58,0.0
2018-12-28,81,60,42,69,60,0.0
2018-12-29,73,49,59,55,38,0.0
2018-12-30,73,48,53,51,25,0.0
2018-12-31,75,50,51,66,65,0.0
2019-01-01,72,47,66,53,38,0.0
2019-01-02,89,83,78,79,67,0.0
2019-01-03,92,99,72,89,81,0.0
2019-01-04,91,82,43,90,74,0.0
2019-01-05,73,68,71,56,40,0.0
2019-01-06,73,58,65,62,35,0.0
2019-01-07,91,98,54,87,89,0.0
2019-01-08,94,96,77,92,97,0.0
2019-01-09,99,99,45,90,77,0.0
2019-01-10,96,91,70,92,78,0.0
2019-01-11,89,98,60,91,69,0.0
2019-01-12,69,55,64,58,36,0.0
2019-01-13,70,57,41,65,27,0.0
2019-01-14,92,90,84,82,85,100.0
2019-01-15,97,95,100,94,96,0.0
2019-01-16,95,94,97,94,100,0.0
2019-01-17,94,90,85,97,99,0.0
2019-01-18,91,92,92,92,92,0.0
2019-01-19,73,52,59,56,43,0.0
2019-01-20,74,56,79,65,31,0.0
2019-01-21,93,86,69,83,77,0.0
2019-01-22,94,92,52,92,81,0.0
2019-01-23,98,87,67,98,86,0.0
2019-01-24,98,91,40,98,88,100.0
2019-01-25,89,81,54,80,81,0.0
2019-01-26,68,58,55,58,25,0.0
2019-01-27,77,70,59,67,37,0.0
2019-01-28,97,97,67,97,89,0.0
2019-01-29,100,88,88,100,93,0.0
2019-01-30,98,100,80,92,75,0.0
2019-01-31,95,88,64,89,90,0.0
2019-02-01,90,94,96,94,85,0.0
2019-02-02,75,65,69,67,39,0.0
2019-02-03,74,52,100,64,33,0.0
2019-02-04,97,97,57,89,90,0.0
2019-02-05,99,98,61,94,90,88.0
2019-02-06,97,100,70,94,83,0.0
2019-02-07,94,83,42,99,100,0.0
2019-02-08,95,87,73,89,75,0.0
2019-02-09,71,52,52,67,31,0.0
2019-02-10,74,57,51,65,36,0.0
2019-02-11,97,96,80,96,97,0.0
2019-02-12,95,93,52,98,90,86.0
2019-02-13,95,90,76,98,91,0.0
2019-02-14,89,89,46,94,90,0.0
2019-02-15,84,85,69,80,94,0.0
2019-02-16,71,65,45,65,43,0.0
2019-02-17,78,62,40,68,43,100.0
2019-02-18,93,89,64,90,82,0.0
2019-02-19,97,100,35,96,92,86.0
2019-02-20,95,95,53,100,78,87.0
2019-02-21,100,98,60,93,97,0.0
2019-02-22,91,95,48,87,81,0.0
2019-02-23,77,62,94,69,38,0.0
2019-02-24,75,59,65,66,39,0.0
2019-02-25,97,91,84,94,84,0.0
2019-02-26,97,91,70,98,92,0.0
2019-02-27,100,94,51,91,85,84.0
2019-02-28,94,91,54,92,91,0.0
2019-03-01,89,76,68,85,74,0.0
2019-03-02,69,63,58,63,41,0.0
2019-03-03,72,62,55,61,31,0.0
2019-03-04,96,89,56,92,77,0.0
2019-03-05,100,90,73,96,100,0.0
2019-03-06,95,97,85,97,81,0.0
2019-03-07,91,94,73,93,80,0.0
2019-03-08,83,83,84,81,78,0.0
2019-03-09,73,67,56,61,46,0.0
2019-03-10,69,68,61,60,29,0.0
2019-03-11,94,100,49,92,100,0.0
2019-03-12,96,89,51,94,90,97.0
2019-03-13,90,88,14,91,85,0.0
2019-03-14,92,93,49,83,83,0.0
2019-03-15,82,82,56,85,81,0.0
2019-03-16,68,58,40,57,46,0.0
2019-03-17,71,59,47,61,35,0.0
2019-03-18,89,82,52,94,88,0.0
2019-03-19,97,82,73,98,89,0.0
2019-03-20,94,86,56,90,83,0.0
2019-03-21,86,91,100,90,75,0.0
2019-03-22,90,79,62,83,85,0.0
2019-03-23,69,50,96,56,29,0.0
2019-03-24,74,62,57,69,37,0.0
2019-03-25,95,92,56,100,94,0.0
2019-03-26,95,88,52,93,89,0.0
2019-03-27,98,89,63,96,89,0.0
2019-03-28,92,92,49,96,94,100.0
2019-03-29,88,65,73,89,81,0.0
2019-03-30,73,60,45,62,41,0.0
2019-03-31,73,52,44,64,37,0.0
2019-04-01,97,80,72,99,100,
2019-04-02,100,96,73,98,89,
2019-04-03,97,100,58,95,90,
2019-04-04,98,89,62,100,81,
2019-04-05,92,82,80,82,79,
2019-04-06,69,50,78,59,31,
2019-04-07,75,63,71,64,36,
2019-04-08,97,92,72,92,73,
2019-04-09,92,91,100,99,89,
2019-04-10,98,92,54,99,80,
2019-04-11,95,92,88,93,81,
2019-04-12,89,80,53,78,70,
2019-04-13,73,60,55,61,35,
2019-04-14,71,56,66,60,31,
2019-04-15,95,86,88,85,69,
2019-04-16,93,94,44,93,84,
2019-04-17,89,83,87,95,65,
2019-04-18,85,75,39,82,74,
2019-04-19,75,66,91,65,38,
2019-04-20,65,49,83,55,38,
2019-04-21,65,49,58,67,25,
2019-04-22,88,88,43,80,58,
2019-04-23,91,87,40,92,83,
2019-04-24,95,91,70,93,80,
2019-04-25,90,86,48,93,75,
2019-04-26,86,76,87,85,73,
2019-04-27,71,57,45,57,39,
2019-04-28,69,59,45,68,32,
2019-04-29,94,100,75,89,70,
2019-04-30,98,97,63,97,86,
2019-05-01,100,55,20,89,83,0.0
2019-05-02,96,59,44,93,98,0.0
2019-05-03,91,55,33,88,81,0.0
2019-05-04,73,37,50,58,40,0.0
2019-05-05,77,33,49,63,37,0.0
2019-05-06,94,46,25,83,76,0.0
2019-05-07,95,60,72,92,97,0.0
2019-05-08,99,64,42,90,91,0.0
2019-05-09,95,50,64,100,89,0.0
2019-05-10,87,50,50,81,78,0.0
2019-05-11,69,32,30,52,39,0.0
2019-05-12,69,32,37,59,24,0.0
2019-05-13,97,57,70,90,91,0.0
2019-05-14,97,53,41,93,89,0.0
2019-05-15,96,51,32,95,82,0.0
2019-05-16,94,52,61,89,83,0.0
2019-05-17,87,56,40,81,69,0.0
2019-05-18,69,32,47,55,30,0.0
2019-05-19,75,29,36,61,37,0.0
2019-05-20,93,54,35,84,78,0.0
2019-05-21,96,56,22,95,81,0.0
2019-05-22,93,55,53,91,85,0.0
2019-05-23,86,50,58,81,92,0.0
2019-05-24,88,52,37,75,92,0.0
2019-05-25,67,34,100,55,42,0.0
2019-05-26,70,33,58,57,30,0.0
2019-05-27,78,47,51,68,76,0.0
2019-05-28,98,54,40,83,100,100.0
2019-05-29,94,48,31,81,84,0.0
2019-05-30,92,74,38,90,89,0.0
2019-05-31,91,100,46,74,77,0.0
2019-06-01,72,65,40,59,35,0.0
2019-06-02,74,66,53,61,35,0.0
2019-06-03,97,87,69,86,72,0.0
2019-06-04,97,98,66,97,76,0.0
2019-06-05,92,92,65,92,51,0.0
2019-06-06,92,87,79,93,77,0.0
2019-06-07,86,82,50,94,72,0.0
2019-06-08,68,65,71,63,37,0.0
2019-06-09,71,55,55,66,32,0.0
2019-06-10,95,84,64,96,79,0.0
2019-06-11,98,89,69,92,76,0.0
2019-06-12,96,88,57,90,70,0.0
2019-06-13,91,85,48,91,78,0.0
2019-06-14,91,81,67,84,72,0.0
2019-06-15,74,54,65,61,29,0.0
2019-06-16,68,55,84,64,33,0.0
2019-06-17,98,87,88,98,68,100.0
2019-06-18,98,89,61,100,87,0.0
2019-06-19,98,100,70,99,100,0.0
2019-06-20,100,93,80,88,82,0.0
2019-06-21,91,75,46,96,81,0.0
2019-06-22,69,56,66,58,34,0.0
2019-06-23,79,62,46,65,28,0.0
2019-06-24,99,80,84,87,85,0.0
2019-06-25,97,85,66,96,82,0.0
2019-06-26,98,80,100,90,77,0.0
2019-06-27,90,83,34,97,80,0.0
2019-06-28,90,75,60,75,67,0.0
2019-06-29,74,51,76,58,27,0.0
2019-06-30,75,57,71,61,29,0.0
2019-07-01,92,100,88,86,80,97.0
2019-07-02,89,96,47,84,91,0.0
2019-07-03,86,96,88,90,77,0.0
2019-07-04,76,82,100,81,87,0.0
2019-07-05,76,86,65,86,74,0.0
2019-07-06,65,55,91,65,35,0.0
2019-07-07,68,59,79,67,35,0.0
2019-07-08,92,95,74,96,88,97.0
2019-07-09,100,97,35,100,84,0.0
2019-07-10,89,89,35,99,88,0.0
2019-07-11,89,96,87,100,89,0.0
2019-07-12,85,92,69,89,79,0.0
2019-07-13,68,62,86,60,34,0.0
2019-07-14,71,54,60,71,36,0.0
2019-07-15,92,89,70,95,86,0.0
2019-07-16,92,94,75,91,94,0.0
2019-07-17,91,95,75,98,89,0.0
2019-07-18,89,88,69,97,100,0.0
2019-07-19,83,86,90,85,85,0.0
2019-07-20,70,57,78,62,45,0.0
2019-07-21,67,64,63,59,36,0.0
2019-07-22,89,81,45,94,85,0.0
2019-07-23,90,89,71,89,87,0.0
2019-07-24,86,99,77,89,90,100.0
2019-07-25,88,92,79,93,88,0.0
2019-07-26,81,86,56,82,72,0.0
2019-07-27,68,61,99,55,43,0.0
2019-07-28,72,60,67,61,29,0.0
2019-07-29,94,93,59,89,78,0.0
2019-07-30,89,99,81,91,89,0.0
2019-07-31,91,89,90,91,86,0.0
2019-08-01,88,84,69,86,85,95.0
2019-08-02,86,71,58,75,84,100.0
2019-08-03,74,48,85,56,36,0.0
2019-08-04,73,51,59,62,39,0.0
2019-08-05,92,85,98,82,78,0.0
2019-08-06,92,88,46,83,91,0.0
2019-08-07,92,86,88,82,96,95.0
2019-08-08,88,78,47,79,75,0.0
2019-08-09,90,80,82,77,77,0.0
2019-08-10,73,57,92,61,40,0.0
2019-08-11,74,47,38,60,27,0.0
2019-08-12,92,79,55,83,63,0.0
2019-08-13,99,85,78,96,97,0.0
2019-08-14,97,80,75,88,89,0.0
2019-08-15,95,77,70,83,77,0.0
2019-08-16,87,72,100,85,68,0.0
2019-08-17,70,54,26,59,38,0.0
2019-08-18,79,58,68,63,34,0.0
2019-08-19,97,73,59,100,95,0.0
2019-08-20,100,96,54,100,95,0.0
2019-08-21,96,100,86,89,94,0.0
2019-08-22,99,91,92,97,73,0.0
2019-08-23,89,81,76,78,87,0.0
2019-08-24,72,51,84,53,34,0.0
2019-08-25,69,54,53,67,38,0.0
2019-08-26,93,81,59,82,100,93.0
2019-08-27,98,82,54,87,99,0.0
2019-08-28,98,94,67,89,92,91.0
2019-08-29,94,82,89,87,73,0.0
2019-08-30,90,86,50,77,75,0.0
2019-08-31,66,61,76,56,46,0.0
2019-09-01,63,53,71,63,30,0.0
2019-09-02,76,76,65,72,62,0.0
2019-09-03,90,85,77,89,73,0.0
2019-09-04,92,100,57,91,99,0.0
2019-09-05,89,81,77,88,81,0.0
2019-09-06,88,81,55,82,83,0.0
2019-09-07,62,57,72,61,44,100.0
2019-09-08,68,55,71,67,32,0.0
2019-09-09,96,92,86,86,88,0.0
2019-09-10,96,87,76,88,82,0.0
2019-09-11,93,88,96,88,100,0.0
2019-09-12,90,88,82,88,92,0.0
2019-09-13,81,85,59,90,91,0.0
2019-09-14,64,55,72,58,31,0.0
2019-09-15,70,59,55,63,40,0.0
2019-09-16,95,85,100,91,84,0.0
2019-09-17,100,90,76,97,93,0.0
2019-09-18,91,88,71,94,96,0.0
2019-09-19,88,88,71,87,93,86.0
2019-09-20,84,81,94,82,96,0.0
2019-09-21,63,55,81,57,49,0.0
2019-09-22,67,56,75,67,39,0.0
2019-09-23,87,80,60,89,96,83.0
2019-09-24,90,81,61,100,99,0.0
2019-09-25,90,82,65,96,97,0.0
2019-09-26,89,94,73,91,92,0.0
2019-09-27,87,78,60,81,86,0.0
2019-09-28,67,56,89,58,44,0.0
2019-09-29,68,60,54,67,39,0.0
2019-09-30,91,82,71,90,81,0.0
2019-10-01,96,87,56,94,94,0.0
2019-10-02,100,93,68,92,67,0.0
2019-10-03,96,94,41,91,97,0.0
2019-10-04,88,77,39,84,83,0.0
2019-10-05,70,60,73,62,37,0.0
2019-10-06,73,63,53,66,32,0.0
2019-10-07,97,89,53,95,81,0.0
2019-10-08,98,100,54,98,69,0.0
2019-10-09,97,91,51,98,82,0.0
2019-10-10,97,93,38,95,78,0.0
2019-10-11,89,87,100,89,79,0.0
2019-10-12,69,60,69,63,34,0.0
2019-10-13,72,63,61,67,25,0.0
2019-10-14,95,87,51,93,86,0.0
2019-10-15,96,95,62,100,100,0.0
2019-10-16,99,92,66,97,85,0.0
2019-10-17,91,94,66,95,92,0.0
2019-10-18,83,91,52,86,88,0.0
2019-10-19,67,60,50,56,39,0.0
2019-10-20,71,56,53,66,37,0.0
2019-10-21,95,86,71,93,80,0.0
2019-10-22,94,90,54,98,93,93.0
2019-10-23,98,95,66,99,94,0.0
2019-10-24,92,81,52,85,75,0.0
2019-10-25,84,85,42,75,70,100.0
2019-10-26,62,63,54,54,31,0.0
2019-10-27,66,55,67,56,36,0.0
2019-10-28,89,91,82,84,70,93.0
2019-10-29,95,96,44,93,76,0.0
2019-10-30,91,90,34,89,94,0.0
2019-10-31,89,90,48,90,93,0.0
2019-11-01,89,78,74,77,79,0.0
2019-11-02,68,54,74,56,32,0.0
2019-11-03,72,63,80,65,35,0.0
2019-11-04,99,93,38,91,89,0.0
2019-11-05,95,95,60,92,88,0.0
2019-11-06,100,90,71,88,100,0.0
2019-11-07,93,81,58,100,83,0.0
2019-11-08,87,83,87,87,87,0.0
2019-11-09,64,55,65,61,41,0.0
2019-11-10,68,56,61,65,42,0.0
2019-11-11,91,82,75,92,81,0.0
2019-11-12,90,91,64,91,85,94.0
2019-11-13,95,95,58,92,99,96.0
2019-11-14,90,97,37,90,90,0.0
2019-11-15,89,87,60,87,82,0.0
2019-11-16,69,60,54,60,37,0.0
2019-11-17,70,52,58,69,32,0.0
2019-11-18,95,89,61,95,93,0.0
2019-11-19,93,100,52,96,99,0.0
2019-11-20,92,96,90,92,91,0.0
2019-11-21,90,97,52,92,91,0.0
2019-11-22,87,80,60,89,97,100.0
2019-11-23,62,61,80,58,41,0.0
2019-11-24,66,64,76,62,26,0.0
2019-11-25,87,85,71,87,95,95.0
2019-11-26,87,87,44,88,90,0.0
2019-11-27,77,77,61,88,74,0.0
2019-11-28,69,75,100,72,81,0.0
2019-11-29,64,65,77,65,68,0.0
2019-11-30,59,61,65,52,40,0.0
2019-12-01,70,58,70,64,28,97.0
2019-12-02,97,93,61,89,86,0.0
2019-12-03,96,100,59,93,100,0.0
2019-12-04,94,89,36,91,99,0.0
2019-12-05,100,96,57,97,93,0.0
2019-12-06,93,79,49,97,74,0.0
2019-12-07,71,66,42,66,35,0.0
2019-12-08,67,54,42,70,31,0.0
2019-12-09,91,93,43,89,65,0.0
2019-12-10,94,85,54,95,92,0.0
2019-12-11,96,95,70,100,78,0.0
2019-12-12,93,94,54,97,81,0.0
2019-12-13,84,92,100,92,92,91.0
2019-12-14,67,55,57,66,43,0.0
2019-12-15,69,59,38,64,30,0.0
2019-12-16,91,85,85,87,80,0.0
2019-12-17,95,84,70,93,79,0.0
2019-12-18,85,77,39,83,73,0.0
2019-12-19,84,73,58,83,72,0.0
2019-12-20,81,67,64,75,73,0.0
2019-12-21,60,49,54,59,37,0.0
2019-12-22,57,43,61,52,30,0.0
2019-12-23,75,62,57,71,75,94.0
2019-12-24,65,57,58,68,54,0.0
2019-12-25,54,44,58,55,35,0.0
2019-12-26,73,60,55,71,60,0.0
2019-12-27,84,71,61,74,60,0.0
2019-12-28,72,45,54,61,31,0.0
2019-12-29,72,59,68,64,28,100.0
2019-12-30,91,67,70,81,77,0.0
2019-12-31,79,56,69,72,55,0.0
2020-01-01,69,48,80,59,44,0.0
2020-01-02,89,83,55,86,81,0.0
2020-01-03,91,78,76,88,100,0.0
2020-01-04,73,59,99,63,46,0.0
2020-01-05,78,64,51,71,42,0.0
2020-01-06,96,86,66,88,89,100.0
2020-01-07,97,88,90,98,90,0.0
2020-01-08,97,91,85,94,95,0.0
2020-01-09,99,91,81,98,95,0.0
2020-01-10,89,82,70,89,89,0.0
2020-01-11,74,62,64,65,27,0.0
2020-01-12,76,69,54,69,34,0.0
2020-01-13,96,84,41,87,89,0.0
2020-01-14,95,89,89,99,95,0.0
2020-01-15,97,95,71,93,98,0.0
2020-01-16,96,100,100,98,86,0.0
2020-01-17,89,80,66,85,85,0.0
2020-01-18,75,60,82,69,34,0.0
2020-01-19,74,59,44,69,40,0.0
2020-01-20,91,90,73,97,91,98.0
2020-01-21,100,89,84,98,88,0.0
2020-01-22,99,96,68,97,95,97.0
2020-01-23,94,82,52,94,89,0.0
2020-01-24,88,85,78,87,81,0.0
2020-01-25,73,60,77,59,30,0.0
2020-01-26,71,53,35,57,35,0.0
2020-01-27,93,87,66,87,94,0.0
2020-01-28,99,92,67,94,81,0.0
2020-01-29,100,90,79,100,91,0.0
2020-01-30,94,100,64,100,100,0.0
2020-01-31,96,87,78,87,87,0.0
2020-02-01,72,56,49,61,44,0.0
2020-02-02,68,57,48,67,37,0.0
2020-02-03,90,84,53,91,77,0.0
2020-02-04,94,91,50,92,87,0.0
2020-02-05,94,87,30,94,86,0.0
2020-02-06,90,94,66,93,91,0.0
2020-02-07,88,73,52,87,83,100.0
2020-02-08,69,64,28,64,33,0.0
2020-02-09,69,60,39,64,31,0.0
2020-02-10,91,89,61,88,86,0.0
2020-02-11,91,94,71,98,81,0.0
2020-02-12,94,98,67,97,95,0.0
2020-02-13,90,94,35,86,78,0.0
2020-02-14,83,87,60,81,75,0.0
2020-02-15,72,57,45,63,45,0.0
2020-02-16,74,63,47,61,35,0.0
2020-02-17,90,79,37,85,73,0.0
2020-02-18,96,84,41,99,89,0.0
2020-02-19,96,92,67,99,91,95.0
2020-02-20,92,97,49,100,96,94.0
2020-02-21,94,89,60,88,73,0.0
2020-02-22,72,63,41,64,39,0.0
2020-02-23,75,59,38,68,32,0.0
2020-02-24,100,98,44,93,100,94.0
2020-02-25,99,96,71,99,94,0.0
2020-02-26,94,96,74,94,82,0.0
2020-02-27,93,100,100,90,93,0.0
2020-02-28,89,97,70,84,84,0.0
2020-02-29,74,70,49,67,46,0.0
2020-03-01,76,58,45,65,34,0.0
2020-03-02,100,89,73,90,71,0.0
2020-03-03,100,97,100,100,82,98.0
2020-03-04,96,91,93,94,81,97.0
2020-03-05,98,85,58,95,79,100.0
2020-03-06,92,75,73,91,65,0.0
2020-03-07,75,56,58,60,34,0.0
2020-03-08,72,58,42,66,29,0.0
2020-03-09,98,100,80,91,74,0.0
2020-03-10,92,85,57,94,56,0.0
2020-03-11,91,81,70,93,73,0.0
2020-03-12,82,92,75,93,80,0.0
2020-03-13,75,80,55,83,100,0.0
2020-03-14,67,56,38,63,37,0.0
2020-03-15,66,55,46,72,35,0.0
2020-03-16,78,79,79,85,83,0.0
2020-03-17,75,88,49,82,94,0.0
2020-03-18,81,86,64,84,71,0.0
2020-03-19,73,79,56,77,82,0.0
2020-03-20,72,77,72,73,63,0.0
2020-03-21,63,51,56,62,38,0.0
2020-03-22,59,55,51,63,29,0.0
2020-03-23,72,76,93,74,81,90.0
2020-03-24,70,74,48,75,73,94.0
2020-03-25,67,81,83,75,68,0.0
2020-03-26,73,88,73,75,68,0.0
2020-03-27,69,77,66,72,60,0.0
2020-03-28,62,54,29,55,28,0.0
2020-03-29,60,52,47,63,31,0.0
2020-03-30,76,77,47,71,64,92.0
2020-03-31,75,81,56,78,61,0.0
2020-04-01,88,77,100,76,83,0.0
2020-04-02,88,73,80,76,61,0.0
2020-04-03,81,75,45,82,72,88.0
2020-04-04,70,55,68,65,43,0.0
2020-04-05,71,56,18,68,35,100.0
2020-04-06,90,76,71,85,63,0.0
2020-04-07,89,82,49,92,81,0.0
2020-04-08,88,81,73,91,85,88.0
2020-04-09,88,83,92,91,75,0.0
2020-04-10,82,71,66,75,58,0.0
2020-04-11,73,52,32,63,38,0.0
2020-04-12,73,56,79,71,32,0.0
2020-04-13,92,77,87,87,85,0.0
2020-04-14,96,87,76,90,68,0.0
2020-04-15,93,89,60,97,98,0.0
2020-04-16,91,83,72,89,86,0.0
2020-04-17,90,78,66,92,100,0.0
2020-04-18,78,64,73,76,47,0.0
2020-04-19,79,61,64,73,35,0.0
2020-04-20,91,83,86,98,92,0.0
2020-04-21,91,81,71,100,95,0.0
2020-04-22,92,80,64,97,97,0.0
2020-04-23,90,77,43,97,76,0.0
2020-04-24,84,80,90,91,77,0.0
2020-04-25,79,58,73,71,43,0.0
2020-04-26,81,62,64,73,41,99.0
2020-04-27,100,81,73,94,88,0.0
2020-04-28,97,82,52,95,76,0.0
2020-04-29,100,100,64,95,82,0.0
2020-04-30,98,82,57,93,82,0.0
2020-05-01,89,91,65,87,61,0.0
2020-05-02,75,61,76,71,52,0.0
2020-05-03,73,69,28,75,37,0.0
2020-05-04,91,97,74,94,81,0.0
2020-05-05,91,99,53,92,81,0.0
2020-05-06,88,95,45,90,84,0.0
2020-05-07,88,90,62,93,90,0.0
2020-05-08,82,82,67,92,96,0.0
2020-05-09,78,76,66,76,50,0.0
2020-05-10,75,67,58,77,31,0.0
2020-05-11,90,82,71,95,75,0.0
2020-05-12,91,87,92,97,98,64.0
2020-05-13,95,90,61,100,100,0.0
2020-05-14,95,100,50,97,83,0.0
2020-05-15,93,97,74,94,70,100.0
2020-05-16,82,68,58,70,44,0.0
2020-05-17,83,66,33,74,32,38.0
2020-05-18,100,95,55,92,97,0.0
2020-05-19,100,96,100,91,87,32.0
2020-05-20,95,90,69,95,87,0.0
2020-05-21,90,94,52,93,84,0.0
2020-05-22,93,88,81,89,81,67.0
2020-05-23,83,67,54,74,36,0.0
2020-05-24,81,65,42,67,33,0.0
2020-05-25,83,75,62,79,61,0.0
2020-05-26,100,81,76,94,73,0.0
2020-05-27,99,93,45,99,81,0.0
2020-05-28,100,82,89,98,84,0.0
2020-05-29,95,89,71,89,85,0.0
2020-05-30,81,57,50,70,37,38.0
2020-05-31,86,68,59,76,33,0.0
2020-06-01,83,78,56,83,63,0.0
2020-06-02,86,100,70,89,75,94.0
2020-06-03,84,92,50,90,71,0.0
2020-06-04,79,95,52,95,72,0.0
2020-06-05,79,95,83,92,78,0.0
2020-06-06,73,70,40,72,40,0.0
2020-06-07,72,72,51,84,40,0.0
2020-06-08,86,96,100,99,95,89.0
2020-06-09,85,97,47,96,78,88.0
2020-06-10,83,95,62,92,91,0.0
2020-06-11,86,93,42,100,79,0.0
2020-06-12,81,86,56,93,74,100.0
2020-06-13,69,61,69,75,32,0.0
2020-06-14,71,71,48,70,32,0.0
2020-06-15,88,84,54,97,70,0.0
2020-06-16,89,95,58,91,81,0.0
2020-06-17,88,91,60,96,75,96.0
2020-06-18,83,96,63,94,81,0.0
2020-06-19,80,90,47,91,81,0.0
2020-06-20,72,56,59,68,38,0.0
2020-06-21,69,62,62,67,32,0.0
2020-06-22,90,81,61,93,84,0.0
2020-06-23,90,93,70,94,100,0.0
2020-06-24,90,86,56,93,82,0.0
2020-06-25,89,77,52,96,69,0.0
2020-06-26,84,73,47,85,82,0.0
2020-06-27,76,55,79,71,41,0.0
2020-06-28,80,58,48,73,28,0.0
2020-06-29,98,88,71,100,92,99.0
2020-06-30,100,90,49,97,78,0.0
2020-07-01,95,90,61,92,71,0.0
2020-07-02,93,94,51,96,77,0.0
2020-07-03,82,72,53,81,72,0.0
2020-07-04,76,62,55,68,45,0.0
2020-07-05,78,70,32,73,35,0.0
2020-07-06,99,89,65,94,82,0.0
2020-07-07,94,88,54,93,98,0.0
2020-07-08,96,90,52,97,95,0.0
2020-07-09,97,95,45,100,88,0.0
2020-07-10,91,85,51,88,82,0.0
2020-07-11,80,60,64,71,45,0.0
2020-07-12,80,66,100,75,38,0.0
2020-07-13,92,90,48,96,84,0.0
2020-07-14,100,88,63,89,84,86.0
2020-07-15,95,91,77,96,99,0.0
2020-07-16,90,95,64,98,92,88.0
2020-07-17,85,100,85,89,71,0.0
2020-07-18,77,67,24,72,41,0.0
2020-07-19,75,68,56,68,42,0.0
2020-07-20,93,81,91,87,82,86.0
2020-07-21,95,96,79,97,90,89.0
2020-07-22,91,92,42,100,98,0.0
2020-07-23,92,92,89,95,89,88.0
2020-07-24,87,86,59,83,78,0.0
2020-07-25,72,66,45,65,41,0.0
2020-07-26,78,62,44,71,36,100.0
2020-07-27,97,84,53,90,89,0.0
2020-07-28,93,91,49,96,92,0.0
2020-07-29,93,88,79,92,87,0.0
2020-07-30,93,95,64,93,100,0.0
2020-07-31,84,91,72,86,67,0.0
2020-08-01,76,62,56,63,35,0.0
2020-08-02,76,68,83,63,47,0.0
2020-08-03,93,84,74,82,79,0.0
2020-08-04,94,88,95,94,83,0.0
2020-08-05,91,82,39,85,88,0.0
2020-08-06,95,91,52,100,91,0.0
2020-08-07,85,79,82,74,74,0.0
2020-08-08,76,61,41,65,49,0.0
2020-08-09,78,64,56,61,39,0.0
2020-08-10,97,86,64,87,84,0.0
2020-08-11,97,85,71,88,96,0.0
2020-08-12,92,92,63,84,89,0.0
2020-08-13,95,83,68,93,91,0.0
2020-08-14,88,80,98,75,73,90.0
2020-08-15,76,56,100,61,43,0.0
2020-08-16,80,65,82,68,36,100.0
2020-08-17,95,83,88,85,85,0.0
2020-08-18,96,92,75,83,87,0.0
2020-08-19,95,89,87,90,88,0.0
2020-08-20,92,88,77,96,87,0.0
2020-08-21,90,83,57,74,83,0.0
2020-08-22,76,63,37,61,43,0.0
2020-08-23,78,58,50,64,40,0.0
2020-08-24,97,83,78,85,88,86.0
2020-08-25,95,93,62,85,100,0.0
2020-08-26,94,86,48,87,89,0.0
2020-08-27,100,93,95,91,91,0.0
2020-08-28,92,85,45,82,85,0.0
2020-08-29,76,64,49,66,57,0.0
2020-08-30,79,70,72,70,38,0.0
2020-08-31,95,100,81,84,91,85.0
2020-09-01,96,92,53,97,87,0.0
2020-09-02,100,100,82,98,85,0.0
2020-09-03,94,97,45,95,85,0.0
2020-09-04,87,80,66,86,75,90.0
2020-09-05,74,63,52,67,35,100.0
2020-09-06,71,61,43,67,34,100.0
2020-09-07,81,74,38,88,73,0.0
2020-09-08,95,86,70,94,85,0.0
2020-09-09,97,79,100,93,91,0.0
2020-09-10,93,88,48,95,90,0.0
2020-09-11,90,86,27,82,76,0.0
2020-09-12,73,60,47,67,39,0.0
2020-09-13,76,65,43,71,42,100.0
2020-09-14,97,93,74,93,89,0.0
2020-09-15,93,97,52,95,85,86.0
2020-09-16,97,84,38,100,85,0.0
2020-09-17,93,96,52,94,83,0.0
2020-09-18,96,86,42,82,88,0.0
2020-09-19,72,61,34,63,43,0.0
2020-09-20,73,63,34,66,40,0.0
2020-09-21,93,86,51,91,100,0.0
2020-09-22,93,86,72,92,92,0.0
2020-09-23,92,85,66,96,87,0.0
2020-09-24,91,95,63,95,82,0.0
2020-09-25,87,80,51,73,71,0.0
2020-09-26,70,62,48,61,39,0.0
2020-09-27,72,59,47,60,31,0.0
2020-09-28,93,78,42,89,85,0.0
2020-09-29,93,88,72,88,87,0.0
2020-09-30,90,93,67,88,86,0.0
2020-10-01,95,97,91,89,82,0.0
2020-10-02,89,89,86,80,49,0.0
2020-10-03,75,67,78,66,30,0.0
2020-10-04,72,69,54,70,36,0.0
2020-10-05,100,97,77,95,85,0.0
2020-10-06,94,100,96,98,100,0.0
2020-10-07,97,89,53,92,92,100.0
2020-10-08,95,98,97,100,88,0.0
2020-10-09,89,80,84,85,73,0.0
2020-10-10,75,70,81,63,42,0.0
2020-10-11,74,65,63,72,42,0.0
2020-10-12,92,87,15,87,81,0.0
2020-10-13,92,93,71,91,90,0.0
2020-10-14,91,85,91,90,77,0.0
2020-10-15,88,91,92,98,85,0.0
2020-10-16,85,82,100,91,80,0.0
2020-10-17,68,66,75,63,35,0.0
2020-10-18,74,65,76,71,37,0.0
2020-10-19,90,89,81,95,84,0.0
2020-10-20,92,88,56,95,85,0.0
2020-10-21,87,90,81,92,81,0.0
2020-10-22,90,86,72,98,84,0.0
2020-10-23,81,74,96,83,70,0.0
2020-10-24,67,61,91,65,30,0.0
2020-10-25,66,64,51,62,28,0.0
2020-10-26,86,83,81,86,67,0.0
2020-10-27,89,93,56,95,89,0.0
2020-10-28,87,95,60,93,78,0.0
2020-10-29,90,98,56,91,74,0.0
2020-10-30,82,82,95,82,84,0.0
2020-10-31,63,56,51,62,35,0.0
2020-11-01,74,56,53,60,33,0.0
2020-11-02,100,88,48,92,82,0.0
2020-11-03,93,86,82,85,74,99.0
2020-11-04,74,75,25,70,71,0.0
2020-11-05,87,87,52,83,82,0.0
2020-11-06,84,76,56,80,67,0.0
2020-11-07,73,63,50,67,36,0.0
2020-11-08,77,69,48,65,38,0.0
2020-11-09,95,100,46,95,77,0.0
2020-11-10,98,99,61,96,81,0.0
2020-11-11,95,92,43,92,98,100.0
2020-11-12,94,97,69,91,88,0.0
2020-11-13,89,81,42,92,82,0.0
2020-11-14,70,61,37,63,36,0.0
2020-11-15,77,70,28,73,34,0.0
2020-11-16,100,88,54,91,81,0.0
2020-11-17,100,95,61,100,99,0.0
2020-11-18,100,100,66,96,92,0.0
2020-11-19,95,98,81,99,100,0.0
2020-11-20,87,88,56,84,89,0.0
2020-11-21,75,63,41,60,41,0.0
2020-11-22,78,63,32,70,39,0.0
2020-11-23,92,94,48,97,97,0.0
2020-11-24,91,95,65,96,99,0.0
2020-11-25,82,90,83,87,91,100.0
2020-11-26,73,85,33,82,76,0.0
2020-11-27,73,82,62,76,84,0.0
2020-11-28,72,64,40,60,51,0.0
2020-11-29,70,62,27,62,33,0.0
2020-11-30,92,91,100,86,78,0.0
2020-12-01,100,93,98,90,78,0.0
2020-12-02,99,96,62,92,85,0.0
2020-12-03,98,89,50,90,90,0.0
2020-12-04,96,93,78,89,92,92.0
2020-12-05,76,67,50,72,45,0.0
2020-12-06,77,63,40,70,26,0.0
2020-12-07,99,92,76,89,85,0.0
2020-12-08,96,81,79,93,85,0.0
2020-12-09,97,100,94,96,100,0.0
2020-12-10,97,97,54,92,98,0.0
2020-12-11,92,80,47,89,84,0.0
2020-12-12,76,63,50,68,38,0.0
2020-12-13,78,63,60,67,39,100.0
2020-12-14,98,88,45,88,78,0.0
2020-12-15,98,93,59,100,99,0.0
2020-12-16,94,84,100,94,83,0.0
2020-12-17,93,88,82,91,78,0.0
2020-12-18,89,81,92,87,79,0.0
2020-12-19,71,65,78,66,41,0.0
2020-12-20,71,57,47,63,34,0.0
2020-12-21,87,74,81,81,79,0.0
2020-12-22,88,69,95,86,79,0.0
2020-12-23,80,76,44,81,86,0.0
2020-12-24,67,59,85,73,73,0.0
2020-12-25,55,48,57,56,37,0.0
2020-12-26,71,52,37,65,39,0.0
2020-12-27,77,56,35,73,38,0.0
2020-12-28,93,70,61,83,75,0.0
2020-12-29,93,75,57,94,83,0.0
2020-12-30,90,83,58,87,77,0.0
2020-12-31,80,68,57,76,61,0.0
2021-01-01,71,54,41,54,50,0.0
2021-01-02,77,59,46,60,36,0.0
2021-01-03,83,64,37,67,39,100.0
2021-01-04,95,83,53,79,82,0.0
2021-01-05,94,87,78,76,87,0.0
2021-01-06,92,86,52,79,83,0.0
2021-01-07,91,83,33,81,84,0.0
2021-01-08,92,85,76,80,87,0.0
2021-01-09,83,71,44,65,43,0.0
2021-01-10,81,70,24,60,38,0.0
2021-01-11,96,83,68,85,79,0.0
2021-01-12,91,92,44,84,82,0.0
2021-01-13,97,88,56,81,93,0.0
2021-01-14,94,91,53,81,76,0.0
2021-01-15,92,88,61,80,74,0.0
2021-01-16,81,67,29,64,44,0.0
2021-01-17,78,60,36,61,31,0.0
2021-01-18,93,75,45,79,78,0.0
2021-01-19,99,93,73,80,87,0.0
2021-01-20,95,91,54,80,86,0.0
2021-01-21,97,87,70,84,89,0.0
2021-01-22,99,88,100,81,79,0.0
2021-01-23,81,62,79,60,39,0.0
2021-01-24,80,56,50,66,34,0.0
2021-01-25,99,88,80,91,85,88.0
2021-01-26,97,100,81,77,76,0.0
2021-01-27,99,86,66,86,92,0.0
2021-01-28,100,94,52,100,100,91.0
2021-01-29,95,87,50,98,97,0.0
2021-01-30,82,68,79,69,43,0.0
2021-01-31,83,73,83,67,45,0.0
2021-02-01,100,92,67,93,86,0.0
2021-02-02,97,89,49,93,93,0.0
2021-02-03,95,97,53,98,87,0.0
2021-02-04,100,98,43,91,81,0.0
2021-02-05,89,85,73,87,90,0.0
2021-02-06,81,68,66,71,37,0.0
2021-02-07,77,69,31,67,33,0.0
2021-02-08,91,91,56,95,94,0.0
2021-02-09,98,92,49,100,88,0.0
2021-02-10,94,87,77,99,93,0.0
2021-02-11,91,84,100,96,78,0.0
2021-02-12,86,85,60,79,74,0.0
2021-02-13,75,62,59,69,34,0.0
2021-02-14,74,57,71,66,41,0.0
2021-02-15,94,83,65,87,68,0.0
2021-02-16,94,89,78,94,78,0.0
2021-02-17,92,100,86,88,89,0.0
2021-02-18,91,89,82,86,92,97.0
2021-02-19,91,90,88,85,74,100.0
2021-02-20,78,77,52,67,37,0.0
2021-02-21,83,63,40,67,45,0.0
2021-02-22,93,89,58,92,86,0.0
2021-02-23,97,88,35,93,100,0.0
2021-02-24,98,93,35,96,88,0.0
2021-02-25,99,86,43,89,81,0.0
2021-02-26,95,81,55,78,86,0.0
2021-02-27,84,66,60,65,39,0.0
2021-02-28,82,69,59,68,47,0.0
2021-03-01,96,89,42,100,100,0.0
2021-03-02,95,96,45,91,90,85.0
2021-03-03,100,93,56,99,81,85.0
2021-03-04,96,100,81,93,91,86.0
2021-03-05,92,99,83,80,92,0.0
2021-03-06,79,63,39,65,44,0.0
2021-03-07,78,58,88,67,35,0.0
2021-03-08,92,93,74,92,83,0.0
2021-03-09,100,93,88,85,88,0.0
2021-03-10,97,89,100,94,87,0.0
2021-03-11,95,88,80,93,59,0.0
2021-03-12,92,90,55,81,89,89.0
2021-03-13,84,67,36,69,41,97.0
2021-03-14,78,62,53,73,39,0.0
2021-03-15,90,86,60,86,76,0.0
2021-03-16,95,92,54,90,81,0.0
2021-03-17,90,99,76,97,89,0.0
2021-03-18,89,85,67,85,83,0.0
2021-03-19,87,93,76,79,88,0.0
2021-03-20,80,59,44,65,41,0.0
2021-03-21,77,65,48,65,36,0.0
2021-03-22,98,94,67,97,85,0.0
2021-03-23,99,77,69,91,86,0.0
2021-03-24,96,97,60,100,77,0.0
2021-03-25,97,90,78,92,94,0.0
2021-03-26,90,83,77,79,86,0.0
2021-03-27,78,60,98,65,38,100.0
2021-03-28,77,63,77,62,34,0.0
2021-03-29,91,84,51,80,64,0.0
2021-03-30,97,100,62,93,91,0.0
2021-03-31,99,90,56,98,98,0.0
2021-04-01,94,90,38,81,97,0.0
2021-04-02,78,78,63,66,55,0.0
2021-04-03,75,57,76,59,30,0.0
2021-04-04,74,59,81,60,43,0.0
2021-04-05,97,80,71,84,83,0.0
2021-04-06,99,93,63,83,71,0.0
2021-04-07,100,82,43,81,98,0.0
2021-04-08,94,74,52,83,83,0.0
2021-04-09,89,85,48,79,84,0.0
2021-04-10,77,70,66,64,38,0.0
2021-04-11,76,66,76,64,34,0.0
2021-04-12,97,91,64,85,79,0.0
2021-04-13,90,87,68,82,91,0.0
2021-04-14,92,96,39,94,67,0.0
2021-04-15,92,100,84,90,79,0.0
2021-04-16,88,82,100,90,92,0.0
2021-04-17,72,72,31,67,38,0.0
2021-04-18,75,72,99,68,40,0.0
2021-04-19,93,89,56,100,79,100.0
2021-04-20,93,97,55,92,81,0.0
2021-04-21,91,97,52,89,66,0.0
2021-04-22,90,89,64,96,81,0.0
2021-04-23,83,88,67,84,84,0.0
2021-04-24,72,68,54,63,50,0.0
2021-04-25,72,58,80,61,49,0.0
2021-04-26,91,99,95,87,89,0.0
2021-04-27,96,96,56,85,89,0.0
2021-04-28,93,99,51,89,100,0.0
2021-04-29,94,98,75,83,79,0.0
2021-04-30,88,83,61,80,79,0.0
2021-05-01,72,69,63,69,39,0.0
2021-05-02,73,73,59,61,36,0.0
2021-05-03,99,88,59,89,81,0.0
2021-05-04,97,100,55,100,96,0.0
2021-05-05,97,100,38,99,85,0.0
2021-05-06,96,94,60,97,85,0.0
2021-05-07,92,90,68,93,84,0.0
2021-05-08,81,70,47,77,44,0.0
2021-05-09,74,64,44,69,36,0.0
2021-05-10,100,93,60,96,95,0.0
2021-05-11,94,95,58,97,89,0.0
2021-05-12,93,98,44,97,81,0.0
2021-05-13,92,94,40,86,62,0.0
2021-05-14,93,81,57,86,78,0.0
2021-05-15,74,67,41,67,37,0.0
2021-05-16,76,62,33,74,37,0.0
2021-05-17,99,97,48,95,81,0.0
2021-05-18,94,95,50,95,100,0.0
2021-05-19,92,97,49,100,83,0.0
2021-05-20,94,91,54,87,87,99.0
2021-05-21,85,88,52,85,82,0.0
2021-05-22,72,61,81,67,46,0.0
2021-05-23,75,64,27,75,39,0.0
2021-05-24,96,85,63,89,91,0.0
2021-05-25,97,93,100,92,96,100.0
2021-05-26,93,96,39,93,95,0.0
2021-05-27,91,79,56,86,99,0.0
2021-05-28,85,80,53,76,86,0.0
2021-05-29,73,67,37,69,51,0.0
2021-05-30,74,66,52,64,43,0.0
2021-05-31,81,78,40,77,90,0.0
2021-06-01,92,78,95,87,82,0.0
2021-06-02,95,100,74,100,95,0.0
2021-06-03,93,91,63,93,92,0.0
2021-06-04,89,86,86,84,78,0.0
2021-06-05,76,67,71,63,39,0.0
2021-06-06,74,65,73,65,51,0.0
2021-06-07,90,90,59,91,88,0.0
2021-06-08,90,85,66,95,91,0.0
2021-06-09,92,94,74,91,85,0.0
2021-06-10,92,99,55,92,100,0.0
2021-06-11,88,83,53,90,87,0.0
2021-06-12,69,66,41,72,46,0.0
2021-06-13,74,66,40,69,44,0.0
2021-06-14,89,81,100,84,85,0.0
2021-06-15,91,79,76,89,90,0.0
2021-06-16,86,85,52,88,83,0.0
2021-06-17,92,86,41,92,88,0.0
2021-06-18,87,84,62,84,77,0.0
2021-06-19,73,56,41,65,44,0.0
2021-06-20,70,60,24,65,37,58.0
2021-06-21,92,87,49,96,88,0.0
2021-06-22,95,93,29,93,86,0.0
2021-06-23,90,92,33,92,85,100.0
2021-06-24,91,85,24,88,79,0.0
2021-06-25,88,84,54,85,86,0.0
2021-06-26,76,66,69,71,43,0.0
2021-06-27,77,61,38,65,39,0.0
2021-06-28,92,86,29,87,88,0.0
2021-06-29,93,81,47,81,72,0.0
2021-06-30,100,97,56,96,86,0.0
