Date,Legal & General,assurance,insurance,business,pensions,investment
2017-01-01,0,36,42,47,42,46
2017-01-02,63,73,66,62,67,63
2017-01-03,30,87,95,83,87,77
2017-01-04,60,85,99,89,95,83
2017-01-05,15,85,96,90,75,89
2017-01-06,79,83,85,78,71,82
2017-01-07,33,53,60,56,41,58
2017-01-08,17,46,53,61,44,58
2017-01-09,59,89,90,88,74,87
2017-01-10,73,93,90,92,96,89
2017-01-11,29,86,89,92,65,90
2017-01-12,0,87,90,94,90,93
2017-01-13,15,73,88,80,74,78
2017-01-14,34,54,65,58,63,51
2017-01-15,0,50,59,62,38,58
2017-01-16,15,83,87,88,85,84
2017-01-17,72,82,95,96,87,93
2017-01-18,57,86,92,98,100,95
2017-01-19,14,84,89,95,96,98
2017-01-20,30,68,85,82,94,89
2017-01-21,0,48,64,57,37,54
2017-01-22,0,56,60,61,45,62
2017-01-23,71,80,97,92,78,89
2017-01-24,57,100,92,95,90,100
2017-01-25,86,84,88,93,92,89
2017-01-26,72,77,87,86,86,82
2017-01-27,46,72,94,85,82,89
2017-01-28,17,55,62,60,37,56
2017-01-29,0,42,59,65,50,61
2017-01-30,99,85,96,95,88,88
2017-01-31,100,81,100,100,99,98
2017-02-01,100,88,91,95,83,90
2017-02-02,45,86,89,96,84,84
2017-02-03,61,81,83,85,78,83
2017-02-04,0,57,62,61,22,63
2017-02-05,0,57,57,63,41,62
2017-02-06,0,96,90,90,74,89
2017-02-07,58,92,90,100,92,85
2017-02-08,29,94,87,93,85,91
2017-02-09,30,81,85,94,77,82
2017-02-10,45,81,82,83,60,77
2017-02-11,17,53,59,58,39,57
2017-02-12,0,52,50,62,39,64
2017-02-13,58,90,90,90,82,89
2017-02-14,44,85,84,90,81,90
2017-02-15,30,91,86,93,86,100
2017-02-16,59,78,89,96,100,98
2017-02-17,0,81,81,86,69,83
2017-02-18,50,55,59,60,46,57
2017-02-19,0,59,53,65,35,59
2017-02-20,30,92,84,93,74,89
2017-02-21,58,93,89,100,83,92
2017-02-22,44,88,89,99,97,98
2017-02-23,29,86,93,92,81,88
2017-02-24,77,87,88,83,66,81
2017-02-25,34,64,63,61,37,57
2017-02-26,16,55,57,67,35,63
2017-02-27,72,100,100,98,83,94
2017-02-28,29,93,99,97,76,94
2017-03-01,77,84,93,96,74,88
2017-03-02,97,100,90,94,83,92
2017-03-03,20,84,87,85,56,80
2017-03-04,0,60,62,58,34,59
2017-03-05,23,59,60,66,35,70
2017-03-06,95,90,100,99,71,85
2017-03-07,94,87,100,99,78,95
2017-03-08,79,89,97,97,100,93
2017-03-09,59,91,93,95,69,88
2017-03-10,41,85,89,87,73,81
2017-03-11,0,52,62,59,41,53
2017-03-12,21,50,55,63,37,56
2017-03-13,19,95,92,96,69,88
2017-03-14,78,89,94,99,71,84
2017-03-15,0,80,93,95,79,90
2017-03-16,100,83,91,93,65,87
2017-03-17,42,78,81,81,62,82
2017-03-18,69,62,60,60,37,56
2017-03-19,0,52,50,62,37,62
2017-03-20,80,100,96,100,64,97
2017-03-21,40,96,95,99,65,92
2017-03-22,39,93,88,95,62,100
2017-03-23,40,84,87,90,56,89
2017-03-24,41,84,83,84,49,79
2017-03-25,47,61,61,59,28,57
2017-03-26,0,48,57,63,23,65
2017-03-27,20,86,93,96,73,89
2017-03-28,100,94,95,95,61,98
2017-03-29,60,93,90,96,66,87
2017-03-30,81,81,91,91,64,89
2017-03-31,41,82,82,79,57,75
2017-04-01,29,58,59,60,49,53
2017-04-02,29,50,53,63,57,60
2017-04-03,37,95,96,96,87,91
2017-04-04,100,92,95,100,78,94
2017-04-05,25,85,93,98,74,100
2017-04-06,63,87,90,97,81,95
2017-04-07,39,82,85,85,80,78
2017-04-08,29,53,56,60,28,59
2017-04-09,15,45,55,61,44,63
2017-04-10,25,92,100,95,72,97
2017-04-11,13,90,93,96,77,95
2017-04-12,25,81,88,95,97,89
2017-04-13,13,100,86,89,92,86
2017-04-14,0,71,76,73,52,66
2017-04-15,0,49,54,57,28,51
2017-04-16,0,40,51,57,54,60
2017-04-17,13,53,84,83,51,83
2017-04-18,49,87,91,96,93,95
2017-04-19,49,91,91,95,78,87
2017-04-20,37,86,89,93,99,98
2017-04-21,13,82,84,83,88,77
2017-04-22,0,57,57,59,41,48
2017-04-23,0,47,50,60,46,64
2017-04-24,12,87,97,97,94,96
2017-04-25,37,88,92,97,100,88
2017-04-26,36,87,94,97,93,89
2017-04-27,50,76,88,93,87,90
2017-04-28,0,75,81,81,94,81
2017-04-29,0,51,57,57,42,54
2017-04-30,0,42,54,61,49,56
2017-05-01,61,65,91,92,53,85
2017-05-02,75,95,93,97,90,97
2017-05-03,56,100,93,98,85,93
2017-05-04,19,87,92,93,96,96
2017-05-05,20,82,88,86,93,84
2017-05-06,22,58,63,61,51,57
2017-05-07,22,43,55,63,48,63
2017-05-08,19,74,100,98,89,91
2017-05-09,19,93,89,100,100,100
2017-05-10,19,90,89,93,94,93
2017-05-11,77,93,88,94,90,96
2017-05-12,40,81,81,84,87,83
2017-05-13,0,58,58,56,43,55
2017-05-14,0,47,51,59,39,57
2017-05-15,20,99,96,94,87,90
2017-05-16,100,89,92,90,93,92
2017-05-17,80,88,95,90,88,93
2017-05-18,60,85,88,90,95,87
2017-05-19,84,82,84,82,62,83
2017-05-20,23,53,56,56,61,59
2017-05-21,0,46,51,56,62,58
2017-05-22,20,86,92,88,85,85
2017-05-23,98,88,87,91,79,86
2017-05-24,41,83,85,90,77,86
2017-05-25,0,63,88,84,66,84
2017-05-26,22,65,83,76,82,72
2017-05-27,0,48,58,55,27,50
2017-05-28,24,42,47,55,38,53
2017-05-29,0,93,66,74,48,75
2017-05-30,40,91,96,89,90,82
2017-05-31,20,94,94,87,97,92
2017-06-01,14,84,94,94,90,87
2017-06-02,100,88,87,84,80,83
2017-06-03,16,58,63,60,42,58
2017-06-04,0,41,56,62,48,60
2017-06-05,27,70,99,92,100,95
2017-06-06,39,98,93,97,96,93
2017-06-07,40,85,87,97,85,90
2017-06-08,26,83,86,94,77,83
2017-06-09,42,87,85,88,78,82
2017-06-10,16,56,60,61,24,56
2017-06-11,0,53,55,65,48,62
2017-06-12,53,99,100,97,95,100
2017-06-13,52,97,94,95,98,98
2017-06-14,0,91,92,93,88,91
2017-06-15,14,92,90,92,58,88
2017-06-16,56,78,83,83,72,81
2017-06-17,0,57,57,60,38,61
2017-06-18,16,54,52,59,24,68
2017-06-19,27,92,92,97,82,96
2017-06-20,13,93,96,100,73,96
2017-06-21,39,88,87,95,70,93
2017-06-22,13,79,90,95,60,97
2017-06-23,54,89,86,86,87,75
2017-06-24,16,52,58,58,44,54
2017-06-25,16,57,58,64,35,56
2017-06-26,28,100,96,94,86,85
2017-06-27,14,88,97,96,72,93
2017-06-28,56,97,97,96,86,98
2017-06-29,28,92,90,92,98,89
2017-06-30,57,87,90,81,80,87
2017-07-01,0,56,58,56,35,54
2017-07-02,0,51,53,60,23,53
2017-07-03,75,90,87,84,60,79
2017-07-04,100,91,69,78,58,80
2017-07-05,25,86,95,94,68,98
2017-07-06,74,88,93,93,65,98
2017-07-07,26,89,94,88,49,85
2017-07-08,0,51,61,62,28,58
2017-07-09,0,46,57,64,32,65
2017-07-10,72,97,98,96,46,92
2017-07-11,24,100,95,98,55,100
2017-07-12,24,90,95,99,54,91
2017-07-13,73,75,90,94,64,88
2017-07-14,75,57,88,86,60,92
2017-07-15,0,51,59,61,21,59
2017-07-16,84,47,54,61,22,60
2017-07-17,48,89,93,94,40,96
2017-07-18,73,94,94,98,52,89
2017-07-19,49,82,94,100,100,92
2017-07-20,49,93,90,96,66,99
2017-07-21,25,81,85,85,56,85
2017-07-22,85,50,60,61,42,65
2017-07-23,28,45,53,60,31,59
2017-07-24,47,79,94,91,73,93
2017-07-25,48,89,94,98,65,100
2017-07-26,24,85,94,94,75,100
2017-07-27,49,84,96,97,66,96
2017-07-28,99,77,88,86,49,89
2017-07-29,0,48,61,61,39,57
2017-07-30,56,48,54,59,22,61
2017-07-31,47,82,100,93,62,93
2017-08-01,58,90,98,98,80,98
2017-08-02,28,96,100,99,100,100
2017-08-03,72,83,94,96,80,96
2017-08-04,15,82,89,85,74,91
2017-08-05,35,57,64,60,38,60
2017-08-06,0,43,54,61,45,69
2017-08-07,29,88,97,94,84,95
2017-08-08,42,90,96,97,65,99
2017-08-09,87,91,91,92,81,92
2017-08-10,15,85,94,97,75,97
2017-08-11,46,74,90,85,77,86
2017-08-12,0,52,63,59,36,64
2017-08-13,17,44,52,59,38,61
2017-08-14,15,70,94,90,57,86
2017-08-15,0,62,94,98,77,95
2017-08-16,74,87,90,94,93,90
2017-08-17,89,81,93,94,71,91
2017-08-18,30,76,83,86,55,84
2017-08-19,0,49,57,58,59,63
2017-08-20,0,45,49,61,35,65
2017-08-21,43,83,90,95,78,90
2017-08-22,57,80,93,100,97,100
2017-08-23,59,84,88,98,76,97
2017-08-24,30,89,89,96,72,95
2017-08-25,15,79,80,82,67,74
2017-08-26,0,51,55,59,32,53
2017-08-27,0,44,47,58,27,64
2017-08-28,0,92,90,91,58,88
2017-08-29,100,91,98,98,78,95
2017-08-30,15,100,98,100,80,100
2017-08-31,44,92,93,96,81,94
2017-09-01,40,69,87,77,74,71
2017-09-02,0,48,63,53,39,54
2017-09-03,0,47,56,60,44,54
2017-09-04,26,92,71,77,80,69
2017-09-05,25,97,100,92,77,80
2017-09-06,49,91,97,97,99,85
2017-09-07,26,100,98,97,88,89
2017-09-08,13,81,88,87,98,82
2017-09-09,0,55,59,55,42,54
2017-09-10,0,47,61,62,44,59
2017-09-11,12,88,97,99,73,78
2017-09-12,61,92,91,95,77,90
2017-09-13,37,84,93,96,93,91
2017-09-14,62,91,87,95,85,86
2017-09-15,13,80,89,84,86,74
2017-09-16,0,46,59,59,47,55
2017-09-17,0,48,51,59,41,59
2017-09-18,50,93,93,97,81,93
2017-09-19,25,86,94,100,82,93
2017-09-20,49,86,93,96,100,88
2017-09-21,13,79,93,92,83,81
2017-09-22,26,78,87,89,86,76
2017-09-23,29,51,60,57,48,59
2017-09-24,0,42,52,62,39,57
2017-09-25,25,93,90,96,96,90
2017-09-26,73,91,88,94,83,100
2017-09-27,37,81,91,95,91,85
2017-09-28,100,90,88,95,82,85
2017-09-29,40,84,85,85,86,76
2017-09-30,15,56,56,54,52,49
2017-10-01,0,56,52,60,30,56
2017-10-02,0,94,89,90,90,80
2017-10-03,64,100,100,98,75,91
2017-10-04,13,93,93,95,65,88
2017-10-05,39,94,94,92,56,84
2017-10-06,40,87,86,86,72,83
2017-10-07,15,58,62,59,30,55
2017-10-08,15,52,60,65,45,67
2017-10-09,63,85,92,94,79,91
2017-10-10,100,95,95,98,91,97
2017-10-11,38,94,96,95,79,89
2017-10-12,26,98,92,98,84,94
2017-10-13,53,92,91,86,70,82
2017-10-14,0,56,60,60,35,57
2017-10-15,15,52,62,63,50,67
2017-10-16,26,98,100,98,100,98
2017-10-17,38,92,91,94,72,94
2017-10-18,26,81,89,96,83,88
2017-10-19,26,92,91,95,85,87
2017-10-20,53,90,78,81,75,77
2017-10-21,0,55,62,59,26,57
2017-10-22,14,54,53,62,43,59
2017-10-23,74,97,93,94,69,91
2017-10-24,13,90,95,100,66,94
2017-10-25,0,85,91,94,100,100
2017-10-26,26,91,90,95,69,88
2017-10-27,40,85,86,86,62,76
2017-10-28,15,52,58,55,38,58
2017-10-29,0,54,52,63,45,60
2017-10-30,25,94,96,92,65,97
2017-10-31,13,85,90,98,66,93
2017-11-01,100,70,97,96,67,98
2017-11-02,40,100,100,96,62,100
2017-11-03,40,97,91,86,78,85
2017-11-04,22,55,62,63,29,57
2017-11-05,21,55,58,62,31,65
2017-11-06,76,97,99,98,63,93
2017-11-07,0,100,93,97,100,94
2017-11-08,38,94,95,98,77,96
2017-11-09,57,90,92,94,56,92
2017-11-10,79,87,84,83,51,82
2017-11-11,44,55,59,57,23,56
2017-11-12,0,52,61,65,34,63
2017-11-13,19,98,100,93,63,92
2017-11-14,38,93,93,100,70,95
2017-11-15,56,96,92,97,65,91
2017-11-16,19,85,89,94,56,89
2017-11-17,20,78,86,84,69,81
2017-11-18,22,60,57,57,29,57
2017-11-19,43,57,50,60,28,60
2017-11-20,57,97,90,90,65,91
2017-11-21,56,94,87,94,74,93
2017-11-22,76,85,81,85,84,83
2017-11-23,59,86,58,72,56,75
2017-11-24,78,82,57,65,44,64
2017-11-25,0,53,50,58,30,54
2017-11-26,43,48,50,62,33,63
2017-11-27,37,91,92,89,61,93
2017-11-28,18,92,91,94,74,92
2017-11-29,57,96,87,96,61,99
2017-11-30,57,85,87,92,55,97
2017-12-01,34,79,90,84,79,72
2017-12-02,19,52,61,60,40,55
2017-12-03,19,55,55,66,34,61
2017-12-04,32,88,99,98,97,90
2017-12-05,65,96,99,100,100,89
2017-12-06,83,90,96,98,90,95
2017-12-07,100,93,93,98,87,93
2017-12-08,34,82,85,82,60,82
2017-12-09,19,51,60,60,43,60
2017-12-10,19,58,61,63,44,60
2017-12-11,81,89,100,95,86,100
2017-12-12,32,88,96,95,85,96
2017-12-13,32,92,94,97,94,91
2017-12-14,17,87,90,91,88,83
2017-12-15,52,85,93,81,69,77
2017-12-16,38,61,59,55,57,52
2017-12-17,0,50,50,57,53,62
2017-12-18,33,86,89,87,97,83
2017-12-19,17,91,89,91,82,94
2017-12-20,17,78,87,89,91,83
2017-12-21,53,80,83,84,79,75
2017-12-22,0,78,75,69,65,71
2017-12-23,0,48,51,52,39,52
2017-12-24,0,35,37,44,39,44
2017-12-25,0,37,34,46,22,52
2017-12-26,0,75,69,59,29,58
2017-12-27,54,84,87,72,67,72
2017-12-28,36,100,86,72,68,79
2017-12-29,37,80,84,67,66,64
2017-12-30,0,52,58,53,53,50
2017-12-31,41,36,48,50,53,53
2018-01-01,0,46,47,49,37,56
2018-01-02,12,80,90,80,93,84
2018-01-03,12,93,92,87,83,94
2018-01-04,46,95,85,88,70,93
2018-01-05,48,86,88,82,75,91
2018-01-06,13,58,61,61,36,59
2018-01-07,13,55,55,59,53,69
2018-01-08,34,95,90,90,100,96
2018-01-09,45,100,88,95,99,97
2018-01-10,46,94,89,95,89,96
2018-01-11,45,87,88,95,89,98
2018-01-12,23,85,80,86,74,90
2018-01-13,13,58,57,58,34,58
2018-01-14,13,55,56,59,43,62
2018-01-15,11,96,81,89,75,89
2018-01-16,56,96,87,93,62,100
2018-01-17,100,92,82,91,80,99
2018-01-18,23,91,86,95,90,90
2018-01-19,46,72,79,87,88,83
2018-01-20,26,58,57,59,52,58
2018-01-21,13,54,51,60,57,61
2018-01-22,55,94,89,93,86,91
2018-01-23,44,95,85,100,97,95
2018-01-24,33,86,90,98,78,96
2018-01-25,23,90,87,90,81,83
2018-01-26,12,86,82,83,61,79
2018-01-27,0,53,61,58,53,59
2018-01-28,0,56,59,64,44,66
2018-01-29,78,99,100,98,87,89
2018-01-30,56,100,91,99,82,99
2018-01-31,33,88,88,96,95,92
2018-02-01,57,97,96,97,83,97
2018-02-02,29,84,89,85,75,94
2018-02-03,0,61,66,61,51,63
2018-02-04,16,57,58,60,53,65
2018-02-05,28,94,99,92,100,100
2018-02-06,56,98,99,97,90,99
2018-02-07,70,93,97,97,73,90
2018-02-08,14,93,95,95,72,95
2018-02-09,29,84,90,85,78,85
2018-02-10,0,52,63,57,41,59
2018-02-11,16,49,53,62,45,66
2018-02-12,85,95,100,93,83,89
2018-02-13,43,92,97,96,79,91
2018-02-14,100,91,83,88,76,90
2018-02-15,29,97,86,87,83,89
2018-02-16,73,82,84,79,66,75
2018-02-17,0,57,60,55,42,54
2018-02-18,16,51,56,62,36,68
2018-02-19,28,93,89,87,65,89
2018-02-20,56,100,96,100,90,93
2018-02-21,42,96,91,93,78,85
2018-02-22,28,89,97,93,90,90
2018-02-23,43,84,91,84,70,83
2018-02-24,0,53,65,60,54,57
2018-02-25,16,56,54,60,49,61
2018-02-26,0,86,99,93,66,89
2018-02-27,0,88,98,95,80,98
2018-02-28,41,87,100,92,94,82
2018-03-01,32,87,95,87,65,89
2018-03-02,85,84,91,85,72,78
2018-03-03,37,55,65,63,39,57
2018-03-04,0,48,60,63,41,64
2018-03-05,80,92,98,97,82,88
2018-03-06,32,90,98,99,70,94
2018-03-07,33,88,95,100,80,89
2018-03-08,33,91,91,95,78,95
2018-03-09,86,79,87,92,92,84
2018-03-10,0,54,66,62,41,58
2018-03-11,18,57,56,64,37,62
2018-03-12,32,98,96,95,88,94
2018-03-13,49,92,93,97,76,100
2018-03-14,80,84,89,96,82,94
2018-03-15,66,92,90,97,87,91
2018-03-16,34,77,92,85,74,75
2018-03-17,0,56,63,59,50,53
2018-03-18,0,50,58,60,52,65
2018-03-19,33,92,100,96,97,94
2018-03-20,49,100,94,98,93,92
2018-03-21,49,86,93,95,100,92
2018-03-22,50,94,93,97,94,95
2018-03-23,52,83,86,85,75,77
2018-03-24,38,53,62,60,37,58
2018-03-25,58,53,55,62,46,62
2018-03-26,100,89,96,93,83,92
2018-03-27,50,95,98,97,75,96
2018-03-28,34,92,93,94,86,93
2018-03-29,52,90,93,91,79,90
2018-03-30,37,77,80,72,51,68
2018-03-31,0,55,59,56,43,55
2018-04-01,0,36,49,55,40,62
2018-04-02,53,48,95,82,60,83
2018-04-03,0,82,99,90,89,99
2018-04-04,50,81,100,92,91,86
2018-04-05,51,77,96,93,79,85
2018-04-06,0,63,88,84,89,86
2018-04-07,0,40,62,61,27,59
2018-04-08,0,40,57,64,43,65
2018-04-09,33,77,100,97,84,92
2018-04-10,49,75,97,96,82,91
2018-04-11,66,74,92,91,77,84
2018-04-12,33,66,87,92,86,86
2018-04-13,35,65,96,84,68,80
2018-04-14,20,44,63,57,30,55
2018-04-15,39,43,60,63,47,63
2018-04-16,100,75,97,94,90,100
2018-04-17,67,71,98,100,80,100
2018-04-18,0,68,88,94,87,96
2018-04-19,35,71,90,94,72,88
2018-04-20,71,64,80,80,63,77
2018-04-21,0,40,59,56,37,60
2018-04-22,19,37,52,57,43,62
2018-04-23,49,73,96,92,87,90
2018-04-24,49,74,93,96,80,96
2018-04-25,67,73,88,93,98,85
2018-04-26,17,66,85,91,76,86
2018-04-27,53,63,87,83,92,79
2018-04-28,0,44,59,58,37,53
2018-04-29,0,44,53,59,39,61
2018-04-30,52,100,100,91,100,89
2018-05-01,75,89,99,96,99,93
2018-05-02,57,100,95,99,80,100
2018-05-03,72,96,94,97,97,96
2018-05-04,30,78,86,84,72,88
2018-05-05,0,58,57,58,26,64
2018-05-06,16,47,51,59,31,63
2018-05-07,14,82,90,93,45,98
2018-05-08,14,65,96,99,97,99
2018-05-09,14,83,96,98,93,95
2018-05-10,14,63,93,95,79,96
2018-05-11,15,80,83,87,74,89
2018-05-12,33,54,58,59,43,62
2018-05-13,16,52,53,59,60,59
2018-05-14,57,95,98,96,89,99
2018-05-15,57,95,100,98,96,98
2018-05-16,29,89,91,97,78,96
2018-05-17,43,79,89,100,80,90
2018-05-18,60,81,86,89,70,84
2018-05-19,0,50,56,57,26,53
2018-05-20,0,47,59,67,40,67
2018-05-21,29,58,95,93,89,95
2018-05-22,43,87,97,99,93,93
2018-05-23,100,88,91,96,74,97
2018-05-24,58,87,90,96,73,87
2018-05-25,15,80,88,85,80,80
2018-05-26,0,61,57,58,31,53
2018-05-27,0,51,56,64,24,62
2018-05-28,29,96,63,76,56,81
2018-05-29,56,86,98,94,84,86
2018-05-30,85,88,96,95,100,92
2018-05-31,29,92,97,93,82,88
2018-06-01,15,85,90,83,95,82
2018-06-02,0,61,63,62,49,66
2018-06-03,0,57,61,65,39,70
2018-06-04,57,99,100,95,95,96
2018-06-05,100,100,100,100,95,100
2018-06-06,71,99,91,99,95,97
2018-06-07,28,87,87,97,100,98
2018-06-08,45,77,86,86,73,87
2018-06-09,17,51,62,60,51,60
2018-06-10,0,58,56,62,31,66
2018-06-11,41,99,94,90,94,92
2018-06-12,52,91,98,98,97,97
2018-06-13,40,85,94,92,84,96
2018-06-14,28,81,89,88,87,92
2018-06-15,15,77,89,80,71,90
2018-06-16,0,48,54,51,47,54
2018-06-17,0,47,49,56,19,58
2018-06-18,14,85,92,92,65,93
2018-06-19,14,87,91,92,71,94
2018-06-20,100,83,93,93,85,96
2018-06-21,42,80,88,92,94,96
2018-06-22,30,75,87,82,80,84
2018-06-23,0,49,55,59,26,57
2018-06-24,65,49,49,61,37,59
2018-06-25,42,87,98,91,65,90
2018-06-26,42,86,92,97,89,100
2018-06-27,14,80,87,93,83,89
2018-06-28,0,94,88,93,77,89
2018-06-29,75,80,91,87,65,84
2018-06-30,0,50,62,57,44,51
2018-07-01,14,44,56,61,45,55
2018-07-02,73,85,90,89,80,86
2018-07-03,98,100,87,93,79,78
2018-07-04,51,98,65,79,69,73
2018-07-05,51,92,87,87,80,82
2018-07-06,0,72,79,82,54,73
2018-07-07,14,54,54,57,25,46
2018-07-08,14,49,54,62,57,61
2018-07-09,49,93,97,94,84,95
2018-07-10,82,90,90,91,92,81
2018-07-11,45,89,85,92,79,75
2018-07-12,38,90,88,97,78,85
2018-07-13,39,80,88,86,94,74
2018-07-14,0,52,59,60,38,58
2018-07-15,0,48,53,62,43,60
2018-07-16,50,92,95,94,93,86
2018-07-17,37,99,98,97,99,92
2018-07-18,63,92,89,100,92,100
2018-07-19,25,88,93,96,77,91
2018-07-20,66,92,91,86,82,75
2018-07-21,29,61,58,60,42,55
2018-07-22,15,54,60,67,54,64
2018-07-23,100,95,95,97,66,85
2018-07-24,25,99,92,94,100,90
2018-07-25,38,92,94,97,93,85
2018-07-26,25,86,91,94,73,81
2018-07-27,38,85,85,84,61,70
2018-07-28,0,55,59,61,46,57
2018-07-29,29,54,58,65,51,58
2018-07-30,74,97,100,97,69,85
2018-07-31,98,98,98,96,98,89
2018-08-01,39,80,97,97,78,91
2018-08-02,37,86,94,92,85,95
2018-08-03,61,82,87,84,63,79
2018-08-04,45,55,68,62,30,68
2018-08-05,0,52,62,66,43,61
2018-08-06,78,90,100,96,76,94
2018-08-07,75,88,97,93,92,100
2018-08-08,38,75,94,93,88,86
2018-08-09,38,85,89,89,91,83
2018-08-10,100,73,85,84,54,73
2018-08-11,45,61,67,63,47,59
2018-08-12,0,54,63,61,53,61
2018-08-13,78,95,98,94,60,94
2018-08-14,19,76,96,94,100,93
2018-08-15,100,67,93,88,71,77
2018-08-16,59,79,90,92,100,82
2018-08-17,40,73,85,83,65,79
2018-08-18,23,52,60,59,48,64
2018-08-19,0,56,58,61,54,59
2018-08-20,100,91,96,93,94,84
2018-08-21,99,90,90,95,84,88
2018-08-22,80,87,90,93,83,89
2018-08-23,79,89,88,92,91,88
2018-08-24,40,78,83,84,74,78
2018-08-25,0,54,55,58,44,59
2018-08-26,23,52,55,62,56,54
2018-08-27,0,100,88,88,56,97
2018-08-28,39,91,91,100,84,88
2018-08-29,58,88,89,96,90,95
2018-08-30,77,90,90,95,86,95
2018-08-31,59,81,88,84,81,78
2018-09-01,16,53,65,56,57,53
2018-09-02,0,50,59,60,48,62
2018-09-03,0,100,75,83,95,74
2018-09-04,29,95,100,94,95,89
2018-09-05,57,97,98,99,88,92
2018-09-06,85,94,96,96,89,91
2018-09-07,15,84,94,89,53,83
2018-09-08,17,55,64,61,53,58
2018-09-09,0,50,61,65,39,63
2018-09-10,42,89,100,98,69,90
2018-09-11,42,87,100,97,80,91
2018-09-12,43,93,94,97,80,90
2018-09-13,100,84,88,93,93,85
2018-09-14,59,77,91,84,79,79
2018-09-15,17,56,63,59,45,53
2018-09-16,16,50,58,63,43,65
2018-09-17,29,87,99,98,83,91
2018-09-18,56,83,99,99,100,88
2018-09-19,43,88,97,98,89,86
2018-09-20,56,76,97,95,72,84
2018-09-21,29,78,88,85,49,85
2018-09-22,17,56,63,58,48,59
2018-09-23,16,50,58,62,51,66
2018-09-24,29,92,99,97,79,100
2018-09-25,57,87,94,99,72,98
2018-09-26,57,86,94,100,81,96
2018-09-27,43,84,88,95,89,86
2018-09-28,73,78,87,84,83,82
2018-09-29,16,51,60,58,43,60
2018-09-30,32,50,56,61,29,61
2018-10-01,28,87,95,96,100,85
2018-10-02,28,89,92,94,70,89
2018-10-03,14,94,94,99,58,89
2018-10-04,29,90,93,100,55,93
2018-10-05,29,81,99,87,52,80
2018-10-06,32,59,60,60,34,50
2018-10-07,16,50,54,60,27,61
2018-10-08,0,88,91,96,60,85
2018-10-09,54,88,94,98,73,89
2018-10-10,0,95,93,100,64,90
2018-10-11,0,87,92,95,71,95
2018-10-12,0,88,85,87,56,88
2018-10-13,17,59,63,64,37,61
2018-10-14,17,57,57,69,44,67
2018-10-15,29,94,100,99,66,96
2018-10-16,99,91,95,99,70,98
2018-10-17,57,100,90,97,71,91
2018-10-18,58,92,89,94,63,81
2018-10-19,15,78,84,85,55,76
2018-10-20,33,56,58,60,32,56
2018-10-21,0,46,57,65,40,64
2018-10-22,100,95,96,95,80,100
2018-10-23,42,95,93,98,71,94
2018-10-24,28,81,85,95,63,95
2018-10-25,43,80,89,97,61,88
2018-10-26,74,80,82,83,64,76
2018-10-27,16,49,56,55,35,57
2018-10-28,0,58,52,62,38,54
2018-10-29,54,82,92,92,97,93
2018-10-30,28,78,91,93,82,91
2018-10-31,43,79,89,97,65,83
2018-11-01,18,71,100,91,82,86
2018-11-02,53,86,94,85,65,84
2018-11-03,19,54,65,56,52,57
2018-11-04,0,55,59,63,46,61
2018-11-05,47,99,98,94,89,96
2018-11-06,0,91,99,89,95,83
2018-11-07,48,91,91,90,83,81
2018-11-08,33,88,92,89,76,84
2018-11-09,69,94,90,81,65,78
2018-11-10,19,59,63,59,42,58
2018-11-11,0,55,59,61,41,64
2018-11-12,82,100,95,89,49,81
2018-11-13,66,99,97,95,67,97
2018-11-14,33,90,99,96,77,100
2018-11-15,34,87,95,93,75,86
2018-11-16,17,83,93,83,82,75
2018-11-17,0,60,64,58,37,61
2018-11-18,19,52,58,61,32,66
2018-11-19,66,91,95,89,82,94
2018-11-20,100,95,96,93,72,88
2018-11-21,50,89,83,84,90,80
2018-11-22,68,82,62,73,82,68
2018-11-23,34,84,66,70,57,62
2018-11-24,19,59,61,62,57,53
2018-11-25,18,52,60,62,44,56
2018-11-26,48,89,100,90,69,92
2018-11-27,81,96,100,100,77,97
2018-11-28,16,99,98,96,93,95
2018-11-29,17,94,97,95,87,96
2018-11-30,50,85,100,83,100,85
2018-12-01,0,57,68,64,65,56
2018-12-02,18,50,59,63,57,59
2018-12-03,78,88,100,100,98,97
2018-12-04,47,81,96,99,69,89
2018-12-05,47,100,92,97,100,100
2018-12-06,65,95,93,97,86,91
2018-12-07,100,79,90,87,67,82
2018-12-08,19,53,63,57,46,58
2018-12-09,18,50,61,66,48,60
2018-12-10,16,86,98,94,85,87
2018-12-11,95,85,95,94,88,93
2018-12-12,97,84,91,94,74,88
2018-12-13,49,82,97,96,78,91
2018-12-14,98,82,90,85,77,73
2018-12-15,0,55,72,59,49,54
2018-12-16,0,50,60,61,33,51
2018-12-17,15,82,91,88,68,79
2018-12-18,47,89,94,92,74,84
2018-12-19,34,89,91,89,98,89
2018-12-20,86,82,91,87,79,73
2018-12-21,0,77,89,79,79,69
2018-12-22,19,49,65,52,51,44
2018-12-23,0,41,53,53,22,48
2018-12-24,19,52,60,54,48,52
2018-12-25,0,44,44,47,28,49
2018-12-26,36,72,76,62,46,60
2018-12-27,17,87,91,75,60,68
2018-12-28,70,70,98,71,57,69
2018-12-29,19,49,69,58,49,55
2018-12-30,0,44,63,58,48,51
2018-12-31,0,53,81,66,51,66
2019-01-01,41,45,59,51,56,53
2019-01-02,53,94,100,79,78,79
2019-01-03,0,95,97,85,87,89
2019-01-04,69,93,97,85,94,90
2019-01-05,38,58,69,60,51,56
2019-01-06,0,63,61,62,45,62
2019-01-07,0,99,100,92,94,87
2019-01-08,65,98,97,94,75,92
2019-01-09,33,96,93,94,87,90
2019-01-10,100,89,96,98,76,92
2019-01-11,87,89,88,88,77,91
2019-01-12,74,64,65,60,46,58
2019-01-13,0,53,59,63,45,65
2019-01-14,65,97,95,88,72,82
2019-01-15,48,87,94,93,76,94
2019-01-16,98,89,94,96,93,94
2019-01-17,33,95,94,94,85,97
2019-01-18,51,90,90,84,69,92
2019-01-19,18,60,67,59,47,56
2019-01-20,53,52,62,62,38,65
2019-01-21,49,94,90,87,91,83
2019-01-22,80,93,96,94,89,92
2019-01-23,32,91,96,96,81,98
2019-01-24,32,90,99,98,74,98
2019-01-25,100,89,97,86,73,80
2019-01-26,0,56,70,57,44,58
2019-01-27,18,62,69,68,44,67
2019-01-28,64,100,99,95,100,97
2019-01-29,48,97,95,100,94,100
2019-01-30,80,92,93,97,97,92
2019-01-31,81,92,93,95,81,89
2019-02-01,17,81,99,90,83,94
2019-02-02,0,57,67,63,47,67
2019-02-03,38,57,55,62,44,64
2019-02-04,67,91,95,91,85,89
2019-02-05,50,100,96,95,79,94
2019-02-06,50,90,94,100,87,94
2019-02-07,33,93,96,97,90,99
2019-02-08,17,87,94,89,72,89
2019-02-09,0,57,65,65,50,67
2019-02-10,19,49,57,65,59,65
2019-02-11,65,87,95,97,91,96
2019-02-12,99,92,97,97,100,98
2019-02-13,98,87,90,93,65,98
2019-02-14,67,77,87,90,91,94
2019-02-15,69,80,83,84,67,80
2019-02-16,19,55,65,64,61,65
2019-02-17,38,45,61,64,67,68
2019-02-18,100,88,89,92,78,90
2019-02-19,66,87,92,94,91,96
2019-02-20,17,86,94,98,81,100
2019-02-21,84,88,90,98,85,93
2019-02-22,35,76,89,86,69,87
2019-02-23,0,56,74,65,43,69
2019-02-24,19,54,56,67,45,66
2019-02-25,99,94,100,92,63,94
2019-02-26,67,93,97,100,90,98
2019-02-27,48,86,94,94,84,91
2019-02-28,50,90,95,92,93,92
2019-03-01,34,81,95,87,81,85
2019-03-02,19,58,67,63,41,63
2019-03-03,19,52,64,67,52,61
2019-03-04,50,93,99,95,95,92
2019-03-05,33,100,97,100,89,96
2019-03-06,81,91,95,94,92,97
2019-03-07,17,88,95,98,77,93
2019-03-08,69,83,91,86,79,81
2019-03-09,19,52,63,64,44,61
2019-03-10,0,54,57,64,39,60
2019-03-11,50,90,95,98,80,92
2019-03-12,65,86,95,96,93,94
2019-03-13,98,90,90,96,86,91
2019-03-14,50,83,89,95,83,83
2019-03-15,50,80,86,83,69,85
2019-03-16,0,52,65,62,40,57
2019-03-17,19,54,59,60,39,61
2019-03-18,50,92,100,92,85,94
2019-03-19,32,86,95,97,71,98
2019-03-20,50,80,91,93,95,90
2019-03-21,68,86,92,90,71,90
2019-03-22,35,81,93,83,73,83
2019-03-23,57,48,66,60,35,56
2019-03-24,34,52,56,65,47,69
2019-03-25,100,82,98,94,84,100
2019-03-26,100,92,97,97,100,93
2019-03-27,34,94,92,95,86,96
2019-03-28,50,87,90,95,83,96
2019-03-29,53,77,88,85,62,89
2019-03-30,0,46,67,61,34,62
2019-03-31,0,48,64,67,49,64
2019-04-01,42,90,99,96,73,99
2019-04-02,57,100,99,100,66,98
2019-04-03,42,95,92,98,78,95
2019-04-04,71,97,94,96,73,100
2019-04-05,44,79,84,88,72,82
2019-04-06,16,62,61,62,53,59
2019-04-07,0,53,57,63,53,64
2019-04-08,70,95,95,98,89,92
2019-04-09,42,91,95,100,70,99
2019-04-10,56,89,94,98,72,99
2019-04-11,100,88,95,95,59,93
2019-04-12,15,84,84,85,62,78
2019-04-13,33,53,60,59,23,61
2019-04-14,32,50,58,64,43,60
2019-04-15,43,86,91,94,66,85
2019-04-16,71,90,93,95,76,93
2019-04-17,29,89,88,89,74,95
2019-04-18,75,88,86,90,51,82
2019-04-19,16,79,77,71,38,65
2019-04-20,0,48,58,55,35,55
2019-04-21,0,49,48,57,31,67
2019-04-22,45,52,86,79,30,80
2019-04-23,99,89,95,92,100,92
2019-04-24,28,92,89,94,72,93
2019-04-25,28,91,95,95,78,93
2019-04-26,44,83,88,85,75,85
2019-04-27,16,59,62,61,45,57
2019-04-28,48,53,61,64,26,68
2019-04-29,28,94,96,96,71,89
2019-04-30,14,83,100,96,77,97
2019-05-01,71,63,100,92,66,89
2019-05-02,100,90,95,97,64,93
2019-05-03,51,84,90,86,72,88
2019-05-04,38,64,65,62,41,58
2019-05-05,37,51,58,61,39,63
2019-05-06,50,89,90,90,54,83
2019-05-07,49,87,97,97,77,92
2019-05-08,17,74,97,94,60,90
2019-05-09,83,100,92,94,94,100
2019-05-10,35,82,85,82,68,81
2019-05-11,58,57,59,59,36,52
2019-05-12,38,56,55,58,32,59
2019-05-13,50,92,93,94,73,90
2019-05-14,83,83,97,98,78,93
2019-05-15,0,99,97,97,62,95
2019-05-16,67,89,98,100,82,89
2019-05-17,35,87,84,85,63,81
2019-05-18,19,60,63,58,35,55
2019-05-19,38,53,57,63,31,61
2019-05-20,17,85,92,89,64,84
2019-05-21,81,92,97,95,72,95
2019-05-22,49,89,92,94,89,91
2019-05-23,48,86,87,87,67,81
2019-05-24,52,85,91,87,76,75
2019-05-25,0,55,62,57,48,55
2019-05-26,0,49,55,60,39,57
2019-05-27,17,87,65,69,52,68
2019-05-28,16,92,97,90,100,83
2019-05-29,32,94,98,92,87,81
2019-05-30,34,59,96,92,63,90
2019-05-31,17,78,97,88,75,74
2019-06-01,23,54,64,61,42,59
2019-06-02,22,46,58,65,49,61
2019-06-03,78,95,94,92,84,86
2019-06-04,39,98,96,96,81,97
2019-06-05,97,100,91,91,91,92
2019-06-06,39,90,92,97,91,93
2019-06-07,41,92,92,86,79,94
2019-06-08,23,53,66,61,52,63
2019-06-09,0,46,57,66,37,66
2019-06-10,0,69,91,90,87,96
2019-06-11,19,94,96,98,84,92
2019-06-12,59,94,91,97,94,90
2019-06-13,19,91,93,95,81,91
2019-06-14,40,81,92,89,64,84
2019-06-15,0,57,63,60,52,61
2019-06-16,0,48,57,62,35,64
2019-06-17,59,95,94,95,84,98
2019-06-18,39,96,95,99,75,100
2019-06-19,98,93,94,100,100,99
2019-06-20,100,97,92,94,92,88
2019-06-21,41,94,93,88,66,96
2019-06-22,23,52,63,59,37,58
2019-06-23,0,46,57,67,41,65
2019-06-24,60,90,98,94,72,87
2019-06-25,59,94,100,99,87,96
2019-06-26,19,95,95,94,70,90
2019-06-27,58,82,96,97,75,97
2019-06-28,0,83,92,86,67,75
2019-06-29,23,52,62,61,42,58
2019-06-30,68,51,60,64,52,61
2019-07-01,97,91,91,92,85,86
2019-07-02,95,98,90,92,79,84
2019-07-03,78,98,88,87,83,90
2019-07-04,60,95,69,83,92,81
2019-07-05,82,88,81,78,75,86
2019-07-06,45,60,63,59,48,65
2019-07-07,22,48,63,65,51,67
2019-07-08,77,100,100,97,73,96
2019-07-09,39,100,98,95,80,100
2019-07-10,77,92,93,97,68,99
2019-07-11,77,90,96,94,68,100
2019-07-12,41,84,88,85,87,89
2019-07-13,22,61,65,64,42,60
2019-07-14,44,47,57,63,44,71
2019-07-15,97,89,96,94,79,95
2019-07-16,78,98,100,100,100,91
2019-07-17,98,92,96,100,93,98
2019-07-18,20,83,99,92,69,97
2019-07-19,83,85,91,86,71,85
2019-07-20,0,59,66,61,46,62
2019-07-21,23,45,61,65,42,59
2019-07-22,39,86,95,89,77,94
2019-07-23,39,94,96,94,71,89
2019-07-24,100,89,89,92,81,89
2019-07-25,41,83,96,96,74,93
2019-07-26,0,81,86,80,80,82
2019-07-27,69,52,64,60,49,55
2019-07-28,23,54,61,64,46,61
2019-07-29,60,90,97,94,72,89
2019-07-30,40,92,98,91,76,91
2019-07-31,80,95,97,92,74,91
2019-08-01,11,86,94,91,100,86
2019-08-02,16,84,87,80,63,75
2019-08-03,0,59,66,61,44,56
2019-08-04,0,51,60,63,35,62
2019-08-05,26,99,93,87,100,82
2019-08-06,11,89,93,92,79,83
2019-08-07,100,87,91,92,100,82
2019-08-08,11,85,90,89,83,79
2019-08-09,12,88,91,84,75,77
2019-08-10,9,59,66,61,46,61
2019-08-11,4,50,57,60,30,60
2019-08-12,11,89,92,89,92,83
2019-08-13,33,89,96,93,82,96
2019-08-14,14,83,89,96,88,88
2019-08-15,19,64,86,90,62,83
2019-08-16,11,74,92,87,79,85
2019-08-17,0,51,61,61,54,59
2019-08-18,0,49,56,66,53,63
2019-08-19,18,95,100,98,84,100
2019-08-20,7,93,96,98,99,100
2019-08-21,7,93,91,99,71,89
2019-08-22,11,88,93,94,92,97
2019-08-23,0,85,89,91,93,78
2019-08-24,8,53,59,60,35,53
2019-08-25,0,49,57,64,39,67
2019-08-26,4,96,87,96,52,82
2019-08-27,7,100,91,97,95,87
2019-08-28,14,97,93,100,100,89
2019-08-29,7,95,98,96,87,87
2019-08-30,14,86,97,88,79,77
2019-08-31,0,58,69,62,54,56
2019-09-01,14,48,62,58,38,63
2019-09-02,40,98,72,81,87,72
2019-09-03,50,100,98,91,75,89
2019-09-04,63,95,98,94,91,91
2019-09-05,38,94,92,94,82,88
2019-09-06,39,90,99,93,98,82
2019-09-07,0,59,75,61,50,61
2019-09-08,14,50,65,67,54,67
2019-09-09,25,96,100,97,72,86
2019-09-10,25,96,96,99,86,88
2019-09-11,63,84,94,96,89,88
2019-09-12,38,86,94,97,70,88
2019-09-13,39,81,95,88,73,90
2019-09-14,73,60,72,64,43,58
2019-09-15,29,53,71,68,56,63
2019-09-16,50,97,100,100,100,91
2019-09-17,25,92,96,99,90,97
2019-09-18,12,94,90,98,75,94
2019-09-19,100,83,90,93,63,87
2019-09-20,52,81,91,90,86,82
2019-09-21,29,57,65,63,44,57
2019-09-22,14,52,64,64,57,67
2019-09-23,36,99,96,99,91,89
2019-09-24,49,95,93,99,83,100
2019-09-25,61,87,90,95,71,96
2019-09-26,38,92,91,97,91,91
2019-09-27,26,82,89,90,80,81
2019-09-28,29,53,62,59,59,58
2019-09-29,14,49,54,65,55,67
2019-09-30,62,96,92,94,70,90
2019-10-01,45,94,100,100,86,94
2019-10-02,55,95,94,96,84,92
2019-10-03,23,89,95,94,100,91
2019-10-04,23,91,93,91,62,84
2019-10-05,0,59,76,68,38,62
2019-10-06,0,52,64,65,37,66
2019-10-07,34,99,92,95,89,95
2019-10-08,34,92,89,98,85,98
2019-10-09,23,91,94,96,89,98
2019-10-10,23,94,95,99,69,95
2019-10-11,58,83,94,92,86,89
2019-10-12,13,54,66,62,25,63
2019-10-13,0,50,62,67,28,67
2019-10-14,68,92,92,92,84,93
2019-10-15,11,100,93,98,70,100
2019-10-16,22,99,91,99,71,97
2019-10-17,45,95,82,98,53,95
2019-10-18,47,86,82,89,71,86
2019-10-19,13,57,58,59,41,56
2019-10-20,51,51,51,67,47,66
2019-10-21,66,88,86,98,71,93
2019-10-22,33,90,86,99,73,98
2019-10-23,34,89,84,99,82,99
2019-10-24,77,90,76,95,76,85
2019-10-25,82,84,78,88,83,75
2019-10-26,0,54,57,62,38,54
2019-10-27,25,49,49,59,27,56
2019-10-28,44,93,82,87,76,84
2019-10-29,56,99,82,95,78,93
2019-10-30,100,87,83,91,72,89
2019-10-31,34,86,79,91,66,90
2019-11-01,15,64,92,83,73,77
2019-11-02,0,54,64,60,48,56
2019-11-03,0,52,59,64,41,65
2019-11-04,29,100,96,96,79,91
2019-11-05,14,99,93,95,78,92
2019-11-06,84,85,95,97,82,88
2019-11-07,57,92,91,96,97,100
2019-11-08,43,82,90,87,80,87
2019-11-09,16,51,61,61,49,61
2019-11-10,0,50,58,63,39,65
2019-11-11,56,60,89,91,68,92
2019-11-12,97,90,93,96,72,91
2019-11-13,71,90,90,98,73,92
2019-11-14,71,84,91,94,75,90
2019-11-15,0,73,100,88,84,87
2019-11-16,16,54,73,64,36,60
2019-11-17,16,49,67,68,44,69
2019-11-18,42,83,95,95,96,95
2019-11-19,14,93,92,100,78,96
2019-11-20,29,95,90,97,81,92
2019-11-21,43,86,85,98,98,92
2019-11-22,30,76,86,86,81,89
2019-11-23,48,53,61,62,54,58
2019-11-24,0,50,57,65,91,62
2019-11-25,28,86,87,91,100,87
2019-11-26,99,93,87,92,83,88
2019-11-27,71,88,80,86,89,88
2019-11-28,100,80,58,74,77,72
2019-11-29,29,76,61,67,42,65
2019-11-30,31,57,56,61,29,52
2019-12-01,0,51,59,64,45,64
2019-12-02,77,90,98,96,78,89
2019-12-03,59,91,98,100,62,93
2019-12-04,98,86,96,99,77,91
2019-12-05,0,96,97,98,100,97
2019-12-06,0,91,96,93,85,97
2019-12-07,23,58,66,65,40,66
2019-12-08,0,51,61,64,46,70
2019-12-09,100,100,90,91,66,89
2019-12-10,20,92,89,95,93,95
2019-12-11,40,93,95,97,73,100
2019-12-12,40,87,100,95,74,97
2019-12-13,62,79,96,88,69,92
2019-12-14,23,57,68,62,51,66
2019-12-15,0,56,63,63,44,64
2019-12-16,39,94,92,91,77,87
2019-12-17,40,96,98,96,64,93
2019-12-18,39,88,95,90,74,83
2019-12-19,41,85,82,89,93,83
2019-12-20,21,84,91,83,84,75
2019-12-21,23,54,66,58,40,59
2019-12-22,0,46,52,55,42,52
2019-12-23,21,82,85,76,65,71
2019-12-24,47,58,69,67,51,68
2019-12-25,0,50,56,53,22,55
2019-12-26,0,81,79,67,34,71
2019-12-27,22,83,90,74,30,74
2019-12-28,46,56,68,60,39,61
2019-12-29,23,48,64,61,36,64
2019-12-30,42,88,99,74,69,81
2019-12-31,0,66,85,70,57,72
2020-01-01,21,45,58,54,32,59
2020-01-02,52,81,99,82,67,86
2020-01-03,0,82,97,79,65,88
2020-01-04,18,65,69,63,59,63
2020-01-05,19,54,68,66,54,71
2020-01-06,51,98,100,92,68,88
2020-01-07,33,97,99,92,73,98
2020-01-08,100,91,91,92,75,94
2020-01-09,17,89,91,93,82,98
2020-01-10,67,80,87,87,64,89
2020-01-11,19,60,74,63,55,65
2020-01-12,18,55,58,66,50,69
2020-01-13,61,92,94,95,71,87
2020-01-14,58,90,90,95,85,99
2020-01-15,32,92,93,98,86,93
2020-01-16,49,86,92,97,89,98
2020-01-17,51,81,84,86,71,85
2020-01-18,19,60,65,65,31,69
2020-01-19,36,47,65,64,38,69
2020-01-20,83,87,86,89,88,97
2020-01-21,66,100,93,97,78,98
2020-01-22,66,83,91,99,69,97
2020-01-23,49,91,95,97,82,94
2020-01-24,17,75,93,85,79,87
2020-01-25,19,60,71,64,56,59
2020-01-26,53,50,63,59,55,57
2020-01-27,63,94,88,91,81,87
2020-01-28,16,93,94,100,85,94
2020-01-29,49,95,86,93,100,100
2020-01-30,66,88,84,93,76,100
2020-01-31,17,78,87,86,82,87
2020-02-01,51,66,66,64,50,61
2020-02-02,0,59,55,63,49,67
2020-02-03,55,94,86,88,88,91
2020-02-04,15,96,89,96,83,92
2020-02-05,30,91,89,92,81,94
2020-02-06,30,92,86,92,79,93
2020-02-07,0,86,92,89,82,87
2020-02-08,0,61,68,66,52,64
2020-02-09,50,61,56,62,61,64
2020-02-10,73,96,86,92,81,88
2020-02-11,73,97,97,100,76,98
2020-02-12,44,87,87,98,80,97
2020-02-13,45,93,86,97,95,86
2020-02-14,31,79,79,82,58,81
2020-02-15,0,57,66,65,50,63
2020-02-16,33,55,57,64,62,61
2020-02-17,44,91,81,89,82,85
2020-02-18,100,94,90,93,100,99
2020-02-19,29,88,94,100,88,99
2020-02-20,59,89,90,95,88,100
2020-02-21,15,85,88,88,73,88
2020-02-22,16,56,67,65,48,64
2020-02-23,16,57,59,66,45,68
2020-02-24,44,91,92,97,85,93
2020-02-25,15,100,93,97,73,99
2020-02-26,14,93,95,93,88,94
2020-02-27,99,89,100,94,83,90
2020-02-28,59,81,90,86,88,84
2020-02-29,32,60,72,66,38,67
2020-03-01,21,60,59,49,46,65
2020-03-02,55,92,93,74,73,90
2020-03-03,55,98,100,79,55,100
2020-03-04,64,95,87,77,61,94
2020-03-05,56,93,87,75,57,95
2020-03-06,19,95,86,72,65,91
2020-03-07,21,62,64,50,33,60
2020-03-08,21,56,58,51,29,66
2020-03-09,37,100,86,76,70,91
2020-03-10,28,92,88,74,69,94
2020-03-11,27,92,83,74,100,93
2020-03-12,63,94,83,72,61,93
2020-03-13,56,84,89,67,52,83
2020-03-14,32,63,61,51,22,63
2020-03-15,31,63,55,53,26,72
2020-03-16,54,83,78,81,58,85
2020-03-17,63,77,75,80,48,82
2020-03-18,46,81,85,81,65,84
2020-03-19,27,79,69,80,63,77
2020-03-20,45,73,70,81,53,73
2020-03-21,0,51,56,60,30,62
2020-03-22,20,48,49,64,42,63
2020-03-23,8,81,68,100,43,74
2020-03-24,44,86,71,90,58,75
2020-03-25,63,80,64,81,43,75
2020-03-26,100,76,64,81,64,75
2020-03-27,9,67,67,72,39,72
2020-03-28,0,45,46,56,29,55
2020-03-29,10,44,45,55,28,63
2020-03-30,17,73,67,79,46,71
2020-03-31,43,65,67,79,52,78
2020-04-01,25,89,91,100,76,76
2020-04-02,75,78,88,99,78,76
2020-04-03,26,88,88,96,74,82
2020-04-04,43,58,70,69,42,65
2020-04-05,15,51,60,66,38,68
2020-04-06,87,97,89,90,67,85
2020-04-07,39,87,97,91,47,92
2020-04-08,51,100,89,90,61,91
2020-04-09,39,88,93,90,69,91
2020-04-10,28,79,88,78,48,75
2020-04-11,15,53,65,61,33,63
2020-04-12,15,48,56,61,48,71
2020-04-13,39,59,89,79,48,87
2020-04-14,88,80,100,91,93,90
2020-04-15,51,86,97,92,69,97
2020-04-16,63,82,91,92,64,89
2020-04-17,65,83,93,91,67,92
2020-04-18,0,63,69,65,45,76
2020-04-19,29,48,62,64,36,73
2020-04-20,12,78,91,93,82,98
2020-04-21,50,81,98,94,74,100
2020-04-22,51,81,94,94,82,97
2020-04-23,86,79,88,89,92,97
2020-04-24,0,74,93,87,57,91
2020-04-25,43,54,66,67,53,71
2020-04-26,0,52,60,68,46,73
2020-04-27,38,98,92,88,95,94
2020-04-28,100,90,94,89,78,95
2020-04-29,50,96,92,88,73,95
2020-04-30,72,84,93,87,100,93
2020-05-01,59,68,87,87,100,87
2020-05-02,0,54,61,69,55,71
2020-05-03,31,52,56,67,43,75
2020-05-04,41,83,91,94,74,94
2020-05-05,89,91,91,95,75,92
2020-05-06,54,88,88,96,86,90
2020-05-07,14,73,83,92,79,93
2020-05-08,14,72,87,87,51,92
2020-05-09,16,56,66,68,36,76
2020-05-10,16,54,58,66,55,77
2020-05-11,68,93,89,91,82,95
2020-05-12,55,99,93,97,90,97
2020-05-13,55,95,91,100,86,100
2020-05-14,82,96,90,93,97,97
2020-05-15,42,85,88,93,82,94
2020-05-16,32,58,66,71,55,70
2020-05-17,0,57,64,72,62,74
2020-05-18,14,92,93,95,77,92
2020-05-19,14,93,94,95,91,91
2020-05-20,28,90,91,93,76,95
2020-05-21,100,67,88,88,70,93
2020-05-22,42,81,89,90,63,89
2020-05-23,0,62,63,66,62,74
2020-05-24,49,54,59,64,36,67
2020-05-25,44,92,65,75,62,79
2020-05-26,55,97,97,90,90,94
2020-05-27,57,100,97,94,86,99
2020-05-28,42,99,100,92,83,98
2020-05-29,43,85,90,85,65,89
2020-05-30,0,59,64,68,51,70
2020-05-31,0,52,62,72,37,76
2020-06-01,28,65,87,94,99,83
2020-06-02,83,95,87,97,83,89
2020-06-03,80,91,86,95,89,90
2020-06-04,92,98,87,97,88,95
2020-06-05,96,86,82,87,72,92
2020-06-06,0,66,68,70,39,72
2020-06-07,0,55,58,69,44,84
2020-06-08,40,95,89,93,77,99
2020-06-09,26,93,90,95,63,96
2020-06-10,42,91,89,100,100,92
2020-06-11,100,92,94,100,95,100
2020-06-12,74,87,81,90,68,93
2020-06-13,0,55,64,70,56,75
2020-06-14,0,48,57,66,55,70
2020-06-15,29,97,89,92,88,97
2020-06-16,42,100,91,98,87,91
2020-06-17,43,92,85,96,89,96
2020-06-18,57,90,92,96,98,94
2020-06-19,15,81,85,88,73,91
2020-06-20,0,56,64,68,52,68
2020-06-21,33,53,55,66,44,67
2020-06-22,43,94,93,92,75,93
2020-06-23,43,94,94,97,88,94
2020-06-24,74,82,91,97,63,93
2020-06-25,59,85,94,100,67,96
2020-06-26,30,84,87,84,80,85
2020-06-27,0,60,66,68,59,71
2020-06-28,0,57,62,70,44,73
2020-06-29,44,96,100,98,84,100
2020-06-30,44,100,97,98,94,97
2020-07-01,37,95,93,93,94,92
2020-07-02,37,93,95,94,81,96
2020-07-03,0,85,77,80,81,81
2020-07-04,28,60,62,63,38,68
2020-07-05,0,56,60,67,39,73
2020-07-06,49,99,96,91,85,94
2020-07-07,48,96,100,97,86,93
2020-07-08,12,100,97,96,88,97
2020-07-09,74,86,98,100,76,100
2020-07-10,65,86,87,89,80,88
2020-07-11,14,57,68,70,37,71
2020-07-12,29,48,61,67,45,75
2020-07-13,37,83,96,92,78,96
2020-07-14,37,69,97,95,66,89
2020-07-15,62,92,94,94,94,96
2020-07-16,13,93,92,98,87,98
2020-07-17,39,94,88,89,74,89
2020-07-18,29,58,65,67,61,72
2020-07-19,14,49,60,71,55,68
2020-07-20,25,91,91,93,97,87
2020-07-21,51,93,98,96,100,97
2020-07-22,100,89,92,91,94,100
2020-07-23,25,88,94,96,99,95
2020-07-24,39,80,86,86,76,83
2020-07-25,44,54,65,67,42,65
2020-07-26,0,54,60,66,43,71
2020-07-27,25,88,96,92,82,90
2020-07-28,38,86,99,92,88,96
2020-07-29,64,84,87,90,79,92
2020-07-30,64,81,92,91,82,93
2020-07-31,27,73,87,82,69,86
2020-08-01,20,57,66,67,55,63
2020-08-02,0,57,57,66,39,63
2020-08-03,69,93,91,94,90,82
2020-08-04,33,100,96,96,82,94
2020-08-05,99,84,90,92,100,85
2020-08-06,68,92,95,93,84,100
2020-08-07,17,81,84,87,60,74
2020-08-08,19,59,63,72,58,65
2020-08-09,58,53,61,66,51,61
2020-08-10,17,85,88,93,83,87
2020-08-11,0,87,92,95,75,88
2020-08-12,17,86,88,92,67,84
2020-08-13,84,76,100,100,66,93
2020-08-14,86,77,87,83,75,75
2020-08-15,57,51,64,67,54,61
2020-08-16,19,46,58,71,60,68
2020-08-17,51,87,93,92,100,85
2020-08-18,33,84,90,94,79,83
2020-08-19,50,90,92,93,87,90
2020-08-20,34,85,89,97,84,96
2020-08-21,52,79,83,84,61,74
2020-08-22,19,53,60,67,60,61
2020-08-23,0,53,55,66,53,64
2020-08-24,49,93,85,92,79,85
2020-08-25,65,93,92,94,89,85
2020-08-26,67,90,87,94,69,87
2020-08-27,100,91,93,100,61,91
2020-08-28,34,88,82,88,70,82
2020-08-29,0,61,64,67,42,66
2020-08-30,19,53,57,66,52,70
2020-08-31,33,95,87,94,75,84
2020-09-01,13,95,98,94,88,97
2020-09-02,13,100,94,95,94,98
2020-09-03,13,92,100,95,81,95
2020-09-04,52,81,88,84,81,86
2020-09-05,0,53,69,64,56,67
2020-09-06,0,51,59,66,51,67
2020-09-07,52,81,70,83,94,88
2020-09-08,25,94,95,93,92,94
2020-09-09,13,85,90,93,73,93
2020-09-10,25,83,99,100,77,95
2020-09-11,38,81,85,88,65,82
2020-09-12,0,55,70,68,43,67
2020-09-13,0,55,61,67,37,71
2020-09-14,100,87,94,95,91,93
2020-09-15,37,87,94,97,100,95
2020-09-16,63,95,92,96,98,100
2020-09-17,0,78,95,98,62,94
2020-09-18,39,82,85,88,71,82
2020-09-19,15,57,64,65,52,63
2020-09-20,29,46,59,66,40,66
2020-09-21,24,89,89,94,85,91
2020-09-22,24,84,94,95,82,92
2020-09-23,74,79,88,95,74,96
2020-09-24,25,90,93,96,67,95
2020-09-25,67,80,82,85,67,73
2020-09-26,30,49,67,65,57,61
2020-09-27,29,51,61,61,48,60
2020-09-28,13,86,92,90,78,89
2020-09-29,51,83,95,91,73,88
2020-09-30,51,92,93,90,99,88
2020-10-01,41,86,98,93,90,89
2020-10-02,43,85,89,84,74,80
2020-10-03,16,63,74,69,42,66
2020-10-04,15,58,64,68,43,70
2020-10-05,95,100,99,99,85,95
2020-10-06,41,91,99,97,95,98
2020-10-07,27,94,94,96,77,92
2020-10-08,27,92,100,100,89,100
2020-10-09,74,79,89,87,74,85
2020-10-10,0,53,68,66,56,63
2020-10-11,0,54,60,68,42,72
2020-10-12,88,98,91,91,100,87
2020-10-13,29,98,95,96,74,91
2020-10-14,57,92,89,88,96,90
2020-10-15,29,82,100,95,90,98
2020-10-16,45,80,87,81,74,91
2020-10-17,16,50,65,63,38,63
2020-10-18,0,50,58,65,34,71
2020-10-19,100,81,92,88,70,95
2020-10-20,14,88,98,93,82,95
2020-10-21,86,93,91,87,85,92
2020-10-22,87,90,91,90,100,98
2020-10-23,30,83,88,81,64,83
2020-10-24,16,54,61,63,35,65
2020-10-25,32,50,55,62,34,62
2020-10-26,29,89,89,84,58,86
2020-10-27,14,89,95,87,77,95
2020-10-28,43,78,87,88,73,93
2020-10-29,43,72,100,89,90,91
2020-10-30,45,79,88,78,79,82
2020-10-31,16,51,62,61,59,62
2020-11-01,0,56,61,64,62,60
2020-11-02,100,93,95,100,87,92
2020-11-03,41,93,93,92,77,85
2020-11-04,48,72,75,75,59,70
2020-11-05,25,84,87,87,75,83
2020-11-06,13,78,80,82,70,80
2020-11-07,0,58,59,62,37,67
2020-11-08,15,57,59,68,54,65
2020-11-09,41,92,92,91,87,95
2020-11-10,41,92,99,97,72,96
2020-11-11,41,76,85,91,61,92
2020-11-12,70,88,98,96,88,91
2020-11-13,44,96,87,86,69,92
2020-11-14,16,56,61,64,50,63
2020-11-15,0,53,61,66,56,73
2020-11-16,69,94,92,92,88,91
2020-11-17,69,99,100,99,97,100
2020-11-18,14,100,93,95,100,96
2020-11-19,71,89,94,95,95,99
2020-11-20,57,86,84,85,90,84
2020-11-21,0,61,62,67,43,60
2020-11-22,0,55,55,66,56,70
2020-11-23,56,86,89,88,97,97
2020-11-24,55,89,92,94,92,96
2020-11-25,41,79,77,87,85,87
2020-11-26,42,87,65,81,85,82
2020-11-27,56,81,68,75,81,76
2020-11-28,0,50,59,70,51,60
2020-11-29,30,54,55,63,44,62
2020-11-30,27,91,92,90,80,86
2020-12-01,47,91,92,95,95,90
2020-12-02,62,88,93,98,78,92
2020-12-03,47,93,94,100,81,90
2020-12-04,32,86,89,92,71,89
2020-12-05,0,58,65,72,48,72
2020-12-06,0,53,58,68,42,70
2020-12-07,47,100,92,97,93,89
2020-12-08,77,93,93,94,79,93
2020-12-09,47,98,88,95,84,96
2020-12-10,32,92,90,99,68,92
2020-12-11,49,79,85,90,91,89
2020-12-12,18,55,65,70,44,68
2020-12-13,0,61,57,68,58,67
2020-12-14,63,90,89,93,100,88
2020-12-15,80,96,100,94,82,100
2020-12-16,64,94,85,90,77,94
2020-12-17,64,84,86,93,86,91
2020-12-18,17,81,82,82,84,87
2020-12-19,55,57,63,65,58,66
2020-12-20,18,44,53,63,44,63
2020-12-21,100,87,81,86,81,81
2020-12-22,33,89,87,85,71,86
2020-12-23,34,71,75,75,64,81
2020-12-24,56,60,70,70,53,73
2020-12-25,0,43,42,49,25,56
2020-12-26,18,48,51,57,37,65
2020-12-27,18,46,52,58,37,73
2020-12-28,49,89,84,75,48,83
2020-12-29,34,89,97,86,64,94
2020-12-30,0,77,86,79,63,87
2020-12-31,36,64,83,70,71,76
2021-01-01,68,45,57,56,51,54
2021-01-02,48,50,64,65,43,60
2021-01-03,0,46,59,66,49,67
2021-01-04,42,95,100,92,76,79
2021-01-05,55,100,98,97,85,76
2021-01-06,28,94,91,86,69,79
2021-01-07,14,87,92,90,93,81
2021-01-08,57,87,94,90,82,80
2021-01-09,46,61,64,67,45,65
2021-01-10,0,52,63,67,50,60
2021-01-11,67,90,89,90,97,85
2021-01-12,41,97,97,94,82,84
2021-01-13,56,91,91,94,82,81
2021-01-14,43,83,92,95,66,81
2021-01-15,86,83,92,89,84,80
2021-01-16,31,57,66,68,49,64
2021-01-17,46,51,59,66,34,61
2021-01-18,56,92,84,93,87,79
2021-01-19,14,95,93,97,94,80
2021-01-20,67,83,89,90,83,80
2021-01-21,69,89,93,95,79,84
2021-01-22,58,84,91,91,77,81
2021-01-23,78,61,66,69,44,60
2021-01-24,0,54,59,63,46,66
2021-01-25,27,86,91,95,85,91
2021-01-26,96,83,90,95,75,77
2021-01-27,14,87,96,98,85,86
2021-01-28,56,85,95,100,100,100
2021-01-29,100,82,98,88,76,98
2021-01-30,16,61,72,65,60,69
2021-01-31,16,58,69,66,49,67
2021-02-01,29,97,96,96,67,93
2021-02-02,43,97,96,100,92,93
2021-02-03,29,94,100,100,76,98
2021-02-04,73,98,99,99,86,91
2021-02-05,30,91,91,88,78,87
2021-02-06,0,66,67,68,37,71
2021-02-07,0,51,55,67,40,67
2021-02-08,57,97,91,95,84,95
2021-02-09,43,95,91,99,77,100
2021-02-10,100,89,96,99,73,99
2021-02-11,43,88,94,97,71,96
2021-02-12,46,78,90,87,62,79
2021-02-13,16,60,66,65,40,69
2021-02-14,0,52,56,63,42,66
2021-02-15,44,90,84,88,78,87
2021-02-16,72,91,88,91,65,94
2021-02-17,44,93,98,97,72,88
2021-02-18,58,92,93,96,100,86
2021-02-19,45,89,93,89,86,85
2021-02-20,0,64,70,68,45,67
2021-02-21,33,51,56,68,32,67
2021-02-22,28,100,97,95,71,92
2021-02-23,14,90,95,96,77,93
2021-02-24,56,85,98,99,72,96
2021-02-25,43,87,96,98,93,89
2021-02-26,15,82,94,89,74,78
2021-02-27,0,59,68,68,45,65
2021-02-28,0,54,61,67,45,68
2021-03-01,75,92,94,96,86,100
2021-03-02,12,100,87,95,69,91
2021-03-03,62,96,98,100,88,99
2021-03-04,50,88,88,98,94,93
2021-03-05,39,92,83,85,82,80
2021-03-06,14,56,61,66,39,65
2021-03-07,28,55,54,67,48,67
2021-03-08,100,89,88,90,90,92
2021-03-09,88,100,86,95,70,85
2021-03-10,25,87,89,94,76,94
2021-03-11,52,89,91,96,100,93
2021-03-12,52,90,84,86,79,81
2021-03-13,0,60,65,70,48,69
2021-03-14,14,51,55,66,49,73
2021-03-15,41,89,83,91,76,86
2021-03-16,43,90,86,95,72,90
2021-03-17,12,87,89,95,71,97
2021-03-18,62,91,89,90,85,85
2021-03-19,13,93,86,83,66,79
2021-03-20,0,59,62,67,40,65
2021-03-21,0,51,56,64,38,65
2021-03-22,37,87,90,94,80,97
2021-03-23,37,90,85,91,60,91
2021-03-24,50,85,93,97,78,100
2021-03-25,63,88,89,94,67,92
2021-03-26,52,91,86,81,88,79
2021-03-27,15,65,60,66,60,65
2021-03-28,14,53,53,64,39,62
2021-03-29,39,90,85,87,82,80
2021-03-30,39,88,89,93,76,93
2021-03-31,40,86,100,100,60,98
2021-04-01,80,92,92,90,61,81
2021-04-02,14,82,80,79,46,66
2021-04-03,15,61,64,63,35,59
2021-04-04,0,47,53,63,36,60
2021-04-05,26,66,90,84,37,84
2021-04-06,74,100,96,96,76,83
2021-04-07,61,98,99,98,76,81
2021-04-08,50,97,99,96,100,83
2021-04-09,63,94,87,87,62,79
2021-04-10,14,64,65,69,36,64
2021-04-11,0,55,61,72,49,64
2021-04-12,12,98,97,95,73,85
2021-04-13,62,93,93,95,69,82
2021-04-14,37,95,94,96,83,94
2021-04-15,100,98,94,98,81,90
2021-04-16,52,91,87,89,57,90
2021-04-17,0,68,60,68,43,67
2021-04-18,14,46,55,67,43,68
2021-04-19,63,93,96,100,69,100
2021-04-20,49,98,93,98,86,92
2021-04-21,62,99,96,100,56,89
2021-04-22,62,90,96,97,79,96
2021-04-23,52,86,87,89,65,84
2021-04-24,0,63,64,68,36,63
2021-04-25,0,57,57,67,35,61
2021-04-26,62,96,94,94,78,87
2021-04-27,25,96,94,99,72,85
2021-04-28,37,88,100,99,76,89
2021-04-29,37,98,91,100,58,83
2021-04-30,38,93,90,87,63,80
2021-05-01,16,58,68,63,45,69
2021-05-02,0,59,55,63,60,61
2021-05-03,28,95,91,89,59,89
2021-05-04,27,95,94,96,74,100
2021-05-05,28,90,97,100,80,99
2021-05-06,28,92,94,94,64,97
2021-05-07,15,82,89,88,66,93
2021-05-08,32,50,66,65,45,77
2021-05-09,16,52,57,62,46,69
2021-05-10,100,91,94,93,77,96
2021-05-11,96,93,91,90,78,97
2021-05-12,42,82,95,93,74,97
2021-05-13,43,64,100,89,67,86
2021-05-14,0,78,90,85,66,86
2021-05-15,32,58,65,68,37,67
2021-05-16,16,57,58,67,39,74
2021-05-17,56,94,97,90,100,95
2021-05-18,0,97,96,95,77,95
2021-05-19,28,84,93,98,70,100
2021-05-20,71,91,92,93,63,87
2021-05-21,87,89,87,84,65,85
2021-05-22,0,63,59,64,36,67
2021-05-23,0,53,57,63,29,75
2021-05-24,100,67,93,90,79,89
2021-05-25,29,100,95,95,80,92
2021-05-26,43,92,94,92,86,93
2021-05-27,71,87,92,92,67,86
2021-05-28,30,85,88,83,73,76
2021-05-29,16,53,63,65,47,69
2021-05-30,0,53,57,67,30,64
2021-05-31,15,94,68,77,38,77
2021-06-01,17,89,88,91,94,87
2021-06-02,33,88,97,99,68,100
2021-06-03,86,92,89,96,73,93
2021-06-04,18,85,82,85,67,84
2021-06-05,19,63,62,66,37,63
2021-06-06,19,58,55,66,30,65
2021-06-07,33,85,82,91,66,91
2021-06-08,49,88,81,95,100,95
2021-06-09,50,95,89,95,74,91
2021-06-10,34,89,91,98,78,92
2021-06-11,35,84,82,83,45,90
2021-06-12,0,54,63,66,43,72
2021-06-13,37,47,54,63,40,69
2021-06-14,100,90,87,91,72,84
2021-06-15,83,98,88,92,73,89
2021-06-16,34,86,94,100,74,88
2021-06-17,17,82,83,90,62,92
2021-06-18,35,80,80,84,85,84
2021-06-19,0,56,58,62,40,65
2021-06-20,0,52,53,60,61,65
2021-06-21,0,100,88,90,97,96
2021-06-22,68,94,89,93,94,93
2021-06-23,100,88,90,95,70,92
2021-06-24,52,83,87,94,97,88
2021-06-25,18,85,84,85,60,85
2021-06-26,19,61,63,65,46,71
2021-06-27,0,55,56,64,39,65
2021-06-28,17,97,91,93,73,87
2021-06-29,17,96,85,91,71,81
2021-06-30,52,99,100,99,96,96
