,Date,Open,High,Low,Close,Volume,takeaway,Just Eat,food,SkipTheDishes,delivery,restaurants
0,2017-01-03,2352.260986328125,2352.260986328125,2330.14306640625,2349.85693359375,393,37,38,87,26,83,59
1,2017-01-04,2354.875,2354.875,2354.875,2354.875,48,38,31,86,0,79,63
2,2017-01-05,2354.875,2354.875,2354.875,2354.875,0,41,31,87,26,82,63
3,2017-01-06,2352.875,2352.875,2352.875,2352.875,16,58,53,87,54,90,70
4,2017-01-09,2373.68798828125,2373.68798828125,2350.635009765625,2350.635009765625,206,33,30,84,100,76,55
5,2017-01-10,2376.7451171875,2381.821044921875,2376.7451171875,2381.821044921875,1080,31,30,83,25,79,55
6,2017-01-11,2381.821044921875,2381.821044921875,2381.821044921875,2381.821044921875,0,29,27,83,99,80,56
7,2017-01-12,2683.75,2759.843994140625,2500.876953125,2623.929931640625,4475,39,36,86,0,79,60
8,2017-01-13,2899.845947265625,2899.845947265625,2899.845947265625,2899.845947265625,26,59,54,85,26,84,71
9,2017-01-16,2985.14990234375,2985.14990234375,2985.14990234375,2985.14990234375,20,36,29,85,0,83,63
10,2017-01-17,2951.75,2999.83203125,2951.75,2999.83203125,2891,34,26,88,0,76,58
11,2017-01-18,3026.25,3026.25,2887.75,2977.37890625,199,38,28,84,24,77,56
12,2017-01-19,2971.56298828125,2979.35009765625,2963.0,2979.35009765625,6160,43,32,87,98,75,61
13,2017-01-20,2985.324951171875,2989.739990234375,2985.324951171875,2989.739990234375,5484,59,46,85,51,81,70
14,2017-01-23,2990.9951171875,2999.157958984375,2990.993896484375,2999.157958984375,5742,28,26,86,49,79,58
15,2017-01-24,2988.81689453125,2988.8330078125,2974.823974609375,2974.823974609375,2377,28,29,84,48,77,56
16,2017-01-25,2996.4970703125,2998.69091796875,2996.4970703125,2997.837890625,3228,42,29,85,49,79,56
17,2017-01-26,3012.84912109375,3095.330078125,3012.84912109375,3095.330078125,915,40,37,86,25,78,61
18,2017-01-27,3038.822021484375,3038.822021484375,3038.822021484375,3038.822021484375,45,65,56,88,26,86,71
19,2017-01-30,3051.52490234375,3071.194091796875,3017.343017578125,3017.343017578125,2142,38,31,85,97,78,55
20,2017-01-31,3036.30810546875,3036.31005859375,3022.510986328125,3029.3359375,5947,38,35,88,49,81,57
21,2017-02-01,3075.302978515625,3085.486083984375,3054.27587890625,3085.486083984375,3179,23,42,91,0,62,56
22,2017-02-02,3066.81005859375,3066.81005859375,3066.0439453125,3066.0439453125,1014,19,41,93,44,66,57
23,2017-02-03,3071.388916015625,3089.3330078125,3071.388916015625,3089.3330078125,180,34,66,93,15,65,65
24,2017-02-06,3053.1650390625,3053.1650390625,3053.1650390625,3053.1650390625,133,19,36,83,100,62,49
25,2017-02-07,3095.0,3130.174072265625,3095.0,3130.174072265625,20195,20,36,91,29,66,55
26,2017-02-08,3103.8291015625,3111.177001953125,3103.820068359375,3111.177001953125,432,18,32,89,58,65,56
27,2017-02-09,3111.177001953125,3111.177001953125,3111.177001953125,3111.177001953125,0,23,43,87,29,66,59
28,2017-02-10,3172.826904296875,3172.826904296875,3172.826904296875,3172.826904296875,81,36,62,90,30,75,68
29,2017-02-13,3201.1201171875,3201.1201171875,3176.325927734375,3176.325927734375,5852,21,36,88,0,88,66
30,2017-02-14,3196.323974609375,3196.323974609375,3196.323974609375,3196.323974609375,159,32,52,89,73,100,82
31,2017-02-15,3194.967041015625,3194.967041015625,3194.966064453125,3194.966064453125,785,20,41,89,0,64,64
32,2017-02-16,3171.175048828125,3171.175048828125,3171.175048828125,3171.175048828125,63,24,45,95,44,62,61
33,2017-02-17,3149.674072265625,3149.674072265625,3149.674072265625,3149.674072265625,529,35,62,92,0,68,73
34,2017-02-20,3150.1669921875,3150.1669921875,3150.1669921875,3150.1669921875,72,21,38,94,29,64,63
35,2017-02-21,3116.154052734375,3116.154052734375,3116.154052734375,3116.154052734375,13,19,36,91,57,60,55
36,2017-02-22,3140.0,3140.0,3136.674072265625,3136.674072265625,1210,21,34,92,0,60,58
37,2017-02-23,3136.674072265625,3136.674072265625,3136.674072265625,3136.674072265625,0,24,46,93,14,61,60
38,2017-02-24,3126.699951171875,3126.699951171875,3126.699951171875,3126.699951171875,39,36,59,91,30,66,71
39,2017-02-27,3126.699951171875,3126.699951171875,3126.699951171875,3126.699951171875,0,27,38,94,14,65,56
40,2017-02-28,3137.583984375,3137.583984375,3137.583984375,3137.583984375,154,20,38,93,28,66,54
41,2017-03-01,3132.330078125,3140.324951171875,3132.330078125,3140.324951171875,201,35,29,89,42,78,58
42,2017-03-02,3145.60693359375,3145.60693359375,3140.669921875,3140.669921875,1545,30,28,89,28,81,61
43,2017-03-03,3140.669921875,3140.669921875,3140.669921875,3140.669921875,0,51,51,90,44,91,68
44,2017-03-06,3103.0,3124.89990234375,3103.0,3124.89990234375,501,31,26,93,28,83,57
45,2017-03-07,3110.16796875,3110.16796875,3110.16796875,3110.16796875,95,28,29,90,55,82,58
46,2017-03-08,3120.1669921875,3120.1669921875,3105.43701171875,3105.43701171875,564,23,30,88,29,85,57
47,2017-03-09,3149.825927734375,3149.825927734375,3149.825927734375,3149.825927734375,379,27,33,92,0,79,61
48,2017-03-10,3157.324951171875,3157.324951171875,3157.324951171875,3157.324951171875,481,39,50,87,30,83,71
49,2017-03-13,3282.43896484375,3329.822021484375,3282.43896484375,3282.44091796875,3355,29,26,93,54,82,59
50,2017-03-14,3470.875,3509.25,3414.18798828125,3414.18798828125,2760,25,27,88,100,80,55
51,2017-03-15,3237.75,3262.5,3208.62890625,3208.62890625,6156,30,30,88,73,83,61
52,2017-03-16,3176.68798828125,3212.677001953125,3166.56298828125,3176.81494140625,1052,28,31,90,73,83,61
53,2017-03-17,3167.25,3167.25,3164.5,3164.5,3082,41,50,95,31,87,73
54,2017-03-20,3074.0,3074.8330078125,3068.5,3074.8330078125,644,28,30,88,59,81,60
55,2017-03-21,3060.25,3060.625,3031.8310546875,3031.8310546875,534,30,28,90,15,82,59
56,2017-03-22,3011.2529296875,3031.66796875,3011.2529296875,3031.66796875,1307,23,32,88,43,79,59
57,2017-03-23,3049.590087890625,3049.590087890625,2985.8349609375,2985.8349609375,3300,27,29,90,44,82,61
58,2017-03-24,3023.946044921875,3023.946044921875,3013.6640625,3019.70703125,567,45,55,91,76,95,74
59,2017-03-27,3142.157958984375,3142.157958984375,3142.157958984375,3142.157958984375,19,29,29,90,14,79,57
60,2017-03-28,3135.322998046875,3135.322998046875,3135.322998046875,3135.322998046875,96,28,29,88,44,81,56
61,2017-03-29,3123.8291015625,3123.8291015625,3117.93408203125,3117.93408203125,664,28,27,90,15,83,60
62,2017-03-30,3112.75,3112.8740234375,3102.83203125,3107.9130859375,5805,29,35,87,59,84,61
63,2017-03-31,3120.0,3148.822998046875,3120.0,3133.077880859375,15428,46,57,90,30,89,73
64,2017-04-03,3127.05810546875,3129.830078125,3127.05810546875,3129.830078125,4326,32,40,87,67,79,62
65,2017-04-04,3100.0,3134.531005859375,3075.31494140625,3075.31494140625,1699,35,41,91,34,79,63
66,2017-04-05,3062.0,3062.0,2999.8359375,2999.8359375,871,30,41,88,34,83,66
67,2017-04-06,2978.0,3080.06298828125,2978.0,2992.8330078125,6492,36,52,90,52,83,70
68,2017-04-07,2988.1669921875,2988.1669921875,2988.1669921875,2988.1669921875,54,51,65,89,18,82,79
69,2017-04-10,3018.75,3025.133056640625,3013.8330078125,3013.8330078125,1349,36,46,90,17,79,68
70,2017-04-11,3018.81298828125,3018.81298828125,3006.6640625,3006.6640625,427,31,41,87,34,81,66
71,2017-04-12,3000.0,3035.166015625,3000.0,3035.166015625,3974,38,40,88,53,87,67
72,2017-04-13,3062.158935546875,3062.158935546875,3062.158935546875,3062.158935546875,44,47,56,88,36,86,71
73,2017-04-18,3035.75,3067.6669921875,3035.75,3067.6669921875,36,36,41,83,67,82,60
74,2017-04-19,3035.1640625,3035.1640625,3035.1640625,3035.1640625,67,27,39,86,34,79,62
75,2017-04-20,3051.654052734375,3051.654052734375,3051.654052734375,3051.654052734375,26,36,50,88,34,84,65
76,2017-04-21,3076.658935546875,3076.658935546875,3056.31298828125,3056.31298828125,4878,50,76,88,71,90,78
77,2017-04-24,3094.278076171875,3094.278076171875,3076.340087890625,3076.340087890625,112,30,36,92,51,82,64
78,2017-04-25,3075.0,3106.842041015625,3075.0,3106.842041015625,169,39,42,89,51,82,63
79,2017-04-26,3101.375,3101.375,3063.3310546875,3063.3310546875,1686,27,44,86,50,83,61
80,2017-04-27,3073.325927734375,3073.325927734375,3073.325927734375,3073.325927734375,69,41,48,87,86,82,66
81,2017-04-28,3097.5,3098.14404296875,3092.25,3097.43408203125,1459,53,82,86,70,89,72
82,2017-05-02,3012.5,3012.5,3012.5,3012.5,3,44,49,88,28,73,61
83,2017-05-03,2900.159912109375,2900.159912109375,2900.159912109375,2900.159912109375,25,40,40,89,14,73,59
84,2017-05-04,2885.25,2892.052978515625,2882.31298828125,2892.052978515625,19149,41,43,91,57,74,63
85,2017-05-05,2892.052978515625,2892.052978515625,2892.052978515625,2892.052978515625,0,66,68,93,44,82,78
86,2017-05-08,2980.14306640625,2980.14306640625,2980.14306640625,2980.14306640625,7,39,43,89,0,77,62
87,2017-05-09,2998.0,3002.85693359375,2997.490966796875,2997.490966796875,2533,37,39,90,28,82,63
88,2017-05-10,3030.0,3021.280029296875,3000.159912109375,3000.159912109375,1276,38,40,87,43,86,65
89,2017-05-11,2997.285888671875,2997.285888671875,2997.285888671875,2997.285888671875,21,50,47,90,29,87,66
90,2017-05-12,2957.1630859375,2957.1630859375,2957.1630859375,2957.1630859375,49,68,70,92,60,93,81
91,2017-05-15,2960.1669921875,2960.1669921875,2960.1669921875,2960.1669921875,36,41,40,92,75,73,63
92,2017-05-16,3033.31298828125,3146.5,3033.31298828125,3054.178955078125,2254,37,39,90,15,73,62
93,2017-05-17,3150.0,3165.179931640625,3150.0,3165.179931640625,54,43,46,88,30,70,60
94,2017-05-18,3122.875,3272.0,3122.875,3227.18896484375,3494,52,50,88,15,69,65
95,2017-05-19,3301.18505859375,3301.18505859375,3253.1669921875,3253.1669921875,105,61,73,91,16,80,77
96,2017-05-22,3305.655029296875,3319.81689453125,3305.655029296875,3319.81689453125,968,40,43,92,76,73,66
97,2017-05-23,3320.0,3344.81591796875,3320.0,3344.81591796875,4875,38,40,90,59,73,61
98,2017-05-24,3450.56298828125,3459.81005859375,3445.875,3459.81005859375,948,42,40,91,31,73,64
99,2017-05-25,3569.964111328125,3572.712890625,3498.25,3572.303955078125,4074,43,53,93,15,75,67
100,2017-05-26,3577.324951171875,3577.3330078125,3477.466064453125,3477.466064453125,3639,62,71,94,0,79,76
101,2017-05-30,3532.115966796875,3649.5,3532.115966796875,3600.677001953125,1314,45,44,88,45,72,61
102,2017-05-31,3709.25,3739.5,3693.5810546875,3739.5,19086,46,46,88,29,73,64
103,2017-06-01,3759.29296875,3759.29296875,3727.20703125,3727.2080078125,2161,56,51,85,12,85,63
104,2017-06-02,3743.75,3799.7919921875,3743.75,3799.7919921875,25770,76,85,89,64,88,71
105,2017-06-05,3797.75,3839.782958984375,3791.60205078125,3839.782958984375,3865,52,54,90,24,84,62
106,2017-06-06,3799.219970703125,3799.219970703125,3789.79296875,3789.79296875,3278,47,52,87,70,80,63
107,2017-06-07,3760.43798828125,3760.43798828125,3665.5,3665.698974609375,12070,52,45,87,12,83,59
108,2017-06-08,3662.721923828125,3672.7880859375,3662.721923828125,3662.72412109375,3309,55,46,84,12,82,63
109,2017-06-09,3565.0,3586.972900390625,3565.0,3586.972900390625,3801,71,71,89,13,85,72
110,2017-06-12,3552.139892578125,3552.14111328125,3551.138916015625,3551.196044921875,2585,47,48,86,24,90,65
111,2017-06-13,3596.740966796875,3639.25,3596.739013671875,3639.25,6130,47,41,85,47,83,63
112,2017-06-14,3620.7119140625,3629.75,3620.7119140625,3629.75,1838,40,43,86,24,88,65
113,2017-06-15,3600.0,3600.0,3597.02587890625,3597.02587890625,1017,47,44,87,37,86,68
114,2017-06-16,3603.802978515625,3603.802978515625,3603.5029296875,3603.5029296875,927,64,69,90,88,94,79
115,2017-06-19,3603.5029296875,3603.5029296875,3603.5029296875,3603.5029296875,0,43,45,88,36,88,64
116,2017-06-20,3622.3349609375,3622.3349609375,3620.2880859375,3620.675048828125,4845,46,41,86,81,90,67
117,2017-06-21,3641.0810546875,3686.448974609375,3634.06494140625,3634.06494140625,8498,51,48,87,0,88,68
118,2017-06-22,3738.780029296875,3749.7939453125,3717.18701171875,3749.7939453125,3348,50,47,87,35,87,68
119,2017-06-23,3760.0,3760.0,3691.70703125,3736.75,803,80,74,92,24,96,85
120,2017-06-26,3743.791015625,3743.791015625,3743.791015625,3743.791015625,139,53,47,92,12,94,74
121,2017-06-27,3710.81298828125,3711.5,3710.81298828125,3711.299072265625,368,55,48,86,50,86,71
122,2017-06-28,3719.5,3719.5,3719.2919921875,3719.2919921875,169,53,54,88,100,89,67
123,2017-06-29,3710.199951171875,3710.199951171875,3710.199951171875,3710.199951171875,5,61,53,86,87,91,72
124,2017-06-30,3750.0,3750.0,3713.0,3729.0,3871,78,83,87,64,97,83
125,2017-07-03,3769.60009765625,3769.60009765625,3749.7958984375,3765.85302734375,3072,38,43,91,50,86,77
126,2017-07-04,3765.85302734375,3765.85302734375,3765.85302734375,3765.85302734375,0,43,46,89,25,83,75
127,2017-07-05,3830.0,3830.0,3793.0,3799.722900390625,6825,40,47,87,13,85,66
128,2017-07-06,3779.568115234375,3779.568115234375,3737.965087890625,3737.965087890625,524,46,46,85,62,85,70
129,2017-07-07,3819.5,3819.5,3758.69189453125,3807.469970703125,3329,67,71,91,78,90,78
130,2017-07-10,4094.174072265625,4094.174072265625,3984.155029296875,3984.155029296875,1063,47,46,87,48,87,68
131,2017-07-11,3984.155029296875,3984.155029296875,3984.155029296875,3984.155029296875,0,38,43,86,61,86,65
132,2017-07-12,4103.06298828125,4103.06298828125,4015.216064453125,4062.0,27962,47,46,87,24,89,66
133,2017-07-13,3992.0,3997.26904296875,3992.0,3997.26904296875,1544,43,51,87,24,89,68
134,2017-07-14,3992.0,4060.218994140625,3992.0,4010.498046875,731,63,71,88,76,89,78
135,2017-07-17,4050.705078125,4050.705078125,4040.22412109375,4040.22412109375,255,37,46,85,37,84,67
136,2017-07-18,4041.794921875,4041.794921875,4009.720947265625,4009.720947265625,281,45,40,87,37,84,68
137,2017-07-19,3990.222900390625,3990.222900390625,3990.222900390625,3990.222900390625,139,42,47,92,25,86,69
138,2017-07-20,4000.72705078125,4000.72705078125,4000.72705078125,4000.72705078125,22,46,49,86,37,85,65
139,2017-07-21,3920.218994140625,3973.987060546875,3920.218994140625,3973.987060546875,399,59,71,90,51,89,79
140,2017-07-24,3946.783935546875,3946.783935546875,3946.783935546875,3946.783935546875,370,38,47,87,48,84,67
141,2017-07-25,3971.0,3977.9541015625,3971.0,3977.9541015625,32569,45,42,89,48,81,65
142,2017-07-26,3915.708984375,3918.111083984375,3915.708984375,3918.111083984375,401,52,48,86,0,88,69
143,2017-07-27,3914.5,3914.75,3914.5,3914.75,165,54,50,89,25,88,71
144,2017-07-28,3872.927001953125,3872.927001953125,3868.22705078125,3868.22705078125,1503,75,71,90,38,93,81
145,2017-07-31,3839.949951171875,3859.7080078125,3839.949951171875,3859.7080078125,2971,45,48,86,48,84,68
146,2017-08-01,3910.0,3918.75,3897.2080078125,3917.867919921875,22416,55,49,88,43,84,69
147,2017-08-02,3760.125,3915.68798828125,3700.0,3705.0,271638,54,56,91,28,91,71
148,2017-08-03,3716.75,3739.2958984375,3688.5,3702.5869140625,6737,58,52,87,43,89,69
149,2017-08-04,3745.659912109375,3757.2919921875,3745.659912109375,3757.2919921875,735,68,75,89,91,88,84
150,2017-08-07,3720.29296875,3720.29296875,3706.779052734375,3706.779052734375,464,53,55,88,43,85,71
151,2017-08-08,3739.797119140625,3739.797119140625,3739.006103515625,3739.006103515625,425,45,50,88,42,84,69
152,2017-08-09,3725.0,3725.0,3711.93701171875,3713.34912109375,1788,45,50,88,43,86,66
153,2017-08-10,3727.0,3754.708984375,3727.0,3727.14599609375,13112,58,49,86,15,87,71
154,2017-08-11,3707.0,3740.2041015625,3707.0,3733.25,10397,81,72,88,76,86,77
155,2017-08-14,3756.25,3756.25,3724.118896484375,3724.118896484375,430,50,48,86,0,76,66
156,2017-08-15,3749.75,3779.705078125,3749.595947265625,3749.595947265625,233,52,53,87,30,79,70
157,2017-08-16,3777.389892578125,3783.29296875,3777.389892578125,3783.29296875,583,51,52,87,29,80,64
158,2017-08-17,3770.29296875,3770.29296875,3770.29296875,3770.29296875,53,47,51,87,59,82,68
159,2017-08-18,3718.0,3729.7919921875,3700.030029296875,3729.7919921875,25443,79,69,88,0,84,76
160,2017-08-21,3700.5,3753.708984375,3700.5,3701.85009765625,231322,48,48,83,43,81,64
161,2017-08-22,3749.75390625,3749.75390625,3745.304931640625,3745.304931640625,636,44,51,82,29,80,63
162,2017-08-23,3782.919921875,3786.712890625,3782.919921875,3786.284912109375,442,55,59,83,59,81,62
163,2017-08-24,3761.738037109375,3761.738037109375,3756.205078125,3756.205078125,324,53,55,86,30,84,61
164,2017-08-25,3757.5,3757.5,3678.425048828125,3697.697021484375,15113,75,69,86,76,83,73
165,2017-08-29,3706.31103515625,3711.199951171875,3706.31103515625,3711.199951171875,2881,48,47,86,14,82,57
166,2017-08-30,3700.0,3731.701904296875,3700.0,3731.701904296875,18918,56,54,85,29,80,59
167,2017-08-31,3900.2109375,3900.2109375,3886.85009765625,3895.77001953125,5960,57,56,89,59,87,60
168,2017-09-01,3921.60888671875,4059.93798828125,3927.5,3993.89892578125,16283,70,65,91,64,92,80
169,2017-09-04,4012.0,4030.47607421875,4000.0,4001.56005859375,42861,52,44,92,25,81,76
170,2017-09-05,4063.0,4063.22607421875,4053.47900390625,4053.47900390625,488,45,41,83,35,77,56
171,2017-09-06,4070.76708984375,4090.070068359375,4070.76708984375,4090.070068359375,119,38,38,83,0,77,54
172,2017-09-07,4008.39990234375,4027.361083984375,3990.5,3990.5,1250,37,39,87,12,79,58
173,2017-09-08,3700.0,3705.550048828125,3604.0,3639.281005859375,209220,69,71,85,37,82,70
174,2017-09-11,3662.75,3680.0,3662.75,3679.798095703125,11464,40,34,85,35,80,63
175,2017-09-12,3689.798095703125,3689.798095703125,3689.798095703125,3689.798095703125,800,34,36,87,35,78,58
176,2017-09-13,3684.798095703125,3684.798095703125,3684.798095703125,3684.798095703125,410,37,38,88,12,78,62
177,2017-09-14,3699.797119140625,3699.797119140625,3694.032958984375,3694.032958984375,1019,47,42,88,71,78,61
178,2017-09-15,3698.75,3748.27294921875,3698.75,3702.39404296875,25086,72,71,93,62,85,73
179,2017-09-18,3730.449951171875,3730.449951171875,3725.0,3725.2041015625,878,37,35,91,71,78,59
180,2017-09-19,3714.9609375,3714.9609375,3714.9609375,3714.9609375,899,34,38,87,47,78,60
181,2017-09-20,3710.0,3717.5,3704.7919921875,3705.3330078125,79683,42,39,87,23,75,57
182,2017-09-21,3707.798095703125,3719.800048828125,3706.7548828125,3706.7548828125,807,44,43,89,36,81,62
183,2017-09-22,3722.5,3722.5,3700.72509765625,3710.2958984375,9950,69,73,88,37,86,76
184,2017-09-25,3717.0,3767.0,3717.0,3744.410888671875,11295,44,39,87,23,79,59
185,2017-09-26,3750.2080078125,3750.2080078125,3750.2080078125,3750.2080078125,72,37,42,85,0,80,59
186,2017-09-27,3748.080078125,3748.080078125,3738.714111328125,3738.714111328125,355,41,42,82,59,81,59
187,2017-09-28,3736.93701171875,3760.7958984375,3736.06201171875,3760.7958984375,2108,51,43,86,36,82,58
188,2017-09-29,3737.75,3740.93701171875,3720.2958984375,3720.2958984375,4772,69,81,92,50,90,75
189,2017-10-02,3722.375,3724.404052734375,3707.041015625,3711.679931640625,19646,49,37,83,14,81,61
190,2017-10-03,3690.3798828125,3690.3798828125,3684.7900390625,3684.7900390625,79,41,37,85,42,81,60
191,2017-10-04,3691.81298828125,3691.81298828125,3686.298095703125,3690.760009765625,3260,42,43,88,28,80,61
192,2017-10-05,3702.125,3702.125,3637.0,3670.0,29237,47,42,89,70,85,64
193,2017-10-06,3694.5,3728.5,3694.5,3694.64794921875,2937,77,66,89,100,84,75
194,2017-10-09,3695.5,3695.5,3684.2958984375,3684.2958984375,234,41,38,87,14,89,67
195,2017-10-10,3829.7890625,3861.555908203125,3829.7890625,3861.554931640625,3050,54,34,86,27,80,61
196,2017-10-11,4008.221923828125,4027.258056640625,4008.221923828125,4027.258056640625,440,50,43,85,27,81,60
197,2017-10-12,4044.0,4250.26513671875,4044.0,4250.26513671875,30362,48,47,88,42,84,65
198,2017-10-13,4106.5,4106.5,4103.22705078125,4103.22705078125,598,73,68,94,71,91,78
199,2017-10-16,4026.840087890625,4036.169921875,4004.719970703125,4004.719970703125,24756,47,39,89,83,84,62
200,2017-10-17,3915.780029296875,3965.220947265625,3915.780029296875,3965.220947265625,2530,40,38,85,54,80,59
201,2017-10-18,4021.0,4062.75,4021.0,4062.75,526,46,39,86,55,85,60
202,2017-10-19,4042.777099609375,4042.777099609375,4042.777099609375,4042.777099609375,633,54,44,87,0,83,65
203,2017-10-20,4047.280029296875,4074.87890625,4047.280029296875,4070.842041015625,495,71,66,89,43,83,79
204,2017-10-23,4095.5,4095.5,4085.89111328125,4085.89111328125,939,51,37,84,27,81,59
205,2017-10-24,4018.0,4018.5,4000.780029296875,4004.409912109375,7469,56,38,89,54,81,60
206,2017-10-25,4062.27587890625,4076.333984375,4049.1669921875,4076.333984375,647,49,40,88,27,83,58
207,2017-10-26,4068.5,4068.5,4068.27587890625,4068.27587890625,1150,54,43,89,41,85,61
208,2017-10-27,4071.77490234375,4088.868896484375,4071.77490234375,4088.868896484375,735,81,63,86,43,89,71
209,2017-10-30,4092.778076171875,4092.778076171875,4092.778076171875,4092.778076171875,18,50,39,86,27,82,55
210,2017-10-31,4053.5,4057.27587890625,4048.0,4057.27587890625,1126,56,46,83,41,78,53
211,2017-11-01,4235.26806640625,4235.26806640625,4235.26806640625,4235.26806640625,327,60,50,89,62,81,61
212,2017-11-02,4186.2001953125,4222.291015625,4182.1611328125,4182.1611328125,642,57,40,91,21,82,65
213,2017-11-03,4347.5,4389.7578125,4302.39599609375,4389.7578125,796,80,66,94,31,87,77
214,2017-11-06,4389.7578125,4389.7578125,4389.7578125,4389.7578125,0,52,43,89,20,78,57
215,2017-11-07,4302.68701171875,4302.72119140625,4279.73291015625,4302.72119140625,1486,52,41,92,49,77,61
216,2017-11-08,4301.23779296875,4301.23779296875,4301.23779296875,4301.23779296875,168,42,42,89,20,77,60
217,2017-11-09,4230.77001953125,4230.77001953125,4160.22998046875,4160.22998046875,16257,46,41,93,30,79,64
218,2017-11-10,4185.0,4185.0,4179.76806640625,4179.76806640625,597,73,63,96,82,83,79
219,2017-11-13,4129.72802734375,4129.72802734375,4129.72802734375,4129.72802734375,281,46,38,90,19,78,59
220,2017-11-14,4149.72412109375,4149.72412109375,4149.72412109375,4149.72412109375,107,46,39,92,29,75,58
221,2017-11-15,4156.5,4161.89599609375,4156.5,4156.73486328125,548,52,39,92,58,79,60
222,2017-11-16,4183.875,4258.76318359375,4183.875,4204.56396484375,151012,52,40,91,78,79,59
223,2017-11-17,4231.18798828125,4269.76708984375,4231.18798828125,4269.76708984375,1277,67,67,94,51,82,72
224,2017-11-20,4269.76708984375,4269.76708984375,4269.76708984375,4269.76708984375,0,47,37,93,10,75,61
225,2017-11-28,4485.0,4485.0,4460.0,4469.2900390625,248045,52,41,87,29,76,55
226,2017-11-29,4460.5,4469.68701171875,4451.5,4463.6611328125,2591,46,46,87,49,81,56
227,2017-11-30,4407.5,4505.27294921875,4407.5,4505.27294921875,14021,51,50,88,49,81,57
228,2017-12-01,4470.0,4470.0,4452.73681640625,4452.73681640625,25995,65,84,82,20,89,50
229,2017-12-04,4468.0,4485.244140625,4468.0,4469.115234375,15132,48,42,80,6,81,43
230,2017-12-05,4462.8330078125,4462.8427734375,4402.52880859375,4413.27783203125,1352,50,49,83,45,82,43
231,2017-12-06,4335.5,4482.13623046875,4300.75,4463.81298828125,3862,43,53,84,39,83,43
232,2017-12-07,4486.5,4557.75,4475.5,4490.00390625,2767,48,47,81,7,79,44
233,2017-12-08,4580.0,4896.0,4580.0,4877.64892578125,1276,67,86,82,48,89,49
234,2017-12-11,4877.64892578125,4877.64892578125,4877.64892578125,4877.64892578125,0,49,48,80,6,82,43
235,2017-12-18,4930.27685546875,4930.27685546875,4930.27685546875,4900.0,65,45,45,82,20,87,46
236,2017-12-19,4940.27001953125,4940.27001953125,4940.27001953125,4900.0,226,45,45,84,20,91,48
237,2017-12-20,4997.77294921875,5002.0341796875,4992.27294921875,4900.0,743,54,49,83,48,90,48
238,2017-12-21,4844.26904296875,4869.77099609375,4844.26904296875,4997.5,1253,59,60,82,28,92,50
239,2017-12-22,4997.5,4997.5,4997.5,4997.5,0,81,81,80,30,95,53
240,2017-12-27,4847.0,4847.0,4847.0,4772.5,2,74,80,82,28,81,63
241,2017-12-28,4979.26904296875,4979.26904296875,4979.26904296875,4772.5,104,63,61,83,35,86,67
242,2017-12-29,4975.81201171875,4975.81201171875,4971.06298828125,4979.0,3704,78,74,87,36,90,67
243,2018-01-02,5081.66015625,5090.0,5020.0,5088.0,4016,49,40,84,20,87,67
244,2018-01-03,4995.0,5020.0,4995.0,5088.0,107,48,36,83,40,80,62
245,2018-01-04,5009.0,5009.0,5009.0,5030.0,55,45,32,83,49,83,63
246,2018-01-05,5020.0,5020.0,5020.0,5030.0,66,55,41,85,61,86,72
247,2018-01-08,5030.0,5030.0,5030.0,5030.0,0,34,29,82,39,75,55
248,2018-01-09,5032.5,5130.0,4970.25,4962.5,16437,40,27,81,10,77,58
249,2018-01-10,4767.5,4767.5,4755.0,4710.0,99911,38,28,84,20,75,60
250,2018-01-11,4702.5,4747.5,4702.5,4702.5,759,37,30,81,49,77,61
251,2018-01-12,4650.0,4650.0,4650.0,4605.0,18005,60,50,82,80,84,71
252,2018-01-15,4635.0,4635.0,4635.0,4615.0,5000,32,29,83,39,77,66
253,2018-01-16,4650.0,4650.0,4610.0,4640.0,30856,33,29,81,48,80,57
254,2018-01-17,4582.06298828125,4582.06298828125,4582.06298828125,4620.0,1956,32,29,79,0,75,56
255,2018-01-18,4650.0,4650.0,4650.0,4670.0,58622,34,33,86,68,74,61
256,2018-01-19,4655.0,4655.0,4640.0,4650.0,55742,59,49,86,60,80,73
257,2018-01-22,4790.0,4962.0341796875,4744.30419921875,5122.5,99127,29,29,83,19,74,57
258,2018-01-23,4990.0,5010.0,4980.0,5025.0,32996,35,29,80,57,72,58
259,2018-01-24,5020.0,5030.0,4910.0,4917.5,16852,37,31,80,57,74,59
260,2018-01-25,4990.0,4990.0,4900.0,4907.5,3060,37,32,84,58,75,62
261,2018-01-26,4947.5,4947.5,4897.5,4930.0,1371,63,48,83,60,84,78
262,2018-01-29,4930.0,4930.0,4930.0,4930.0,0,33,33,84,76,75,59
263,2018-01-30,4930.0,4930.0,4901.875,4920.0,2814,38,29,83,29,79,57
264,2018-01-31,4880.0,4890.0,4840.0,4880.0,188,38,31,82,29,73,56
265,2018-02-01,4897.5,4897.5,4897.5,4930.0,34647,24,49,89,70,58,59
266,2018-02-02,4875.0,4875.0,4849.9267578125,4845.0,256,36,75,91,41,61,67
267,2018-02-05,4782.5,4813.11376953125,4766.5439453125,4815.0,2042,23,38,83,59,57,50
268,2018-02-06,4685.0,4685.0,4604.8427734375,4615.0,12087,23,47,85,39,58,54
269,2018-02-07,4652.5,4795.0,4652.5,4800.0,1208,23,40,88,49,63,56
270,2018-02-08,4834.51416015625,4834.51416015625,4834.51416015625,4820.0,399,28,43,88,89,59,58
271,2018-02-09,4697.5,4745.0,4697.5,4747.5,66,36,65,90,62,71,69
272,2018-02-12,4805.0,4864.85107421875,4795.0,4835.0,2703,23,39,90,60,70,63
273,2018-02-13,4890.0,4944.92578125,4890.0,4937.5,113,26,46,90,40,85,69
274,2018-02-14,5180.0,5199.64892578125,5159.6318359375,5210.0,2798,42,75,88,50,100,81
275,2018-02-15,5300.0,5340.0,5300.0,5340.0,398,25,53,91,50,62,68
276,2018-02-16,5390.0,5431.39794921875,5390.0,5425.0,1024,36,69,91,82,59,73
277,2018-02-19,5380.0,5390.64794921875,5320.3330078125,5340.0,508,23,41,92,49,60,64
278,2018-02-20,5300.0,5300.0,5260.0,5300.0,219,21,46,88,69,58,56
279,2018-02-21,5290.0,5290.0,5265.0,5270.0,902,23,44,84,29,55,55
280,2018-02-22,5270.0,5270.0,5243.380859375,5260.0,1759,24,49,91,39,57,58
281,2018-02-23,5160.0,5179.5078125,5160.0,5165.0,47,42,77,90,31,63,70
282,2018-02-26,5150.0,5190.0,5150.0,5175.0,547,28,43,88,39,58,53
283,2018-02-27,5200.0,5270.0,5185.0,5260.0,1066,28,47,86,67,54,54
284,2018-02-28,5138.0,5236.9130859375,5106.68212890625,5077.5,3469,26,60,82,19,58,53
285,2018-03-01,5020.0,5020.0,4974.9248046875,4987.5,140,21,64,83,33,79,55
286,2018-03-02,4878.5,4908.2119140625,4848.490234375,4840.0,2346,34,99,90,44,92,64
287,2018-03-05,4864.0,4874.9267578125,4862.5,4845.0,11180,18,41,87,33,78,55
288,2018-03-06,4800.4228515625,4800.4228515625,4800.4228515625,4792.5,848,17,43,86,57,80,54
289,2018-03-07,4762.5,4840.0,4762.5,4810.0,3514,20,46,86,33,81,57
290,2018-03-08,4885.0,4900.0,4844.7578125,4890.0,1294,21,53,89,43,85,60
291,2018-03-09,4845.0,4845.0,4804.52392578125,4805.0,60,29,68,90,35,88,71
292,2018-03-12,4825.4541015625,4825.4541015625,4779.76123046875,4800.0,104,20,41,89,58,79,57
293,2018-03-13,4855.0,4855.0,4707.5,4732.5,390,20,47,87,100,78,58
294,2018-03-14,4687.5,4715.0,4670.0,4655.0,2988,20,43,88,41,78,56
295,2018-03-15,4775.0,4777.18701171875,4718.9580078125,4777.5,2951,22,46,89,59,76,60
296,2018-03-16,4583.3359375,4601.837890625,4567.93212890625,4605.0,26875,31,64,88,70,83,72
297,2018-03-19,4565.0,4565.0,4475.0,4490.0,2482,30,47,89,34,76,55
298,2018-03-20,4415.0,4519.0,4401.5009765625,4502.5,3578,25,44,84,33,77,54
299,2018-03-21,4475.0,4493.923828125,4459.93310546875,4522.5,584,30,40,86,59,79,59
300,2018-03-22,4490.0,4490.0,4459.203125,4517.5,1940,25,45,88,34,77,58
301,2018-03-23,4467.5,4514.93212890625,4461.5908203125,4502.5,3746,35,72,90,27,80,75
302,2018-03-26,4482.5,4560.0,4482.05712890625,4532.5,16031,21,45,91,17,77,61
303,2018-03-27,4510.0,4550.0,4500.0,4490.0,11957,21,43,88,43,81,60
304,2018-03-28,4375.0,4437.77001953125,4366.76318359375,4400.0,28770,24,43,92,69,84,63
305,2018-03-29,4310.0,4395.22021484375,4300.0,4302.5,1698,30,73,89,18,90,70
306,2018-04-03,4260.48681640625,4288.81884765625,4260.48681640625,4275.0,3172,38,53,85,57,81,63
307,2018-04-04,4129.0,4180.0,4115.0,4152.5,4217,29,50,85,65,80,62
308,2018-04-05,4242.5,4395.0,4242.5,4362.5,3015,30,51,86,58,84,66
309,2018-04-06,4405.0,4405.0,4344.85595703125,4327.5,3324,47,74,91,50,90,76
310,2018-04-09,4244.5,4276.94580078125,4244.5,4240.0,1751,34,56,88,66,79,59
311,2018-04-10,4614.5,4672.5,4535.9638671875,4552.5,10301,28,48,84,37,80,53
312,2018-04-11,4529.0,4530.0,4470.22412109375,4517.5,2839,29,43,86,9,79,60
313,2018-04-12,4560.0,4714.92919921875,4557.5,4702.5,12470,36,52,84,28,82,58
314,2018-04-13,4612.5,4626.43115234375,4591.919921875,4572.5,2355,42,75,88,79,87,75
315,2018-04-16,4650.0,4677.5,4635.0,4675.0,4327,28,45,88,56,83,56
316,2018-04-17,4607.5,4640.0,4605.423828125,4600.0,6323,31,45,88,38,80,59
317,2018-04-18,4650.0,4690.0,4650.0,4630.0,7790,26,48,86,38,81,58
318,2018-04-19,4682.5,4685.0,4639.5,4670.0,3636,25,52,88,49,81,64
319,2018-04-20,4685.0,4765.0,4685.0,4737.5,2660,42,65,87,60,85,73
320,2018-04-23,4752.5,4916.87109375,4752.5,4907.5,3379,24,46,82,46,83,59
321,2018-04-24,4827.7568359375,4885.35693359375,4795.240234375,4825.0,2086,28,40,87,46,81,57
322,2018-04-25,4734.0,4736.5068359375,4709.64404296875,4737.5,3090,29,53,87,38,84,61
323,2018-04-26,4831.25,4889.9267578125,4760.35498046875,4870.0,314,28,50,87,47,75,61
324,2018-04-27,4871.0,4871.0,4848.5849609375,4875.0,1322,46,80,87,60,89,74
325,2018-04-30,4875.0,4875.0,4875.0,4875.0,0,28,53,90,68,85,62
326,2018-05-02,4870.0,4890.5,4870.0,4900.0,2037,47,53,87,18,73,56
327,2018-05-03,4875.11083984375,4920.0,4875.11083984375,4860.0,1528,54,52,88,100,79,57
328,2018-05-04,4930.0,4935.0,4883.5751953125,4900.0,5513,72,74,91,28,82,66
329,2018-05-08,4814.77685546875,4814.77685546875,4814.77685546875,4840.0,881,37,48,85,54,85,57
330,2018-05-09,4790.0,4830.02294921875,4790.0,4830.0,2536,45,47,87,45,86,59
331,2018-05-10,4855.0,4880.0,4855.0,4882.5,946,44,53,87,55,87,63
332,2018-05-11,4625.0,4842.5,4625.0,4800.0,199018,75,73,88,83,91,72
333,2018-05-14,4875.0,4875.0,4780.0,4820.0,1562,45,50,86,45,75,56
334,2018-05-15,4698.6572265625,4750.6669921875,4698.6572265625,4695.0,6695,42,48,86,44,74,54
335,2018-05-16,4690.0,4705.0,4665.0,4695.0,1407,44,47,88,27,71,55
336,2018-05-17,4730.0,4737.73681640625,4724.59619140625,4722.5,26748,49,46,87,63,74,56
337,2018-05-18,4726.5,4745.0,4726.5,4732.5,1969,72,69,91,9,75,71
338,2018-05-21,4810.0,4810.0,4776.10595703125,4792.5,1911,41,49,88,45,74,67
339,2018-05-22,4765.0,4798.72607421875,4760.0,4777.5,1659,34,48,88,18,66,66
340,2018-05-23,4730.0,4740.23681640625,4730.0,4772.5,1486,41,45,87,18,69,65
341,2018-05-24,4755.0,4775.0,4750.0,4727.5,27426,57,60,88,45,73,66
342,2018-05-25,4769.0,4789.0,4759.5,4787.5,2165,74,83,89,19,77,79
343,2018-05-29,4745.0,4775.0,4742.5,4792.5,3293,47,52,85,35,74,64
344,2018-05-30,4865.0,4865.0,4794.27978515625,4850.0,6648,49,50,85,54,74,68
345,2018-05-31,4935.0,4995.0,4881.39013671875,4920.0,8171,52,56,88,18,76,74
346,2018-06-01,5130.0,5130.0,5000.0,4977.5,3945,78,76,87,65,91,73
347,2018-06-04,5040.0,5050.0,4920.0,4970.0,2355,48,50,87,50,83,64
348,2018-06-05,4970.0,4989.65283203125,4970.0,5015.0,1777,46,44,85,87,80,62
349,2018-06-06,4975.0,4975.0,4920.4970703125,4960.0,2867,48,51,86,50,84,62
350,2018-06-07,5010.0,5080.0,5010.0,5057.5,3016,49,44,83,61,85,62
351,2018-06-08,5170.0,5240.0,5132.52099609375,5200.0,14229,68,68,89,91,87,71
352,2018-06-11,5178.5380859375,5200.0,5150.0,5175.0,2640,44,51,88,48,85,59
353,2018-06-12,5200.0,5210.0,5180.0,5210.0,1944,46,49,87,46,86,63
354,2018-06-13,5131.35791015625,5149.6611328125,5022.544921875,5102.5,3264,45,47,87,81,84,60
355,2018-06-14,5060.0,5100.0,5060.0,5105.0,2168,49,47,82,49,86,61
356,2018-06-15,5030.0,5069.7470703125,5030.0,5067.5,1692,76,85,89,53,91,71
357,2018-06-18,5040.0,5090.0,5040.0,5065.0,7493,49,47,83,86,79,58
358,2018-06-19,5100.0,5170.0,5050.259765625,5125.0,6839,41,45,82,73,81,58
359,2018-06-20,5260.0,5360.0,5249.69287109375,5340.0,3326,47,45,85,63,85,60
360,2018-06-21,5360.0,5390.0,5280.0,5340.0,2639,47,51,85,87,83,58
361,2018-06-22,5520.0,5695.0,5456.41015625,5730.0,13553,65,71,89,39,89,71
362,2018-06-25,5630.0,5745.0,5620.0,5770.0,6887,48,52,86,61,83,59
363,2018-06-26,5670.0,5720.0,5670.0,5690.0,4143,44,46,83,61,86,61
364,2018-06-27,5820.0,5839.5908203125,5690.0,5710.0,7320,51,49,81,85,82,65
365,2018-06-28,5770.0,5800.0,5650.0,5690.0,6137,56,55,83,62,94,71
366,2018-06-29,5800.0,5810.0,5683.0,5760.0,3968,73,82,88,66,100,77
367,2018-07-02,5790.0,5850.0,5740.0,5835.0,4211,47,50,84,67,84,71
368,2018-07-03,5940.0,5940.0,5800.0,5815.0,5881,46,48,83,19,82,68
369,2018-07-04,5860.0,5930.0,5812.0751953125,5855.0,5074,42,47,86,30,83,79
370,2018-07-05,5888.0,5930.0,5879.701171875,5855.0,9517,47,50,82,60,84,78
371,2018-07-06,5860.0,5886.3232421875,5843.0908203125,5855.0,3541,61,70,86,68,87,85
372,2018-07-09,6000.0,6060.30322265625,5850.0,5885.0,6627,44,56,86,48,88,74
373,2018-07-10,5930.0,5930.0,5770.0,5770.0,2875,46,47,82,46,82,73
374,2018-07-11,5732.5,5752.4169921875,5680.0,5740.0,5765,50,61,82,27,82,74
375,2018-07-12,5750.0,5750.0,5694.71484375,5710.0,1915,49,65,83,60,84,74
376,2018-07-13,5720.0,5750.0,5720.0,5760.0,5377,65,83,91,82,87,83
377,2018-07-16,5800.0,5800.0,5750.0,5779.80615234375,26884,43,50,83,0,84,67
378,2018-07-17,5820.0,5870.0,5820.0,5855.0,1593,46,48,83,29,88,67
379,2018-07-18,5880.0,5880.0,5851.4248046875,5825.0,916,41,48,85,20,82,67
380,2018-07-19,5750.0,5784.384765625,5750.0,5805.0,564,49,46,87,10,84,67
381,2018-07-20,5760.0,5780.0,5665.283203125,5640.0,1752,66,81,92,62,92,74
382,2018-07-23,5720.0,5720.0,5630.0,5690.0,8712,55,56,86,69,84,64
383,2018-07-24,5650.0,5660.0,5600.0,5660.0,2024,51,49,85,39,81,63
384,2018-07-25,5650.0,5680.0,5630.0,5640.0,2454,49,51,88,10,86,66
385,2018-07-26,5740.0,5740.0,5640.0,5660.0,36463,54,57,85,69,85,65
386,2018-07-27,5710.0,5940.296875,5710.0,5915.0,1340,78,73,86,40,92,73
387,2018-07-30,5740.0,5772.56201171875,5730.0,5790.0,11700,62,54,88,10,86,63
388,2018-07-31,5700.0,5720.0,5689.05517578125,5690.0,70704,51,55,83,58,89,63
389,2018-08-01,5800.0,5890.0,5764.7119140625,5895.0,67763,56,48,90,75,87,68
390,2018-08-02,5990.0,6000.0,5760.0,5875.0,18105,56,60,90,31,87,71
391,2018-08-03,6130.0,6130.0,6050.0,6070.0,4879,73,77,91,34,92,82
392,2018-08-06,6230.0,6305.7177734375,6230.0,6295.0,773,50,57,88,21,85,73
393,2018-08-07,6250.0,6250.0,6190.0,6225.0,1666,54,58,87,52,83,67
394,2018-08-08,6177.0029296875,6177.0029296875,6177.0029296875,6205.0,664,55,44,85,21,84,66
395,2018-08-09,6220.0,6250.0,6207.5,6245.0,2057,52,52,89,74,85,69
396,2018-08-10,6155.0,6180.0,6100.0,6160.0,28166,73,76,91,55,90,77
397,2018-08-13,6160.0,6198.0,6140.0,6120.0,59877,58,53,89,43,84,67
398,2018-08-14,6195.5,6249.68798828125,6195.5,6170.0,30561,52,50,85,74,83,64
399,2018-08-15,6020.0,6115.30615234375,6020.0,6090.0,6559,54,64,88,33,83,69
400,2018-08-16,5950.0,5975.119140625,5830.0,5905.0,35587,61,66,85,43,80,65
401,2018-08-17,5980.0,6000.0,5934.703125,5985.0,855,77,72,91,44,89,76
402,2018-08-20,6095.0,6250.0,6095.0,6205.0,57923,62,54,84,33,81,64
403,2018-08-21,6270.0,6270.0,6230.0,6215.0,30560,58,52,86,88,84,62
404,2018-08-22,6300.0,6300.0,6274.51611328125,6275.0,11440,51,51,87,56,82,64
405,2018-08-23,6380.0,6430.0,6350.0,6400.0,5835,62,54,83,22,81,65
406,2018-08-24,6525.0,6618.0,6525.0,6580.0,29927,75,85,86,11,88,73
407,2018-08-28,6750.0,6775.44580078125,6750.0,6725.0,187851,53,55,82,21,79,59
408,2018-08-29,6800.0,6800.0,6750.337890625,6785.0,42445,54,48,85,21,80,58
409,2018-08-30,6700.0,6750.0,6700.0,6725.0,35412,55,55,85,21,83,60
410,2018-08-31,6750.0,6810.0,6725.294921875,6785.0,35552,73,78,88,99,87,67
411,2018-09-03,6797.0,6820.3408203125,6787.68115234375,6810.0,8147,35,41,93,56,87,79
412,2018-09-04,6780.0,6800.0,6625.0,6655.0,16858,39,39,86,53,78,57
413,2018-09-05,6398.0,6404.68017578125,6320.0,6325.0,4586,51,41,83,35,85,59
414,2018-09-06,6318.0,6320.0,6284.3232421875,6255.0,1597,49,43,86,44,82,65
415,2018-09-07,6480.0,6510.65087890625,6480.0,6530.0,28692,74,71,93,28,89,77
416,2018-09-10,6500.0,6549.19580078125,6500.0,6625.0,493914,45,40,84,35,79,58
417,2018-09-11,6720.0,6755.0,6635.0,6705.0,168621,46,42,88,35,77,58
418,2018-09-12,6780.0,6807.0,6699.6650390625,6735.0,27327,45,42,87,18,78,60
419,2018-09-13,6570.0,6570.0,6400.39990234375,6440.0,104200,44,42,86,80,77,58
420,2018-09-14,6070.0,6289.18017578125,6070.0,6215.0,27507,69,73,91,9,82,72
421,2018-09-17,6125.0,6125.0,6113.25,6160.0,1068,49,34,90,27,80,61
422,2018-09-18,6100.0,6250.0,6100.0,6245.0,1033,44,40,86,61,80,58
423,2018-09-19,6325.0,6325.0,6272.1328125,6285.0,4349,46,40,85,62,80,63
424,2018-09-20,6322.0,6322.0,6232.0,6295.0,3927,51,49,88,26,81,63
425,2018-09-21,6249.68798828125,6250.201171875,6246.53515625,6275.0,16095,71,73,89,18,89,75
426,2018-09-24,6180.0,6240.0,6164.05712890625,6215.0,1270,49,45,90,62,80,60
427,2018-09-25,6290.0,6340.0,6000.0,6040.0,26864,42,41,85,26,78,59
428,2018-09-26,6040.0,6050.0,5970.0,6050.0,13669,44,49,89,44,80,60
429,2018-09-27,6030.0,6030.0,5810.0,5805.0,5270,48,51,83,36,80,62
430,2018-09-28,5550.0,5667.0,5422.5,5610.0,117928,75,82,89,100,87,74
431,2018-10-01,5620.0,5680.0,5619.2578125,5640.0,3389,52,44,86,42,78,62
432,2018-10-02,5692.0732421875,5692.0732421875,5550.0,5585.0,18210,48,40,87,17,81,63
433,2018-10-03,5583.0,5590.0,5549.72314453125,5565.0,2780,36,43,86,76,77,62
434,2018-10-04,5570.0,5570.0,5510.0,5555.0,4191,48,48,89,17,82,66
435,2018-10-05,5580.0,5645.0,5555.0,5610.0,75785,65,76,92,36,84,80
436,2018-10-08,5450.0,5450.0,5430.0,5475.0,2337,46,44,87,34,83,68
437,2018-10-09,5310.0,5310.0,5173.0,5250.0,109118,54,44,86,33,81,60
438,2018-10-10,5550.0,5632.9169921875,5220.0,5220.0,3893,51,41,87,26,81,61
439,2018-10-11,5010.0,5240.0,5010.0,5125.0,7433,46,45,89,44,82,63
440,2018-10-12,5220.0,5290.0,5004.6240234375,5240.0,18349,72,77,92,73,86,75
441,2018-10-15,5345.0,5345.0,5200.0,5290.0,9207,50,40,90,70,84,63
442,2018-10-16,5340.0,5469.0,5330.0,5535.0,2962,38,42,87,94,79,61
443,2018-10-17,5630.0,5678.0,5565.0,5650.0,3286,47,50,87,51,79,62
444,2018-10-18,5610.0,5660.0,5610.0,5620.0,3542,50,54,86,35,78,65
445,2018-10-19,5620.0,5650.0,5610.0,5700.0,39507,75,76,90,18,82,78
446,2018-10-22,5680.0,5760.0,5656.18017578125,5760.0,5098,42,44,90,26,78,63
447,2018-10-23,5640.0,5655.0,5356.72802734375,5340.0,20232,48,44,86,60,78,59
448,2018-10-24,5390.0,5390.0,5379.98291015625,5415.0,2257,43,36,86,76,77,58
449,2018-10-25,5370.0,5399.27099609375,5370.0,5415.0,4208,58,53,84,17,83,61
450,2018-10-26,5310.0,5330.0,5220.0,5250.0,7744,70,81,87,54,84,72
451,2018-10-29,5310.0,5310.0,5276.09521484375,5270.0,2030,44,45,87,24,78,56
452,2018-10-30,5050.0,5096.34814453125,5030.0,5045.0,2817,48,55,85,25,79,56
453,2018-10-31,5210.0,5216.6640625,5200.0,5175.0,10701,50,59,80,52,78,54
454,2018-11-01,5379.81787109375,5379.81787109375,5320.0,5340.0,7999,48,71,89,76,86,70
455,2018-11-02,5365.0,5394.54296875,5320.0,5310.0,27047,71,80,92,77,93,83
456,2018-11-05,5220.0,5293.75390625,5220.0,5250.0,2165,47,41,91,99,85,64
457,2018-11-06,5100.0,5190.0,5100.0,5155.0,3557,42,43,87,72,79,61
458,2018-11-07,5241.337890625,5241.337890625,5241.337890625,5300.0,2000,50,44,88,100,72,61
459,2018-11-08,5380.0,5470.0,5380.0,5475.0,2297,49,49,90,39,79,70
460,2018-11-09,5480.0,5580.0,5452.0,5475.0,35098,75,75,90,66,88,78
461,2018-11-12,5405.0,5466.1591796875,5230.0,5280.0,11974,40,36,90,31,82,67
462,2018-11-13,4992.5,5010.0,4805.0,4987.5,16089,38,38,91,32,83,61
463,2018-11-14,4975.0,5070.0,4950.0,5027.5,21831,39,44,91,40,84,64
464,2018-11-15,5055.0,5100.0,5010.0,5005.0,39444,40,45,91,32,86,63
465,2018-11-16,5020.0,5070.0,5019.7998046875,5045.0,31452,79,70,89,58,93,75
466,2018-11-19,5040.0,5070.0,4980.0,4940.0,2521,44,43,90,48,81,62
467,2018-11-20,4875.0,4900.0,4770.0,4825.0,32629,45,48,90,40,78,64
468,2018-11-21,4762.5,4890.0,4755.0,4900.0,9565,44,48,91,64,84,66
469,2018-11-22,4880.0,4880.0,4810.0,4800.0,26003,49,44,90,57,76,76
470,2018-11-23,4690.0,4700.0,4670.0,4665.0,6046,71,83,81,58,82,74
471,2018-11-26,4820.0,4820.0,4773.10595703125,4777.5,954,39,43,86,46,81,54
472,2018-11-27,4785.0,4785.0,4680.0,4675.0,5765,44,42,87,31,81,58
473,2018-11-28,4675.0,4760.0,4650.0,4702.5,207792,52,46,89,79,83,60
474,2018-11-29,4720.0,4800.0,4695.0,4702.5,67839,54,54,90,32,90,63
475,2018-11-30,4562.259765625,4685.0,4562.259765625,4640.0,504097,78,81,91,64,94,73
476,2018-12-03,4885.0,4885.0,4722.16015625,4732.5,143207,41,34,79,34,77,39
477,2018-12-04,4745.0,4750.3740234375,4610.0,4645.0,1791,36,36,86,41,76,40
478,2018-12-05,4570.0,4605.0,4499.7998046875,4542.5,231832,37,40,87,48,84,40
479,2018-12-06,4610.0,4610.0,4336.5,4367.5,20056,45,42,83,50,87,41
480,2018-12-07,4585.0,4639.5498046875,4485.0,4517.5,8143,64,59,81,58,89,48
481,2018-12-10,4610.0,4610.0,4255.0,4290.0,91464,38,34,84,21,82,41
482,2018-12-11,4332.5,4400.0,4284.93017578125,4352.5,93321,39,32,79,62,81,38
483,2018-12-12,4415.0,4450.0,4310.0,4420.0,9095,40,34,80,14,81,40
484,2018-12-13,4375.0,4465.0,4312.0,4420.0,3479,40,41,81,43,82,42
485,2018-12-14,4480.0,4560.0,4480.0,4532.5,35011,63,68,85,93,93,49
486,2018-12-17,4445.0,4480.0,4445.0,4480.0,2504,46,36,83,26,86,43
487,2018-12-18,4445.0,4470.0,4425.0,4430.0,22846,45,38,83,27,88,43
488,2018-12-19,4640.0,4640.0,4545.0,4592.5,15509,48,40,82,67,91,43
489,2018-12-20,4425.0,4490.0,4405.0,4490.0,21547,51,48,81,60,88,45
490,2018-12-21,5834.0,6060.0,5649.93017578125,5720.0,31839,68,63,80,63,97,49
491,2018-12-24,5780.0,5780.0,5510.0,5575.0,6209,72,54,89,51,86,59
492,2018-12-27,5670.0,5670.0,5520.0,5600.0,3577,72,55,83,23,81,59
493,2018-12-28,5660.0,5840.0,5660.0,5805.0,3724,60,64,88,100,88,65
494,2018-12-31,5760.0,5850.0,5760.0,5805.0,1200,97,75,91,58,92,63
495,2019-01-02,5810.0,5830.0,5720.0,5790.0,6471,53,40,87,68,86,65
496,2019-01-03,5680.0,5694.7998046875,5600.0,5640.0,5572,43,30,85,40,80,63
497,2019-01-04,5760.0,5780.0,5670.0,5690.0,13679,59,49,84,100,85,69
498,2019-01-07,5810.0,5810.0,5750.0,5780.0,7139,37,32,84,26,76,52
499,2019-01-08,5900.0,5900.0,5760.0,5760.0,5322,42,24,82,50,76,51
500,2019-01-09,5780.0,5820.0,5780.0,5845.0,2178,36,30,84,13,76,54
501,2019-01-10,5950.0,5970.0,5770.0,5805.0,15216,33,31,86,26,79,56
502,2019-01-11,5730.0,5750.0,5640.0,5630.0,2505,65,46,91,47,80,66
503,2019-01-14,5690.0,5710.0,5680.0,5670.0,1421,33,34,85,19,74,52
504,2019-01-15,5790.0,5940.0,5680.0,5730.0,56257,38,30,91,56,72,53
505,2019-01-16,5700.0,5760.0,5560.0,5565.0,24832,44,29,92,19,75,53
506,2019-01-17,5660.0,5760.0,5640.0,5680.0,12679,40,28,93,44,77,56
507,2019-01-18,5400.0,5550.0,5150.0,5495.0,310081,59,46,88,85,81,63
508,2019-01-21,5600.0,5630.0,5520.0,5610.0,158356,34,28,88,57,83,59
509,2019-01-22,5648.0,5680.0,5430.0,5620.0,117534,37,27,84,43,75,53
510,2019-01-23,5550.0,5600.0,5400.0,5445.0,83978,37,29,84,49,78,53
511,2019-01-24,5261.0,5360.0,5226.0,5310.0,48915,40,33,86,31,80,54
512,2019-01-25,5440.0,5510.0,5410.0,5485.0,31002,57,48,87,39,82,62
513,2019-01-28,5453.0,5500.0,5402.0,5435.0,15507,40,26,82,25,80,51
514,2019-01-29,5460.0,5510.0,5450.0,5455.0,35528,35,30,81,25,79,49
515,2019-01-30,5470.0,5530.0,5460.0,5485.0,8698,34,30,82,19,86,50
516,2019-01-31,5490.0,5550.0,5490.0,5525.0,11380,44,34,84,62,84,51
517,2019-02-01,5530.7001953125,5590.0,5490.0,5545.0,180460,69,78,87,36,73,64
518,2019-02-04,5590.0,5690.0,5560.0,5660.0,6938,45,36,84,29,65,50
519,2019-02-05,5780.0,5830.0,5700.0,5760.0,11045,43,43,86,23,64,54
520,2019-02-06,5792.6201171875,5870.0,5780.0,5805.0,27708,50,42,86,52,65,53
521,2019-02-07,5830.0,5870.0,5660.0,5710.0,18669,44,46,86,46,69,56
522,2019-02-08,5648.0,5740.0,5640.0,5670.0,32919,70,73,88,36,71,68
523,2019-02-11,5740.0,5880.0,5740.0,5805.0,25593,39,33,85,28,73,59
524,2019-02-12,5870.0,5970.0,5870.0,5885.0,12688,41,39,84,51,80,59
525,2019-02-13,6020.0,6020.0,5896.7890625,5875.0,26688,48,39,87,11,84,60
526,2019-02-14,5950.0,6115.0,5900.0,6100.0,37366,63,60,85,23,100,76
527,2019-02-15,6097.48388671875,6290.0,6097.48388671875,6255.0,39015,66,65,90,18,71,79
528,2019-02-18,6300.0,6420.0,6270.0,6375.0,12866,48,40,87,35,67,60
529,2019-02-19,6380.0,6410.0,6340.0,6385.0,7822,49,41,87,34,62,52
530,2019-02-20,6360.0,6470.0,6350.0,6460.0,18623,43,43,86,75,62,52
531,2019-02-21,6440.0,6560.0,6420.0,6560.0,63491,52,46,88,29,62,55
532,2019-02-22,6533.0,6558.0,6533.0,6530.0,3022,68,63,90,42,64,69
533,2019-02-25,6539.0,6580.0,6520.0,6550.0,4248,44,34,86,40,59,52
534,2019-02-26,6260.0,6560.0,6260.0,6500.0,18263,41,40,88,23,59,51
535,2019-02-27,6470.0,6500.0,6410.0,6470.0,61077,42,45,85,33,59,50
536,2019-02-28,6480.0,6520.0,6437.5,6460.0,9628,47,51,87,41,64,53
537,2019-03-01,6470.0,6730.0,6450.0,6665.0,39292,70,69,87,50,81,71
538,2019-03-04,6730.0,6798.0,6660.0,6810.0,3637,43,41,85,78,86,55
539,2019-03-05,6740.0,6840.0,6690.0,6830.0,10228,39,36,83,39,77,57
540,2019-03-06,6850.0,6910.0,6740.0,6840.0,15627,45,44,84,76,78,58
541,2019-03-07,6740.0,6850.0,6700.0,6830.0,7041,51,44,84,20,76,59
542,2019-03-08,6827.5,6850.0,6770.0,6800.0,3072,69,72,85,20,85,72
543,2019-03-11,6770.0,6810.0,6760.0,6775.0,18818,56,38,88,68,82,61
544,2019-03-12,6800.0,6900.48291015625,6757.0,6775.0,31613,42,41,82,57,73,57
545,2019-03-13,6680.0,6880.0,6680.0,6810.0,14369,44,42,81,67,75,59
546,2019-03-14,6840.0,6889.0,6810.0,6820.0,21924,51,41,83,49,78,61
547,2019-03-15,6830.0,6830.0,6749.72998046875,6820.0,73686,73,69,83,49,78,72
548,2019-03-18,6820.0,6830.0,6689.0,6785.0,28407,42,43,85,39,78,60
549,2019-03-19,6820.0,6850.0,6800.0,6755.0,24214,46,40,82,37,79,63
550,2019-03-20,6810.0,6860.0,6807.0,6775.0,4608,50,39,84,19,76,57
551,2019-03-21,6840.0,6840.0,6680.0,6685.0,11116,51,47,85,0,80,64
552,2019-03-22,6780.0,6880.0,6590.0,6605.0,3413,75,70,88,41,85,75
553,2019-03-25,6400.0,6630.0,6400.0,6560.0,8913,46,39,84,68,78,61
554,2019-03-26,6530.0,6660.0,6510.0,6625.0,17364,51,42,85,49,78,61
555,2019-03-27,6650.0,6670.0,6450.0,6490.0,6994,40,43,83,69,74,59
556,2019-03-28,6580.0,6660.0,6560.0,6570.0,6304,46,46,85,69,79,61
557,2019-03-29,6760.0,6780.0,6650.0,6745.0,7755,70,69,89,61,94,78
558,2019-04-01,6810.0,6970.0,6730.0,6944.7919921875,7710,54,44,84,16,85,62
559,2019-04-02,6980.0,7181.0,6980.0,7144.7099609375,48129,52,44,85,40,81,62
560,2019-04-03,7234.0,7430.0,7234.0,7359.19921875,10157,52,49,85,48,84,63
561,2019-04-04,7080.0,7133.77490234375,7030.0,7089.787109375,26004,60,47,89,48,88,70
562,2019-04-05,7160.0,7420.0,7100.0,7410.0,51082,74,75,90,75,91,77
563,2019-04-08,7327.0,7386.0,7290.0,7349.77978515625,4747,54,46,84,63,83,63
564,2019-04-09,7368.0,7430.0,7265.0,7320.0,8957,43,43,84,31,83,63
565,2019-04-10,7476.0,7476.0,7290.0,7391.30908203125,14100,51,45,83,55,83,65
566,2019-04-11,7359.0,7513.0,7340.0,7509.0,2384,60,48,84,24,84,65
567,2019-04-12,7710.0,7780.0,7647.0,7679.68994140625,11046,73,68,87,50,91,77
568,2019-04-15,7692.6298828125,7737.5,7547.5,7619.7001953125,14282,48,45,81,16,82,66
569,2019-04-16,7570.0,7600.0,7510.0,7510.0,575,55,40,84,32,84,67
570,2019-04-17,7527.5,7557.5,7505.8798828125,7550.22705078125,38190,55,44,85,33,87,67
571,2019-04-18,7500.0,7667.0,7489.0,7599.7001953125,33969,65,65,87,17,87,72
572,2019-04-23,7617.5,7647.5,7557.5,7640.0,4566,55,44,83,48,80,63
573,2019-04-24,7760.0,7840.0,7680.0,7812.2978515625,14704,50,46,86,56,78,64
574,2019-04-25,7722.0,7850.0,7673.0,7676.505859375,2127,59,49,87,40,79,67
575,2019-04-26,7612.0,7840.0,7612.0,7815.0,5553,65,75,91,25,89,79
576,2019-04-29,7771.0,7814.0,7600.0,7628.02294921875,9277,37,42,81,54,79,62
577,2019-04-30,7687.0,7760.0,7661.0,7678.40283203125,70044,49,48,85,24,80,64
578,2019-05-01,7678.40283203125,7678.40283203125,7678.40283203125,7678.40283203125,0,51,60,93,61,79,64
579,2019-05-02,7735.0,7910.0,7722.0,7814.9267578125,7636,43,49,86,48,75,61
580,2019-05-03,7988.2001953125,8130.0,7949.0,8030.0,23388,76,81,90,49,80,71
581,2019-05-07,7839.0,7880.0,7800.0,7810.23388671875,27437,49,42,85,38,77,60
582,2019-05-08,7835.0,7877.0,7800.0,7877.0,5168,48,47,85,58,81,60
583,2019-05-09,7905.0,7905.0,7670.0,7703.9501953125,5215,52,46,84,57,85,62
584,2019-05-10,7776.5,7860.0,7776.5,7804.22021484375,1677,69,74,89,80,94,75
585,2019-05-13,7790.0,7790.0,7450.0,7450.0,2221,47,40,84,77,75,57
586,2019-05-14,7544.0,7682.0,7544.0,7675.22998046875,66405,50,39,85,57,77,59
587,2019-05-15,7730.0,7740.0,7631.0,7740.0,1751,48,40,88,48,75,59
588,2019-05-16,7720.0,7910.0,7720.0,7860.0,4178,49,53,86,38,75,60
589,2019-05-17,7460.0,7690.0,7436.82177734375,7500.0,35736,70,76,87,59,79,74
590,2019-05-20,7520.0,7550.0,7440.0,7460.0,7774,53,46,86,95,72,62
591,2019-05-21,7525.0,7570.0,7510.0,7560.22705078125,17147,46,44,84,84,72,61
592,2019-05-22,7542.0,7754.0,7542.0,7565.22705078125,17743,43,39,84,47,72,66
593,2019-05-23,7590.0,7590.0,7509.0,7530.0,12966,47,48,82,64,71,62
594,2019-05-24,7550.0,7850.0,7550.0,7709.76904296875,13023,59,72,87,70,76,75
595,2019-05-28,7990.0,8050.0,7870.0,7950.0,43364,48,52,83,28,70,61
596,2019-05-29,7770.0,7770.0,7671.0,7690.0,31058,51,56,85,28,75,65
597,2019-05-30,7728.0,7830.0,7718.0,7830.0,6311,52,61,88,58,74,68
598,2019-05-31,7780.0,7969.0,7776.0,7920.0,11857,72,78,91,69,82,74
599,2019-06-03,7850.0,7960.0,7850.0,7900.0,5753,47,44,81,48,82,59
600,2019-06-04,7905.06494140625,7905.06494140625,7800.0,7820.0,11661,50,57,81,58,84,62
601,2019-06-05,7709.0,7729.0,7680.0,7680.0,7037,49,55,80,87,83,62
602,2019-06-06,7770.0,7957.0,7770.0,7870.0,21314,51,55,83,49,86,63
603,2019-06-07,7990.0,8000.1298828125,7920.0,7979.14599609375,11583,78,83,89,70,93,73
604,2019-06-10,7971.5859375,7971.5859375,7730.0,7750.0,12275,49,50,82,57,87,63
605,2019-06-11,7740.0,7930.0,7714.0,7870.0,8960,47,50,81,38,80,64
606,2019-06-12,8070.0,8119.0,7970.0,8000.0,22399,45,48,82,19,85,64
607,2019-06-13,7850.0,8100.0,7850.0,8002.64013671875,24122,44,53,84,57,88,66
608,2019-06-14,7961.0,7981.0,7910.0,7920.0,6920,65,80,86,50,91,78
609,2019-06-17,7939.02392578125,7939.02392578125,7820.0,7868.52001953125,22017,48,45,84,29,81,64
610,2019-06-18,7788.0,7900.0,7788.0,7849.68994140625,23437,45,49,82,19,85,65
611,2019-06-19,7828.0,7830.0,7720.0,7757.419921875,18610,41,46,83,39,82,64
612,2019-06-20,7880.0,7920.0,7714.3681640625,7740.0,3142,51,51,85,10,86,68
613,2019-06-21,7810.0,7830.0,7777.0,7829.216796875,14143,74,77,87,71,90,76
614,2019-06-24,7890.0,8020.0,7880.0,7913.6298828125,3484,49,43,82,49,84,66
615,2019-06-25,7903.0,8330.0,7903.0,8290.0,11192,47,47,85,58,82,67
616,2019-06-26,8290.0,8290.0,8090.0,8100.0,112355,51,55,85,39,81,68
617,2019-06-27,8096.0,8158.0,8070.0,8130.0,41346,55,47,84,57,88,67
618,2019-06-28,8140.0,8270.0,8090.0,8240.0,29569,82,81,89,62,91,75
619,2019-07-01,8286.0,8286.0,8199.0,8200.0,26588,45,52,85,24,85,64
620,2019-07-02,8230.0,8380.0,8215.0,8340.0,30669,43,53,83,46,81,58
621,2019-07-03,8250.0,8252.228515625,8190.0,8220.0,22658,47,51,86,48,82,60
622,2019-07-04,8220.0,8420.0,8215.0,8360.0,5456,57,52,91,73,85,74
623,2019-07-05,8389.6083984375,8470.0,8389.6083984375,8460.6337890625,7035,69,78,86,59,90,80
624,2019-07-08,8480.0,8580.0,8400.0,8470.0,11199,42,48,83,16,88,61
625,2019-07-09,8605.0,8605.0,8459.74609375,8527.5,24686,48,47,84,16,85,62
626,2019-07-10,8525.0,8662.240234375,8525.0,8605.0,17029,46,46,79,47,81,62
627,2019-07-11,8600.0,8635.0,8460.0,8480.0,16509,40,53,83,55,81,64
628,2019-07-12,8350.0,8405.0,8350.0,8317.5,3677,63,77,89,99,91,76
629,2019-07-15,8405.0,8405.0,8401.5849609375,8445.0,519,53,46,83,40,81,63
630,2019-07-16,8215.0,8215.0,8205.0,8172.5,10847,47,50,84,16,88,65
631,2019-07-17,8174.77685546875,8210.0,8130.0,8162.5,54230,56,55,82,40,85,66
632,2019-07-18,8070.5,8106.5,8045.0,8117.5,29235,53,55,83,49,85,72
633,2019-07-19,8112.0,8112.0,8000.0,8070.0,9872,66,94,88,42,92,81
634,2019-07-22,7955.0,8090.0,7955.0,8045.0,17103,50,46,84,64,81,68
635,2019-07-23,8045.0,8090.0,8002.5,8095.0,7787,60,54,84,32,82,64
636,2019-07-24,8060.0,8086.0,7950.0,8035.0,4758,48,51,83,65,83,67
637,2019-07-25,7975.0,8325.0,7975.0,8250.0,41642,63,70,85,75,89,68
638,2019-07-26,8279.0,8378.75,8279.0,8285.0,8062,89,83,86,67,90,77
639,2019-07-29,8302.5,8955.0,8275.0,8352.5,74942,63,65,85,33,85,68
640,2019-07-30,8440.0,8135.0,7795.0,7840.0,101168,61,62,83,32,84,64
641,2019-07-31,8050.0,8123.0,7830.0,8055.0,169081,60,60,80,89,86,64
642,2019-08-01,8200.0,8078.75,7925.0,8025.0,43121,58,58,86,67,86,70
643,2019-08-02,8045.0,8015.0,7760.0,7820.0,26385,82,69,90,39,90,76
644,2019-08-05,7800.0,7865.0,7528.5,7620.0,147108,52,55,83,38,82,68
645,2019-08-06,7475.0,7821.5,7660.0,7762.5,10243,45,51,82,75,80,65
646,2019-08-07,7830.0,7972.0,7716.0,7952.5,23003,62,54,84,23,80,68
647,2019-08-08,8200.0,8235.0,7970.0,8167.5,72092,54,53,82,38,80,68
648,2019-08-09,8192.5,8240.0,8170.0,8230.0,37362,84,84,87,23,87,81
649,2019-08-12,8132.5,8450.0,8140.0,8387.5,46553,60,53,84,37,81,69
650,2019-08-13,8367.5,8665.0,8520.0,8660.0,5962,58,49,85,30,81,67
651,2019-08-14,8690.0,8685.0,8590.0,8680.0,15095,63,58,83,36,84,67
652,2019-08-15,8650.0,8728.5,8200.0,8317.5,4579,54,61,84,53,81,70
653,2019-08-16,8322.5,8335.0,8201.0,8280.0,24294,89,73,90,54,85,77
654,2019-08-19,8440.0,8508.75,8405.0,8502.5,9146,58,49,87,44,84,65
655,2019-08-20,8517.5,8480.0,8391.8388671875,8470.0,4924,45,51,84,29,75,64
656,2019-08-21,8400.0,8495.0,8400.0,8425.0,24647,48,51,84,7,80,64
657,2019-08-22,8460.0,8495.0,8390.0,8455.0,1439,64,51,84,44,79,64
658,2019-08-23,8425.0,8515.0,8415.0,8450.0,3824,62,73,87,100,85,73
659,2019-08-27,8450.0,8448.75,8325.0,8312.5,1599,56,45,84,7,78,59
660,2019-08-28,8337.5,8415.0,8245.0,8322.5,36297,61,43,83,87,77,57
661,2019-08-29,8367.5,8560.0,8480.0,8485.0,4681,55,49,82,36,81,58
662,2019-08-30,8420.0,8700.0,8480.0,8695.0,8417,79,76,84,7,85,69
663,2019-09-02,8537.5,8760.0,8580.0,8670.0,38581,54,48,94,54,83,78
664,2019-09-03,8485.0,8430.0,8090.0,8132.5,68630,53,40,84,22,82,63
665,2019-09-04,8347.5,8235.0,8180.0,8280.0,8819,52,40,83,51,79,60
666,2019-09-05,8250.0,8320.0,8195.2626953125,8290.0,6748,45,44,85,22,80,61
667,2019-09-06,8302.5,8375.0,8200.0,8290.0,23504,73,71,90,46,91,71
668,2019-09-09,8400.0,8400.0,8065.0,8122.5,17996,39,40,84,44,80,61
669,2019-09-10,8060.0,8090.0,7645.0,7707.5,62846,43,43,87,51,77,62
670,2019-09-11,7712.5,7735.0,7610.0,7690.0,16251,48,41,86,15,76,64
671,2019-09-12,7737.5,7945.0,7675.0,7870.0,7509,53,43,88,22,83,65
672,2019-09-13,7787.5,7755.0,7620.0,7620.0,13481,61,62,89,23,87,76
673,2019-09-16,7567.5,7725.0,7365.0,7357.5,24428,43,39,87,37,83,62
674,2019-09-17,7400.0,7520.0,7360.0,7495.0,43656,44,40,85,51,78,62
675,2019-09-18,7430.0,7535.0,7445.0,7502.5,20729,50,43,87,36,79,63
676,2019-09-19,7450.0,7515.0,7425.0,7455.0,4412,43,49,86,44,83,63
677,2019-09-20,7450.0,7450.0,7350.0,7440.0,4603,73,70,90,46,89,79
678,2019-09-23,7362.5,7335.0,7245.0,7337.5,19579,44,46,86,14,80,63
679,2019-09-24,7307.5,7370.0,7290.0,7302.5,21155,52,46,83,22,80,59
680,2019-09-25,7250.0,7335.0,7240.0,7295.0,125548,48,42,88,21,82,59
681,2019-09-26,7302.5,7295.0,7230.0,7270.0,5522,53,48,87,15,81,63
682,2019-09-27,7230.0,7340.0,7270.0,7270.0,63276,77,81,92,38,95,76
683,2019-09-30,7302.5,7340.0,7235.0,7285.0,26684,50,47,84,36,81,58
684,2019-10-01,7307.5,7415.0,7270.0,7265.0,26474,55,43,87,52,81,59
685,2019-10-02,7260.0,7290.0,7065.0,7070.0,9733,40,44,87,52,78,64
686,2019-10-03,7102.5,7158.75,7020.0,7152.5,10348,52,49,88,36,82,66
687,2019-10-04,7147.5,7220.0,7135.0,7182.5,46085,78,68,90,46,87,78
688,2019-10-07,7127.5,7170.0,7024.5,7127.5,7448,46,36,85,44,79,65
689,2019-10-08,7167.5,7189.5,6980.0,7060.0,29578,46,39,85,36,77,63
690,2019-10-09,7152.5,7235.0,6995.0,7112.5,37570,51,40,88,53,79,62
691,2019-10-10,7230.0,7120.0,6930.0,7040.0,41728,51,42,89,54,83,65
692,2019-10-11,7102.5,7290.0,7070.0,7177.5,20692,72,68,92,27,89,79
693,2019-10-14,7302.5,7290.0,7165.0,7275.0,53963,47,40,89,27,86,67
694,2019-10-15,7250.0,7340.0,7185.0,7362.5,42035,47,38,84,35,79,60
695,2019-10-16,7347.5,7445.0,7285.0,7342.5,58362,46,35,89,26,81,61
696,2019-10-17,7400.0,7425.0,7315.0,7420.0,15381,48,44,87,53,79,63
697,2019-10-18,7430.0,7450.0,7320.0,7425.0,28310,83,64,93,55,86,79
698,2019-10-21,7332.5,7345.0,6955.0,7080.0,123621,47,43,88,43,80,61
699,2019-10-22,7147.5,7497.5,7080.0,7295.0,105585,48,46,87,51,81,63
700,2019-10-23,7337.5,7355.0,7070.0,7230.0,18839,43,44,87,53,81,61
701,2019-10-24,7275.0,7450.0,7277.0,7387.5,29485,52,44,84,86,84,62
702,2019-10-25,7317.5,7471.0,7335.0,7392.5,5571,89,82,91,74,90,74
703,2019-10-28,7502.5,7585.0,7465.0,7587.5,15420,50,46,84,60,80,63
704,2019-10-29,7547.5,7420.0,7225.0,7290.0,44023,51,43,87,27,80,62
705,2019-10-30,7255.0,7300.0,7180.0,7265.0,10590,48,50,84,35,81,58
706,2019-10-31,7302.5,7350.0,7240.0,7290.0,6168,60,54,81,72,85,58
707,2019-11-01,7382.5,7360.0,7275.0,7317.5,9915,76,79,89,48,95,80
708,2019-11-04,7400.0,7385.0,7140.0,7245.0,23311,44,39,86,27,85,63
709,2019-11-05,7152.5,7160.0,7035.0,7127.5,25010,39,41,84,70,84,63
710,2019-11-06,7167.5,7295.0,7115.0,7255.0,3063,46,37,85,18,85,63
711,2019-11-07,7285.0,7325.0,7240.0,7250.0,26046,47,48,88,45,86,65
712,2019-11-08,7245.0,7365.0,7286.0,7302.5,4265,62,71,91,64,88,77
713,2019-11-11,7225.0,7570.0,7314.5,7450.0,124651,41,40,88,53,82,68
714,2019-11-12,7557.5,7545.4521484375,7430.0,7502.5,17007,42,43,86,70,83,62
715,2019-11-13,7502.5,7835.0,7465.0,7727.5,37694,46,42,87,45,81,61
716,2019-11-14,7880.0,8022.5,7785.0,7860.0,62655,47,45,87,53,81,64
717,2019-11-15,7805.0,7913.75,7795.0,7870.0,10634,69,70,91,28,90,75
718,2019-11-18,7800.0,7905.0,7815.0,7825.0,9021,45,38,84,54,82,61
719,2019-11-19,7977.5,8329.0,8010.0,8225.0,92525,44,36,87,18,79,63
720,2019-11-20,8352.5,8460.0,8260.0,8352.5,60863,48,42,87,18,83,62
721,2019-11-21,8182.5,8355.0,8215.0,8280.0,27947,49,45,87,100,80,63
722,2019-11-22,8342.5,8350.0,8185.0,8167.5,3636,63,73,89,65,85,73
723,2019-11-25,8270.0,8265.0,8190.0,8240.0,8394,46,38,85,53,80,62
724,2019-11-26,8200.0,8160.0,8072.5,8080.0,7488,44,36,88,72,80,60
725,2019-11-27,8192.5,8210.0,8115.0,8167.5,6809,43,42,86,71,85,63
726,2019-11-28,8182.5,8190.0,8145.0,8167.5,25331,50,47,89,54,75,75
727,2019-11-29,8137.5,8180.0,8075.0,8147.5,4508,71,76,80,64,83,73
728,2019-12-02,8200.0,8230.0,8190.0,8162.5,5148,43,45,73,42,65,37
729,2019-12-03,8240.0,8465.0,8235.0,8342.5,11014,50,45,72,42,69,39
730,2019-12-04,8347.5,8405.0,8280.0,8317.5,47696,39,43,76,43,68,40
731,2019-12-05,8400.0,8560.0,8375.0,8567.5,9277,51,60,76,44,71,41
732,2019-12-06,8582.5,8680.0,8495.0,8645.0,18338,60,80,79,63,73,48
733,2019-12-09,8650.0,8655.0,8375.0,8527.5,85120,45,42,74,52,66,39
734,2019-12-10,8470.0,8474.6884765625,8280.0,8347.5,46649,47,46,73,53,67,40
735,2019-12-11,8250.0,8425.0,8325.0,8382.5,7038,44,46,74,52,69,41
736,2019-12-12,8502.5,8465.0,8335.0,8455.0,35705,52,52,74,35,72,42
737,2019-12-13,8347.5,8545.0,8265.0,8445.0,36699,58,75,76,81,76,49
738,2019-12-16,8522.5,8840.0,8540.0,8830.0,12220,44,45,76,77,75,41
739,2019-12-17,8762.5,8890.0,8755.0,8815.0,140902,50,47,77,17,73,43
740,2019-12-18,8880.0,8895.0,8855.0,8875.0,20739,47,51,73,77,72,41
741,2019-12-19,8902.5,9000.0,7980.0,8065.0,310719,56,59,72,62,77,42
742,2019-12-20,8102.5,8170.0,7735.0,7850.0,487660,69,78,74,74,80,48
743,2019-12-23,7860.0,7925.0,7833.75,7895.0,50056,56,62,80,93,100,52
744,2019-12-24,7942.5,7975.0,7882.22216796875,7907.5,49848,76,76,85,41,76,58
745,2019-12-27,7977.5,8175.0,6925.85009765625,8142.5,84912,70,76,78,57,71,64
746,2019-12-30,8177.5,8255.0,8165.0,8182.5,64775,70,67,83,64,95,59
747,2019-12-31,8240.0,8250.0,8160.0,8200.0,26887,100,92,87,60,77,63
748,2020-01-02,8260.0,8370.0,8195.0,8372.5,132433,48,46,82,65,82,64
749,2020-01-03,8392.5,8555.0,8310.0,8455.0,125882,51,47,81,29,79,68
750,2020-01-06,8547.5,8495.0,8335.0,8362.5,496836,35,37,81,21,95,51
751,2020-01-07,8542.5,8510.0,8345.0,8415.0,341880,33,35,79,21,73,49
752,2020-01-08,8517.5,8665.0,8440.0,8517.5,183483,34,26,78,48,74,52
753,2020-01-09,8592.5,8655.0,8490.0,8557.5,77984,37,34,81,27,71,54
754,2020-01-10,8690.0,8865.0,8665.0,8800.0,177529,59,49,82,49,74,60
755,2020-01-13,8902.5,8865.0,8570.0,8635.0,118407,33,32,82,32,97,52
756,2020-01-14,8717.5,8815.0,8665.0,8690.0,193226,37,33,78,42,72,51
757,2020-01-15,8702.5,8790.0,8630.0,8712.5,76931,34,31,79,33,74,52
758,2020-01-16,8702.5,8700.0,8490.0,8552.5,56046,38,34,78,41,76,52
759,2020-01-17,8600.0,8640.0,8560.0,8620.0,121065,55,48,79,84,78,62
760,2020-01-20,8800.0,8700.0,8555.0,8675.0,94163,31,31,81,21,100,58
761,2020-01-21,8600.0,8575.0,8520.0,8562.5,48150,34,30,76,41,75,51
762,2020-01-22,8625.0,8690.0,8555.5478515625,8635.0,113070,39,30,78,27,72,50
763,2020-01-23,8675.0,8690.0,8565.0,8685.0,38365,41,32,80,47,74,53
764,2020-01-24,8475.0,8504.5,8325.0,8490.0,81636,52,52,80,35,79,61
765,2020-01-27,8460.0,8435.0,8350.0,8420.0,7067,33,30,79,7,94,47
766,2020-01-28,8405.0,8570.0,8290.0,8542.5,46335,31,33,77,27,72,49
767,2020-01-29,8547.5,8670.0,8525.0,8582.5,35098,34,33,77,33,70,50
768,2020-01-30,8537.5,8528.0,8445.0,8507.5,24410,33,33,78,41,75,50
769,2020-01-31,8552.5,8650.0,8399.5,8435.0,78820,49,56,79,77,77,60
770,2020-02-03,7215.0,7340.0,7210.0,7350.0,185251,22,42,81,19,76,43
771,2020-02-04,7425.0,7596.75,75.19999694824219,7550.0,2270232,23,40,87,41,61,48
772,2020-02-05,7530.0,7855.0,7530.0,7755.0,1306914,23,43,85,31,63,48
773,2020-02-06,7950.0,8070.0,7790.0,7855.0,956406,24,44,88,41,66,52
774,2020-02-07,8000.0,8000.0,7690.35009765625,7740.0,838901,36,74,89,53,72,61
775,2020-02-10,7700.0,7825.0,7605.0,7605.0,433097,19,39,86,40,87,51
776,2020-02-11,7770.0,8050.0,7770.0,8000.0,759224,20,42,85,59,74,52
777,2020-02-12,8010.0,8330.0,7690.35009765625,8255.0,578640,24,45,89,100,79,57
778,2020-02-13,8200.0,8300.0,7895.0,7965.0,436743,26,46,89,30,92,63
779,2020-02-14,7830.0,7920.0,7645.0,7800.0,1253209,49,90,92,53,100,85
780,2020-02-17,7785.0,7875.0,7655.0,7700.0,472137,21,48,93,90,91,58
781,2020-02-18,7530.0,7680.0,7505.0,7550.0,356063,22,45,90,49,77,49
782,2020-02-19,7550.0,7632.97509765625,7425.0,7620.0,219801,24,44,92,60,63,50
783,2020-02-20,7650.0,7666.0,7500.0,7545.0,440203,27,49,89,70,62,52
784,2020-02-21,7510.0,7645.72998046875,7455.0,7570.0,398080,43,71,93,84,64,63
785,2020-02-24,7360.0,7430.0,7125.0,7220.0,439154,27,48,91,30,77,49
786,2020-02-25,7250.0,7305.0,7145.0,7205.0,216814,25,36,91,50,63,47
787,2020-02-26,7155.0,7255.0,6877.0,7165.0,380784,25,41,88,67,58,47
788,2020-02-27,7050.0,7080.0,6795.0,6830.0,272169,31,45,90,19,62,50
789,2020-02-28,6535.0,6815.0,6480.0,6815.0,454440,39,77,92,81,65,59
790,2020-03-02,7100.0,7115.0,6670.0,6785.0,489282,26,26,90,21,36,60
791,2020-03-03,6870.0,7155.0,6860.0,7090.0,511737,24,29,89,14,28,59
792,2020-03-04,7095.0,7229.375,7025.0,7200.0,202212,26,24,88,21,27,58
793,2020-03-05,7240.0,7315.0,7045.0,7150.0,199734,26,32,88,50,27,60
794,2020-03-06,6980.0,7000.0,6685.0,6715.0,191894,38,46,90,58,30,70
795,2020-03-09,6380.0,6420.0,6020.0,6285.0,328454,28,27,84,21,36,60
796,2020-03-10,6335.0,6525.0,6135.0,6150.0,386804,21,26,82,42,28,56
797,2020-03-11,6250.0,6315.0,6020.0,6055.0,298117,23,25,83,90,27,51
798,2020-03-12,5565.0,5810.0,5425.0,5505.0,373390,21,28,83,41,30,50
799,2020-03-13,5760.0,6209.5,5495.0,5900.0,331994,31,44,89,72,38,59
800,2020-03-16,5745.0,5955.0,5345.0,5935.0,521536,23,27,88,28,55,100
801,2020-03-17,6235.0,6580.0,5840.0,6560.0,309702,29,30,86,62,63,70
802,2020-03-18,6385.0,7020.0,6330.125,6530.0,391261,31,32,91,49,66,51
803,2020-03-19,6905.0,7034.9248046875,6205.0380859375,6365.0,317945,31,31,85,49,66,42
804,2020-03-20,6670.0,6745.0,6160.0,6160.0,795462,54,48,87,83,71,48
805,2020-03-23,5865.0,6078.1630859375,5790.0,5820.0,998582,41,38,91,52,100,30
806,2020-03-24,6095.0,6675.0,6025.0,6300.0,379152,43,39,88,68,99,29
807,2020-03-25,6460.0,6551.9169921875,6070.0,6445.0,669017,36,41,88,28,91,27
808,2020-03-26,6285.0,6505.0,6215.0,6495.0,290372,36,42,88,35,90,28
809,2020-03-27,6380.0,6530.0,6185.0,6240.0,201409,60,80,93,20,94,32
810,2020-03-30,6310.0,6505.02001953125,5990.0,6050.0,117125,34,41,89,26,93,23
811,2020-03-31,6060.0,6505.02001953125,5999.5,6060.0,231161,40,47,89,52,87,23
812,2020-04-01,5940.0,6158.0,5888.22509765625,6120.0,417468,42,41,87,35,90,62
813,2020-04-02,6018.0,6332.0,6018.0,6140.0,127128,45,47,86,64,91,67
814,2020-04-03,6136.0,6439.52001953125,6120.0,6372.0,178457,70,82,92,84,91,76
815,2020-04-06,6498.0,6752.0,6438.0,6548.0,123954,34,39,84,35,90,59
816,2020-04-07,6672.0,7016.0,6548.0,6600.0,186258,49,44,86,42,88,60
817,2020-04-08,6522.0,6784.0,6522.0,6632.0,110682,40,45,88,60,86,63
818,2020-04-09,6830.0,7558.0,6830.0,7558.0,829613,52,55,94,73,88,67
819,2020-04-14,7678.0,7993.490234375,7610.0,7854.0,396900,44,38,88,12,69,69
820,2020-04-15,7854.0,8186.0,7764.0,7764.0,296428,46,44,91,77,71,74
821,2020-04-16,7898.0,8186.0,7898.0,8034.0,305906,47,47,93,94,71,71
822,2020-04-17,8160.0,8202.0,7738.0,7784.0,384513,72,73,97,60,74,90
823,2020-04-20,7814.0,7913.14013671875,7670.83984375,7902.0,134389,40,42,90,52,67,69
824,2020-04-21,7854.0,7994.0,7760.0,7810.0,116747,43,44,89,75,62,66
825,2020-04-22,7866.0,7986.0,7848.0,7900.0,780240,43,43,91,88,62,73
826,2020-04-23,7698.0,7742.0,7476.0,7726.0,258047,43,45,91,51,61,68
827,2020-04-24,7640.0,7840.10986328125,7544.0,7760.0,297103,58,67,91,54,65,88
828,2020-04-27,7784.0,7824.0,7698.0,7796.0,116047,41,47,87,36,65,71
829,2020-04-28,7772.0,8016.0,7772.0,8016.0,666075,53,49,90,41,62,72
830,2020-04-29,8056.0,8074.0,7796.0,8024.0,393971,50,52,89,58,62,79
831,2020-04-30,8150.0,8176.0,7998.7470703125,8088.0,362514,49,52,88,50,61,79
832,2020-05-01,8038.0,8201.7001953125,7780.0,7816.0,40838,89,89,96,86,80,64
833,2020-05-04,7910.0,8044.0,7814.0,8004.0,253438,49,47,89,40,70,52
834,2020-05-05,8050.0,8182.0,7972.0,8110.0,266246,53,46,94,30,82,59
835,2020-05-06,8112.0,8248.0,8006.0,8218.0,101679,46,48,87,78,72,50
836,2020-05-07,8190.0,8604.0,8190.0,8604.0,289032,65,54,85,66,78,54
837,2020-05-11,8508.0,8836.0,8476.0,8836.0,136987,44,43,82,87,62,54
838,2020-05-12,8812.0,8832.0,8674.0,8700.0,187641,47,41,85,64,61,56
839,2020-05-13,8610.0,8782.0,8578.3505859375,8710.0,184297,50,49,87,32,66,57
840,2020-05-14,8660.0,8678.0,8426.0,8500.0,127137,51,46,87,56,64,63
841,2020-05-15,8620.0,8762.0,8456.0,8632.0,195681,76,70,91,82,69,71
842,2020-05-18,8842.0,8842.0,8622.0,8674.0,155035,51,42,89,73,61,61
843,2020-05-19,8698.0,8726.0,8532.6298828125,8574.0,191050,53,43,84,8,60,58
844,2020-05-20,8436.0,8620.0,8344.0,8612.0,912056,52,44,87,73,59,63
845,2020-05-21,8698.0,8750.0,8570.0,8612.0,197231,55,47,86,100,62,69
846,2020-05-22,8600.0,8898.0,8530.0,8866.0,258408,74,67,89,74,63,80
847,2020-05-26,8924.0,9000.0,8604.240234375,8706.0,976692,52,40,81,65,57,64
848,2020-05-27,8792.0,8792.0,8484.599609375,8606.0,307569,47,43,84,25,59,66
849,2020-05-28,8680.0,8770.0,8600.0,8706.0,180962,49,48,87,33,58,73
850,2020-05-29,8650.0,8918.0,8650.0,8750.0,1868324,68,64,85,76,57,79
851,2020-06-01,8820.0,8859.4599609375,8674.0,8676.0,73782,52,53,81,52,83,55
852,2020-06-02,8634.0,8956.0,8616.5595703125,8956.0,730156,51,54,80,52,84,55
853,2020-06-03,9114.0,9114.0,8842.0,9036.0,170173,48,57,85,33,88,58
854,2020-06-04,8964.0,9104.0,8918.0,8994.0,154544,59,57,82,90,85,60
855,2020-06-05,9082.0,9168.0,8772.0,8794.0,163840,78,81,90,68,93,70
856,2020-06-08,8764.0,8764.0,8502.0,8640.0,135951,49,47,82,49,83,68
857,2020-06-09,8644.0,8812.0,8564.0,8774.0,206442,53,50,81,8,80,61
858,2020-06-10,8812.0,9030.0,7140.0,7626.0,1103390,58,58,86,70,84,66
859,2020-06-11,7620.0,7910.0,7314.0,7392.0,1774036,72,58,89,9,85,69
860,2020-06-12,7436.0,7691.85009765625,7354.080078125,7376.0,495778,83,79,88,92,90,79
861,2020-06-15,7252.0,7795.85009765625,7186.0,7222.0,419918,51,44,86,44,80,68
862,2020-06-16,7370.0,7674.0,7344.0,7674.0,341394,48,46,86,77,81,66
863,2020-06-17,7808.0,7914.0,7656.0,7860.0,318706,49,56,85,44,78,69
864,2020-06-18,7834.0,7851.72509765625,7718.0,7718.0,336020,61,53,87,26,85,70
865,2020-06-19,7778.0,7890.0,7700.162109375,7828.0,613223,80,79,87,73,86,84
866,2020-06-22,7820.0,7952.0,7760.0,7858.0,357609,47,45,84,36,75,71
867,2020-06-23,7996.0,8274.0,7904.77001953125,8244.0,179056,56,46,87,72,78,70
868,2020-06-24,8262.0,8350.0,8070.0,8170.0,621995,51,50,86,55,80,70
869,2020-06-25,8130.0,8310.0,8032.0,8310.0,283291,55,52,86,100,83,71
870,2020-06-26,8346.0,8464.0,8039.5498046875,8438.0,226550,82,77,89,65,85,84
871,2020-06-29,8490.0,8638.0,8436.0,8630.0,274722,50,50,86,27,80,74
872,2020-06-30,8570.0,8622.0,8400.2177734375,8442.0,538496,58,54,84,55,78,68
873,2020-07-01,8442.0,8550.0,8124.0,8372.0,290835,49,51,80,47,81,64
874,2020-07-02,8442.0,8490.0,8348.0,8488.0,142170,48,59,79,39,87,69
875,2020-07-03,8504.0,8692.0,8504.0,8600.0,141818,78,96,84,16,88,74
876,2020-07-06,8764.0,8892.0,8588.0,8840.0,147004,50,51,80,31,79,68
877,2020-07-07,9008.0,9008.0,8636.0,8698.0,143605,52,54,77,53,78,69
878,2020-07-08,8632.0,8668.0,8530.0,8530.0,176028,51,53,80,16,80,65
879,2020-07-09,8626.0,8626.0,8448.0,8488.0,300573,56,52,76,94,85,66
880,2020-07-10,8462.0,8520.0,8382.0,8404.0,58783,66,80,81,75,84,78
881,2020-07-13,8470.0,8518.0,8357.2099609375,8494.0,90857,47,47,77,32,79,68
882,2020-07-14,8362.0,8454.0,8256.0,8354.0,236409,55,50,78,56,79,68
883,2020-07-15,8394.0,8514.0,8356.0,8384.0,139886,50,56,78,56,77,64
884,2020-07-16,8350.0,8382.0,8186.0,8186.0,149520,46,55,79,24,83,66
885,2020-07-17,8312.0,8448.0,8264.0,8404.0,759939,67,80,82,67,86,77
886,2020-07-20,8412.0,8476.0,8348.0,8390.0,109035,46,51,76,48,74,67
887,2020-07-21,8520.0,8600.0,8422.0,8442.0,179470,54,49,81,33,78,68
888,2020-07-22,8444.0,8528.0,8410.0,8464.0,130040,49,55,78,48,77,64
889,2020-07-23,8556.0,8584.0,8396.0,8420.0,94184,59,54,84,24,82,71
890,2020-07-24,8224.0,8286.0,8062.0,8166.0,232976,75,70,92,100,83,81
891,2020-07-27,8250.0,8358.0,8244.0,8310.0,134852,48,52,81,48,77,73
892,2020-07-28,8388.0,8534.0,8356.0,8382.0,194906,54,51,79,32,77,67
893,2020-07-29,8366.0,8516.0,8348.0,8410.0,105349,47,53,80,81,76,70
894,2020-07-30,8392.0,8402.0,8132.0,8214.0,75316,54,53,78,57,81,73
895,2020-07-31,8260.0,8352.0,8206.0,8250.0,250195,71,89,85,35,83,83
896,2020-08-03,8446.0,8636.0,8326.0,8576.0,157283,69,56,90,25,76,75
897,2020-08-04,8604.0,8670.1748046875,8454.0,8514.0,64262,67,60,87,40,75,69
898,2020-08-05,8656.0,8663.37890625,8536.0,8658.0,76470,57,54,84,40,72,67
899,2020-08-06,8606.0,8720.0,8586.0,8720.0,117587,61,56,86,57,76,69
900,2020-08-07,8676.0,8862.0,8628.0,8802.0,290139,75,79,90,17,81,74
901,2020-08-10,8824.0,8824.0,8590.169921875,8628.0,306433,58,52,87,73,71,74
902,2020-08-11,8510.0,8759.880859375,8510.0,8678.0,304891,66,54,86,89,75,67
903,2020-08-12,8752.0,9256.0,8700.990234375,8998.0,445308,53,51,83,40,70,69
904,2020-08-13,8966.0,9259.1923828125,8966.0,9122.0,148595,59,56,90,25,81,67
905,2020-08-14,9134.0,9288.0,8920.0,8938.0,170296,67,72,89,100,76,75
906,2020-08-17,8978.0,9050.0,8906.0,9036.0,64419,55,49,89,16,72,71
907,2020-08-18,8952.0,9176.0,8952.0,9062.0,51122,58,45,86,56,71,69
908,2020-08-19,9104.0,9126.0,8944.0,9024.0,73375,50,53,85,32,70,69
909,2020-08-20,8988.0,9038.0,8848.0,8876.0,122562,58,62,87,58,77,69
910,2020-08-21,8850.0,8962.0,8844.0,8890.0,134353,70,78,89,67,78,77
911,2020-08-24,8944.0,9072.0,8808.0,8810.0,118832,53,54,84,32,66,67
912,2020-08-25,8836.0,8836.0,8620.0,8684.0,185188,60,56,86,63,69,69
913,2020-08-26,8680.0,8736.0,8620.4599609375,8730.0,121142,57,53,88,32,67,66
914,2020-08-27,8692.0,8742.0,8530.0,8580.0,353902,62,62,87,8,75,66
915,2020-08-28,8580.0,8582.0,8356.0,8414.0,73880,76,88,87,17,75,73
916,2020-09-01,8326.0,8458.0,8280.0,8376.0,110715,64,50,86,61,71,60
917,2020-09-02,8558.0,8566.0,8324.0,8342.0,330108,51,47,90,68,72,62
918,2020-09-03,8374.0,8392.0,8116.0,8130.0,595467,57,46,89,68,76,63
919,2020-09-04,8072.0,8188.0,7840.0,7888.0,666792,72,78,93,39,81,77
920,2020-09-07,7972.0,8262.0,7968.0,8254.0,90843,52,45,94,70,74,80
921,2020-09-08,8248.0,8258.0,8058.0,8258.0,317679,55,48,87,30,70,56
922,2020-09-09,8280.0,8398.0,8260.0,8298.0,276725,52,49,87,30,69,57
923,2020-09-10,8326.0,8387.384765625,8204.0,8384.0,180899,55,46,90,22,78,60
924,2020-09-11,8344.0,8426.9501953125,8324.0,8332.0,127151,68,73,94,100,71,69
925,2020-09-14,8374.0,8410.0,8301.3623046875,8368.0,135436,49,45,86,52,68,57
926,2020-09-15,8206.0,8614.0,8206.0,8422.0,513163,50,45,90,37,69,57
927,2020-09-16,8624.0,8624.0,8242.0,8248.0,109891,54,47,88,76,70,57
928,2020-09-17,8178.0,8350.0,8078.0,8350.0,739961,49,50,89,30,74,57
929,2020-09-18,8520.0,8520.0,8252.0,8428.0,368802,74,71,92,39,71,71
930,2020-09-21,8350.0,8656.974609375,8350.0,8544.0,333324,49,44,86,59,66,54
931,2020-09-22,8590.0,8917.400390625,8588.0,8728.0,482500,66,42,84,22,69,53
932,2020-09-23,8844.0,8868.7578125,8712.0,8750.0,454776,52,48,90,44,73,56
933,2020-09-24,8628.0,8718.0,8568.0,8668.0,445450,56,47,87,45,74,61
934,2020-09-25,8658.0,8694.0,8598.8203125,8600.0,397758,73,84,93,56,82,71
935,2020-09-28,8850.0,8874.0,8634.0,8634.0,234341,59,43,85,31,72,56
936,2020-09-29,8700.0,8794.0,8630.0,8750.0,495062,65,47,84,61,74,54
937,2020-09-30,8764.0,8772.0,8652.0,8692.0,385679,58,49,83,30,71,56
938,2020-10-01,8668.0,8766.0,8528.0,8750.0,486588,63,51,90,37,81,64
939,2020-10-02,8768.0,8822.0,8616.0,8758.0,165150,80,80,89,69,81,80
940,2020-10-05,8770.0,8828.0,8618.0,8732.0,543712,52,39,86,29,71,60
941,2020-10-06,8740.0,8826.0,8682.0,8690.0,474856,54,38,87,0,74,58
942,2020-10-07,8608.0,8778.0,8592.0,8704.0,355885,59,43,89,59,72,61
943,2020-10-08,8728.0,8766.0,8626.0,8692.0,365020,60,49,87,44,78,65
944,2020-10-09,8732.0,8814.0,8586.8203125,8798.0,242442,67,72,92,32,80,74
945,2020-10-12,8924.0,8924.0,8708.0,8890.0,209501,42,44,88,39,76,61
946,2020-10-13,8882.0,9032.0,8830.0,8842.0,255719,52,44,86,31,73,58
947,2020-10-14,9146.0,9410.0,9126.9677734375,9404.0,307565,47,50,86,100,72,60
948,2020-10-15,9424.0,9600.0,9360.0,9598.0,212047,55,53,87,23,77,64
949,2020-10-16,9820.0,10050.0,9810.71484375,9980.0,452008,74,74,95,24,81,73
950,2020-10-19,10020.0,10020.0,9790.0,9918.0,306930,50,46,82,38,74,55
951,2020-10-20,9892.0,9892.0,9728.0,9750.0,219829,52,40,83,54,75,54
952,2020-10-21,9772.0,9772.0,9384.0,9390.0,792663,49,47,86,38,72,56
953,2020-10-22,9334.0,9408.0,9172.0,9324.0,233672,53,51,87,31,77,59
954,2020-10-23,9306.0,9332.0,9162.0,9174.0,170006,69,76,89,65,85,74
955,2020-10-26,9100.0,9315.3095703125,8948.0,8972.0,170223,47,49,83,38,75,55
956,2020-10-27,8944.0,9054.0,8880.0,9004.0,126073,52,54,83,15,75,53
957,2020-10-28,8868.0,9078.0,8800.0,8800.0,958905,51,52,83,23,74,54
958,2020-10-29,8850.0,8966.0,8788.2548828125,8800.0,474102,61,57,87,47,78,60
959,2020-10-30,8808.0,8902.0,8548.0,8568.0,367631,75,80,88,40,81,66
960,2020-11-02,8646.0,8902.0,8610.650390625,8762.0,201080,45,50,86,58,73,69
961,2020-11-03,8720.0,8768.0,8593.314453125,8636.0,202378,54,48,82,21,69,62
962,2020-11-04,8700.0,9048.3427734375,8700.0,9006.0,299926,40,43,68,6,58,53
963,2020-11-05,9086.0,9392.0,9078.0,9290.0,228503,51,46,75,19,67,62
964,2020-11-06,9206.0,9234.25,9038.0,9216.0,168650,61,77,81,34,70,74
965,2020-11-09,9272.0,9322.0,8218.0,8392.0,606421,41,41,83,35,69,63
966,2020-11-10,8326.0,8368.0,7946.615234375,8110.0,533902,53,46,81,42,73,65
967,2020-11-11,8082.0,8444.0,8006.0,8414.0,406332,46,49,85,42,76,73
968,2020-11-12,8634.0,8634.0,8365.689453125,8408.0,119011,52,52,82,71,80,69
969,2020-11-13,8422.0,8570.0,8368.0,8414.0,199963,73,80,88,59,86,79
970,2020-11-16,8502.0,8502.0,8086.0,8134.0,754702,42,43,84,42,71,61
971,2020-11-17,8218.0,8264.0,8100.0,8152.0,313517,45,44,86,21,74,60
972,2020-11-18,8188.0,8266.0,8030.0,8030.0,192376,46,49,83,14,72,61
973,2020-11-19,8020.0,8216.0,7992.0,8052.0,515304,50,48,87,100,79,64
974,2020-11-20,8070.0,8118.0,8038.0,8070.0,201034,68,87,85,58,82,75
975,2020-11-23,8028.0,8088.0,7798.0,7798.0,150077,38,46,89,86,71,63
976,2020-11-24,7794.0,7850.0,7658.0,7680.0,617330,50,42,87,28,74,61
977,2020-11-25,7642.0,7806.0,7642.0,7758.0,182308,42,48,89,56,72,66
978,2020-11-26,7870.0,7886.0,7760.0,7820.0,174740,48,53,99,71,72,80
979,2020-11-27,7914.0,7920.0,7742.0,7920.0,515744,66,80,81,42,73,68
980,2020-11-30,7862.0,8116.0,7862.0,7960.0,334930,40,43,82,41,72,60
981,2020-12-01,7920.0,8112.0,7888.0,8030.0,168534,39,44,73,80,70,42
982,2020-12-02,7988.0,8116.0,7988.0,8030.0,308085,42,51,76,44,69,41
983,2020-12-03,7950.0,8076.0,7776.0,7790.0,342455,39,52,78,27,75,44
984,2020-12-04,7820.0,7832.0,7654.0,7696.0,352593,54,80,81,82,76,49
985,2020-12-07,7744.0,7860.0,7640.0,7644.0,267443,36,44,72,44,70,44
986,2020-12-08,7610.0,7666.0,7514.0,7532.0,227576,45,49,75,52,67,41
987,2020-12-09,7612.0,8084.0,7546.0,8084.0,247084,38,47,78,53,70,42
988,2020-12-10,8078.0,8185.52001953125,7844.0,7844.0,345631,46,52,76,9,75,46
989,2020-12-11,7904.0,8022.0,7904.0,7926.0,314399,52,78,79,55,75,55
990,2020-12-14,7942.0,7986.0,7854.0,7948.0,221279,35,42,76,45,71,46
991,2020-12-15,7972.0,8060.06494140625,7743.9599609375,7860.0,380237,38,43,79,63,73,43
992,2020-12-16,7882.0,7914.0,7718.0,7758.0,428543,39,50,77,45,77,43
993,2020-12-17,7868.0,7868.0,7704.0,7810.0,112227,49,53,77,45,78,47
994,2020-12-18,7930.0,8090.0,7828.0,7970.0,260981,62,83,80,19,84,55
995,2020-12-21,8128.0,8272.7001953125,7828.0,8120.0,409030,43,53,79,47,83,47
996,2020-12-22,8058.0,8242.0,8002.9599609375,8194.0,312584,45,54,81,38,83,48
997,2020-12-23,8178.0,8188.0,7964.0,8000.0,116011,54,60,79,87,82,47
998,2020-12-24,8046.0,8076.34423828125,8008.0,8054.0,26441,54,79,88,42,84,56
999,2020-12-29,8414.0,8422.0,8214.0,8214.0,151162,59,67,80,57,77,55
1000,2020-12-30,8224.0,8298.0,8166.0,8272.0,97408,72,69,82,87,73,55
1001,2020-12-31,8122.0,8316.48046875,8122.0,8260.0,61075,100,100,96,51,83,65
1002,2021-01-04,8346.0,8498.0,8100.02001953125,8488.0,316702,61,44,78,33,81,51
1003,2021-01-05,8426.0,8736.0,8400.0,8734.0,242107,62,42,79,57,84,50
1004,2021-01-06,8744.0,8756.0,8488.0,8580.0,718194,48,44,77,65,81,49
1005,2021-01-07,8622.0,8714.0,8506.0,8688.0,503210,50,44,77,24,83,52
1006,2021-01-08,8732.0,9042.0,8640.0,8992.0,401424,78,67,82,66,87,63
1007,2021-01-11,9200.0,9204.0,8964.0,9038.0,442316,44,36,74,23,77,50
1008,2021-01-12,9026.0,9158.0,8885.3349609375,9070.0,258662,42,43,80,32,83,50
1009,2021-01-13,9050.0,9050.0,8464.0,8676.0,658919,56,44,81,8,82,54
1010,2021-01-14,8706.0,8706.0,8272.0,8280.0,457784,54,45,81,42,87,57
1011,2021-01-15,8240.0,8240.0,7814.0,7872.0,436158,80,76,81,42,89,66
1012,2021-01-18,8058.0,8058.0,7798.0,7814.0,235002,47,41,80,41,83,57
1013,2021-01-19,7840.0,7890.0,7724.0,7856.0,274908,44,40,77,24,81,49
1014,2021-01-20,7912.0,8018.0,7830.0,8010.0,384454,48,43,74,39,77,47
1015,2021-01-21,8100.0,8444.0,8026.0,8400.0,554678,51,44,79,65,79,55
1016,2021-01-22,8400.0,8588.0,8332.0,8550.0,208326,76,74,83,42,90,67
1017,2021-01-25,8594.0,8604.0,8394.0,8422.0,277705,49,43,77,40,78,53
1018,2021-01-26,8452.0,8480.0,8120.0,8120.0,410827,43,39,77,32,84,53
1019,2021-01-27,8164.0,8164.0,7720.0,7930.0,820697,46,40,79,48,81,51
1020,2021-01-28,7764.0,8136.0,7722.0,8050.0,1062462,48,52,78,8,83,53
1021,2021-01-29,8134.0,8502.0,8050.0,8372.0,341175,82,71,82,100,87,65
1022,2021-02-01,8276.0,8498.0,8276.0,8414.0,218764,28,43,80,33,73,43
1023,2021-02-02,8444.0,8444.0,8122.0,8134.0,1499160,31,48,84,88,73,41
1024,2021-02-03,8200.0,8226.0,8098.0,8194.0,1307648,26,45,84,55,71,43
1025,2021-02-04,8076.0,8270.0,7876.0,7930.0,698149,32,52,87,22,75,46
1026,2021-02-05,8006.0,8082.0,7880.0,7950.0,461487,45,80,92,91,76,54
1027,2021-02-08,7930.0,7990.0,7816.0,7904.0,169476,29,44,80,0,73,42
1028,2021-02-09,7886.0,7938.130859375,7756.0,7766.0,524669,29,52,83,11,78,46
1029,2021-02-10,7794.0,7828.0,7562.0,7620.0,303119,33,46,84,66,81,49
1030,2021-02-11,7606.0,7918.0,7606.0,7736.0,229029,35,51,85,55,81,52
1031,2021-02-12,7686.0,7978.0,7624.0,7930.0,353357,48,80,90,35,90,65
1032,2021-02-15,7980.0,7996.0,7818.0,7838.0,120318,30,43,86,90,78,59
1033,2021-02-16,7864.0,7866.0,7734.0,7742.0,250302,25,49,83,77,73,46
1034,2021-02-17,7708.0,7766.0,7562.0,7562.0,194261,29,46,85,33,73,46
1035,2021-02-18,7694.0,7694.0,7468.0,7540.0,198069,32,52,85,33,74,47
1036,2021-02-19,7562.0,7682.0,7490.0,7508.0,274918,48,78,90,57,73,58
1037,2021-02-22,7462.0,7462.0,7164.0,7166.0,249036,26,40,83,42,64,46
1038,2021-02-23,7194.0,7242.0,6834.0,7032.0,370186,28,45,84,44,65,47
1039,2021-02-24,6926.0,7138.0,6840.0,6956.0,657652,31,44,84,32,67,48
1040,2021-02-25,6980.0,7082.0,6938.0,7046.0,113836,30,48,85,88,66,49
1041,2021-02-26,6924.0,7018.0,6790.0,6914.0,382372,47,81,87,68,70,60
1042,2021-03-01,7026.0,7124.0,6922.0,6946.0,349615,33,49,80,60,75,48
1043,2021-03-02,6942.0,7094.0,6912.0,6912.0,322761,38,54,80,83,75,47
1044,2021-03-03,6994.0,7048.0,6706.0,6770.0,266122,38,50,80,60,85,51
1045,2021-03-04,6676.0,6728.0,6520.0,6562.0,504791,45,55,82,96,83,54
1046,2021-03-05,6466.0,6570.36083984375,6360.0,6382.0,326473,62,81,82,12,81,68
1047,2021-03-08,6386.0,6708.0,6326.0,6682.0,286639,44,48,80,84,80,50
1048,2021-03-09,6676.0,6888.0,6588.0,6844.0,323638,35,52,80,24,75,52
1049,2021-03-10,7144.0,7286.0,6684.0,7262.0,767935,37,51,79,23,81,50
1050,2021-03-11,7288.0,7489.2001953125,7278.0,7446.0,490546,39,58,80,74,86,54
1051,2021-03-12,7382.0,7506.0,7324.0,7324.0,305066,57,79,84,63,87,68
1052,2021-03-15,7398.0,7442.0,7256.0,7340.0,122614,34,39,77,68,77,54
1053,2021-03-16,7400.0,7400.0,7182.0,7182.0,213339,36,43,83,41,82,58
1054,2021-03-17,7144.0,7182.78515625,6974.0,6992.0,376484,38,46,83,35,83,56
1055,2021-03-18,7022.0,7108.0,6872.0,6876.0,229210,40,50,83,12,86,62
1056,2021-03-19,6842.0,6892.0,6722.0,6864.0,416708,54,76,85,74,88,75
1057,2021-03-22,6876.0,6926.0,6798.0,6910.0,183165,37,44,79,60,80,57
1058,2021-03-23,6814.0,6990.0,6790.0,6862.0,269923,37,44,80,24,77,54
1059,2021-03-24,6842.0,6848.0,6660.0,6660.0,314142,37,50,82,48,85,56
1060,2021-03-25,6684.0,6710.39990234375,6522.0,6694.0,251758,38,53,84,61,83,58
1061,2021-03-26,6738.0,6812.0,6694.0,6772.0,172736,63,98,86,100,90,75
1062,2021-03-29,6778.0,6818.0,6616.0,6672.0,207920,39,47,84,74,83,61
1063,2021-03-30,6650.0,6681.2001953125,6606.0,6636.0,269274,37,48,86,37,90,59
1064,2021-03-31,6600.0,6722.81005859375,6422.0,6688.0,364296,43,63,87,50,94,62
1065,2021-04-01,6706.0,6911.0,6624.0,6893.0,211279,65,73,89,23,94,69
1066,2021-04-06,6875.0,6895.0,6760.0,6820.0,154207,43,54,82,31,80,60
1067,2021-04-07,6846.0,7203.0,6824.0,7165.0,529619,50,50,84,31,79,63
1068,2021-04-08,7239.0,7288.5830078125,7164.0,7202.0,304129,50,50,85,85,87,65
1069,2021-04-09,7221.0,7250.0,7131.0,7225.0,142626,68,83,87,64,84,77
1070,2021-04-12,7255.0,7380.0,7131.0,7354.0,258320,46,45,83,32,79,63
1071,2021-04-13,7331.0,7859.0,7316.39990234375,7855.0,383598,47,52,84,32,73,60
1072,2021-04-14,7876.0,7984.0,7732.0,7904.0,374455,44,47,81,42,81,60
1073,2021-04-15,7885.0,8016.0,7853.0,7974.0,182519,48,54,86,21,79,63
1074,2021-04-16,8057.0,8097.0,7832.0,7883.0,309286,67,77,94,100,84,75
1075,2021-04-19,7711.0,8087.0,7711.0,7973.0,393380,39,47,85,32,79,60
1076,2021-04-20,7977.0,7999.0,7817.7998046875,7930.0,194542,40,46,82,42,75,58
1077,2021-04-21,7802.0,7802.0,7517.0,7716.0,701888,40,44,86,53,82,73
1078,2021-04-22,7729.0,7865.0,7676.0,7857.0,304898,45,49,83,53,81,62
1079,2021-04-23,7886.0,7999.14013671875,7776.0,7975.0,225310,59,78,88,11,86,75
1080,2021-04-26,7913.0,8008.0,7818.0,7818.0,360231,40,40,84,42,79,59
1081,2021-04-27,7786.0,7871.0,7666.0,7718.0,314656,47,50,86,53,76,62
1082,2021-04-28,7657.0,7764.0,7600.0,7600.0,249362,41,47,84,42,84,60
1083,2021-04-29,7560.0,7716.0,7438.60009765625,7463.0,212398,49,53,85,74,82,65
1084,2021-04-30,7343.0,7633.0,7333.31787109375,7495.0,472443,71,93,91,33,88,79
1085,2021-05-04,7453.0,7474.0,7256.0,7270.0,615273,45,48,81,63,78,56
1086,2021-05-05,7125.0,7200.0,7073.81005859375,7181.0,249335,49,43,85,11,81,60
1087,2021-05-06,7121.0,7196.0,7065.0,7101.0,282550,55,52,82,32,88,63
1088,2021-05-07,7201.0,7234.0,6983.60791015625,7111.0,269565,76,72,90,68,89,71
1089,2021-05-10,7023.0,7072.0,6836.0,6874.0,245156,47,39,80,22,73,59
1090,2021-05-11,6790.0,6903.0,6727.0,6814.0,382409,47,47,78,42,69,56
1091,2021-05-12,6668.0,6804.0,6241.0,6247.0,645442,50,45,78,32,71,56
1092,2021-05-13,6209.0,6297.546875,5964.0,6231.0,506569,49,55,82,89,75,62
1093,2021-05-14,6273.0,6285.0,6116.0,6227.0,340699,78,78,86,58,72,72
1094,2021-05-17,6251.0,6350.0,6143.0,6159.0,415709,41,44,82,32,69,61
1095,2021-05-18,6146.0,6311.0,6020.0,6265.0,867825,38,42,83,32,68,61
1096,2021-05-19,6265.0,6265.0,6064.0,6150.0,372101,45,45,80,74,71,61
1097,2021-05-20,6220.0,6353.0,6135.0,6306.0,439888,46,52,81,65,74,62
1098,2021-05-21,6347.0,6398.0,6189.92578125,6190.0,309872,75,77,87,100,73,76
1099,2021-05-24,6253.0,6253.0,6125.0,6191.0,309690,47,45,84,44,67,68
1100,2021-05-25,6241.0,6479.0,6218.0,6471.0,375081,44,47,81,33,69,65
1101,2021-05-26,6490.0,6520.0,6440.0,6473.0,228391,51,46,84,22,71,63
1102,2021-05-27,6394.0,6419.0,6289.0,6388.0,488394,47,51,84,22,70,63
1103,2021-05-28,6529.0,6529.0,6364.0,6371.0,275826,73,81,90,80,77,80
1104,2021-06-01,6350.0,6532.18994140625,6350.0,6378.0,238931,56,60,81,37,91,58
1105,2021-06-02,6380.0,6426.3798828125,6227.0,6284.0,411286,58,58,80,37,97,60
1106,2021-06-03,6372.0,6372.0,6227.0,6285.0,191413,58,57,83,38,90,61
1107,2021-06-04,6235.0,6437.0,6235.0,6411.0,332844,69,84,86,52,91,74
1108,2021-06-07,6431.0,6431.0,6312.0,6387.0,458382,43,53,83,12,87,59
1109,2021-06-08,6477.0,6670.0,6398.0,6579.0,518308,46,47,81,37,85,61
1110,2021-06-09,6567.0,6827.0,6567.0,6696.0,633657,43,52,83,62,84,62
1111,2021-06-10,6661.0,6754.0,6545.0,6625.0,2833167,61,54,83,38,97,68
1112,2021-06-11,6563.0,6563.0,6421.0,6491.0,2018308,74,86,87,64,90,76
1113,2021-06-14,6555.0,6631.0,6318.0,6361.0,9289797,51,59,82,49,85,66
1114,2021-06-15,6489.0,6593.0,6373.0,6463.0,831717,48,54,83,49,85,66
1115,2021-06-16,6534.0,6578.0,6413.0,6526.0,587000,54,58,84,50,90,66
1116,2021-06-17,6472.0,6490.0,6284.0,6490.0,1420846,49,58,85,75,86,68
1117,2021-06-18,6484.0,6524.0,6393.0,6436.0,2137578,76,85,89,92,94,77
1118,2021-06-21,6461.0,6463.0,6366.0,6449.0,820330,52,54,82,13,84,67
1119,2021-06-22,6370.0,6494.0,6233.0,6481.0,1176731,49,57,82,13,83,65
1120,2021-06-23,6497.0,6516.0,6389.0,6402.0,1217700,47,57,82,62,83,64
1121,2021-06-24,6435.0,6573.0,6326.0,6573.0,1668780,55,65,84,26,96,71
1122,2021-06-25,6576.0,6669.0,6550.0,6586.0,1249583,70,85,87,39,89,84
1123,2021-06-28,6584.0,6629.0,6509.0,6618.0,1616588,52,57,85,76,86,72
1124,2021-06-29,6674.0,6880.0,6669.0,6875.0,2052605,53,70,84,75,87,67
